file_name,doc_id,org,org_type,title,date,date_int,doc_type,field_tags,layer,source_url,retrieved_at,status,policy_tags,doc_nature
keidanren_2026_037.pdf,keidanren_2026_037,keidanren,経済団体,2026年夏季賞与・一時金 大手企業業種別妥結状況,2026-07-02,20260702,資料,労働,公開,https://www.keidanren.or.jp/policy/2026/037.pdf,2026-07-05,ok,労働・雇用,内部調査・会員アンケート
keidanren_2026_030.pdf,keidanren_2026_030,keidanren,経済団体,2026年春季労使交渉・大手企業業種別回答状況,2026-05-27,20260527,資料,労働,公開,https://www.keidanren.or.jp/policy/2026/030.pdf,2026-07-05,ok,労働・雇用,内部調査・会員アンケート
keidanren_2026_031.pdf,keidanren_2026_031,keidanren,経済団体,EUにおけるPFAS規制案へのコメント,2026-05-22,20260522,意見,環境,公開,https://www.keidanren.or.jp/policy/2026/031.pdf,2026-09-03,ok,エネルギー・環境|通商・国際経済・国際協力|産業政策・成長戦略,主張・提言
keidanren_2026_022.pdf,keidanren_2026_022,keidanren,経済団体,科学技術立国戦略,2026-05-19,20260519,提言,産業技術,公開,https://www.keidanren.or.jp/policy/2026/022_honbun.pdf,2026-09-03,ok,イノベーション・科学技術・スタートアップ|産業政策・成長戦略|人材・教育,主張・提言
keidanren_2026_029.pdf,keidanren_2026_029,keidanren,経済団体,報告書「若年社員の活躍推進における5つの課題と対応策」,2026-05-19,20260519,報告書,労働,公開,https://www.keidanren.or.jp/policy/2026/029_honbun.pdf,2026-09-03,ok,人材・教育|労働・雇用,主張・提言
keidanren_2026_027.pdf,keidanren_2026_027,keidanren,経済団体,会社法制（株式・株主総会等関係）の見直しに関する中間試案に対する意見,2026-05-19,20260519,意見,経済基盤,公開,https://www.keidanren.or.jp/policy/2026/027_honbun.pdf,2026-09-03,ok,企業経営・ガバナンス・サステナビリティ|行政改革・規制改革,主張・提言
keidanren_2026_026.pdf,keidanren_2026_026,keidanren,経済団体,防衛生産・技術基盤の抜本的強化に向けて,2026-05-19,20260519,提言,産業技術,公開,https://www.keidanren.or.jp/policy/2026/026_honbun.pdf,2026-09-03,ok,外交・安全保障・経済安全保障|産業政策・成長戦略|イノベーション・科学技術・スタートアップ,主張・提言
keidanren_2026_024.pdf,keidanren_2026_024,keidanren,経済団体,Society 5.0時代のヘルスケアV,2026-05-19,20260519,提言,産業技術,公開,https://www.keidanren.or.jp/policy/2026/024_honbun.pdf,2026-09-03,ok,社会保障（年金・医療・介護）|デジタル・情報通信|イノベーション・科学技術・スタートアップ,主張・提言
keidanren_2026_023.pdf,keidanren_2026_023,keidanren,経済団体,裁量労働制の拡充を求める,2026-05-19,20260519,提言,労働,公開,https://www.keidanren.or.jp/policy/2026/023_honbun.pdf,2026-09-03,ok,労働・雇用|行政改革・規制改革,主張・提言
keidanren_2026_028.pdf,keidanren_2026_028,keidanren,経済団体,第2回日印経済安全保障対話 提出資料,2026-05-11,20260511,提言,地域,公開,https://www.keidanren.or.jp/policy/2026/028_siryo1.pdf,2026-09-03,ok,外交・安全保障・経済安全保障|通商・国際経済・国際協力|産業政策・成長戦略,主張・提言
keidanren_2026_019.pdf,keidanren_2026_019,keidanren,経済団体,育成から飛躍へ：スタートアップ育成5か年計画の先を見据えた基本戦略,2026-04-14,20260414,提言,産業技術,公開,https://www.keidanren.or.jp/policy/2026/019_honbun.pdf,2026-09-03,ok,イノベーション・科学技術・スタートアップ|産業政策・成長戦略,主張・提言
keidanren_2026_016.pdf,keidanren_2026_016,keidanren,経済団体,HR部門におけるAI等の活用に関する報告書,2026-04-14,20260414,報告書,労働,公開,https://www.keidanren.or.jp/policy/2026/016.pdf,2026-09-03,ok,労働・雇用|デジタル・情報通信|人材・教育,内部調査・会員アンケート
keidanren_2026_018.pdf,keidanren_2026_018,keidanren,経済団体,税・財政・社会保障一体改革に関する基本的考え方,2026-04-14,20260414,提言,経済政策,公開,https://www.keidanren.or.jp/policy/2026/018_honbun.pdf,2026-09-03,ok,税制・財政|社会保障（年金・医療・介護）|マクロ経済・経済財政運営,主張・提言
keidanren_2026_020.pdf,keidanren_2026_020,keidanren,経済団体,「特定荷主が物品の運送又は保管を委託する場合の特定の不公正な取引方法」改正案等に対する意見,2026-04-13,20260413,意見,経済基盤,公開,https://www.keidanren.or.jp/policy/2026/020.pdf,2026-09-03,ok,行政改革・規制改革|産業政策・成長戦略|中小企業,主張・提言
keidanren_2026_015.pdf,keidanren_2026_015,keidanren,経済団体,2025年度 カーボンニュートラル行動計画 第三者評価委員会 評価報告書,2026-03-30,20260330,報告書,環境,公開,https://www.keidanren.or.jp/policy/2026/015.pdf,2026-09-03,ok,エネルギー・環境|産業政策・成長戦略,外部・第三者資料
keidanren_2026_013.pdf,keidanren_2026_013,keidanren,経済団体,循環型社会形成自主行動計画,2026-03-17,20260317,提言,環境,公開,https://www.keidanren.or.jp/policy/2026/013_gaiyo.pdf,2026-09-03,ok,エネルギー・環境|産業政策・成長戦略,内部調査・会員アンケート
keidanren_2026_012.pdf,keidanren_2026_012,keidanren,経済団体,資源安全保障に資するサーキュラーエコノミー推進に関する提言,2026-03-17,20260317,提言,環境,公開,https://www.keidanren.or.jp/policy/2026/012_honbun.pdf,2026-09-03,ok,エネルギー・環境|外交・安全保障・経済安全保障|産業政策・成長戦略,主張・提言
keidanren_2026_011.pdf,keidanren_2026_011,keidanren,経済団体,わが国ロボット（AI＋）戦略のあり方に関する提言,2026-03-17,20260317,提言,産業政策,公開,https://www.keidanren.or.jp/policy/2026/011_honbun.pdf,2026-09-03,ok,産業政策・成長戦略|イノベーション・科学技術・スタートアップ|デジタル・情報通信,主張・提言
keidanren_2026_014.pdf,keidanren_2026_014,keidanren,経済団体,サーキュラーエコノミー訪欧ミッション報告,2026-02-17,20260217,提言,環境,公開,https://www.keidanren.or.jp/policy/2026/014.pdf,2026-09-03,ok,エネルギー・環境|通商・国際経済・国際協力|産業政策・成長戦略,活動記録
keidanren_2026_007.pdf,keidanren_2026_007,keidanren,経済団体,大学等との産学連携に関するアンケート結果（最終版）,2026-02-17,20260217,資料,企業社会,公開,https://www.keidanren.or.jp/policy/2026/007_kekka.pdf,2026-09-03,ok,人材・教育|イノベーション・科学技術・スタートアップ,内部調査・会員アンケート
keidanren_2026_006.pdf,keidanren_2026_006,keidanren,経済団体,社会実装を見据えた産学連携・人材交流の高度化,2026-02-17,20260217,提言,企業社会,公開,https://www.keidanren.or.jp/policy/2026/006_honbun.pdf,2026-09-03,ok,人材・教育|イノベーション・科学技術・スタートアップ|産業政策・成長戦略,主張・提言
keidanren_2026_005.pdf,keidanren_2026_005,keidanren,経済団体,米国・メキシコ・カナダ協定の見直しに関する意見,2026-02-17,20260217,意見,貿易投資,公開,https://www.keidanren.or.jp/policy/2026/005_honbun.pdf,2026-09-03,ok,通商・国際経済・国際協力|産業政策・成長戦略,主張・提言
keidanren_2026_008.pdf,keidanren_2026_008,keidanren,経済団体,GX-ETS 実施指針案・上下限価格案等のパブリックコメント募集に対する意見,2026-02-13,20260213,意見,環境,公開,https://www.keidanren.or.jp/policy/2026/008.pdf,2026-09-03,ok,エネルギー・環境|産業政策・成長戦略,主張・提言
keidanren_2026_004.pdf,keidanren_2026_004,keidanren,経済団体,博士人材に関する産学協議会合 報告書博士人材が活躍する社会の実現に向けて,2026-02-10,20260210,報告書,企業社会,公開,https://www.keidanren.or.jp/policy/2026/004.pdf,2026-09-03,ok,人材・教育|イノベーション・科学技術・スタートアップ|労働・雇用,主張・提言
keidanren_2026_017.pdf,keidanren_2026_017,keidanren,経済団体,今後の廃棄物処理制度のあり方に対する意見,2026-02-06,20260206,意見,環境,公開,https://www.keidanren.or.jp/policy/2026/017.pdf,2026-09-03,ok,エネルギー・環境|行政改革・規制改革,主張・提言
keidanren_2026_002.pdf,keidanren_2026_002,keidanren,経済団体,2025年人事・労務に関するトップ・マネジメント調査結果,2026-01-20,20260120,提言,労働,公開,https://www.keidanren.or.jp/policy/2026/002.pdf,2026-09-03,ok,労働・雇用|人材・教育,内部調査・会員アンケート
keidanren_2026_001.pdf,keidanren_2026_001,keidanren,経済団体,「パートナーシップ構築宣言」の実効性向上に向けて,2026-01-15,20260115,提言,経済基盤,公開,https://www.keidanren.or.jp/policy/2026/001.pdf,2026-09-03,ok,中小企業|産業政策・成長戦略,主張・提言
keidanren_2025_089.pdf,keidanren_2025_089,keidanren,経済団体,2025年年末賞与・一時金 大手企業業種別妥結結果,2025-12-24,20251224,提言,労働,公開,https://www.keidanren.or.jp/policy/2025/089.pdf,2026-09-03,ok,労働・雇用,内部調査・会員アンケート
keidanren_2025_088.pdf,keidanren_2025_088,keidanren,経済団体,2026年度以降の経団連CN行動計画のあり方,2025-12-16,20251216,提言,環境,公開,https://www.keidanren.or.jp/policy/2025/088.pdf,2026-09-03,ok,エネルギー・環境|産業政策・成長戦略,主張・提言
keidanren_2025_086.pdf,keidanren_2025_086,keidanren,経済団体,「転換期における外国人政策のあり方」,2025-12-16,20251216,提言,産業政策,公開,https://www.keidanren.or.jp/policy/2025/086_honbun.pdf,2026-09-03,ok,労働・雇用|人材・教育|外交・安全保障・経済安全保障,主張・提言
keidanren_2025_087.pdf,keidanren_2025_087,keidanren,経済団体,経団連カーボンニュートラル行動計画 2025年度フォローアップ結果 総括編（2024年度実績）［確定版］,2026-03-30,20260330,資料,環境エネルギー,公開,https://www.keidanren.or.jp/policy/2025/087_honbun.pdf,2026-07-05,ok,エネルギー・環境|産業政策・成長戦略,内部調査・会員アンケート
keidanren_2026_035.txt,keidanren_2026_035,keidanren,経済団体,B7サミット2026共同提言,2026-06-11,20260611,提言,貿易投資,公開,https://www.keidanren.or.jp/policy/2026/035.html,2026-09-03,html_text,通商・国際経済・国際協力|産業政策・成長戦略|エネルギー・環境,主張・提言
keidanren_2026_032.txt,keidanren_2026_032,keidanren,経済団体,情報要請「のれんの非償却の導入及びのれん償却費計上区分の変更」へのコメント,2026-06-05,20260605,意見,経済基盤,公開,https://www.keidanren.or.jp/policy/2026/032.html,2026-09-03,html_text,金融・資本市場|企業経営・ガバナンス・サステナビリティ,主張・提言
keidanren_2026_021.txt,keidanren_2026_021,keidanren,経済団体,「投資牽引型経済」を確立し、力強い成長を生み出す,2026-06-03,20260603,提言,総合政策,公開,https://www.keidanren.or.jp/policy/2026/021.html,2026-09-03,html_text,マクロ経済・経済財政運営|産業政策・成長戦略|労働・雇用,主張・提言
keidanren_2026_010.txt,keidanren_2026_010,keidanren,経済団体,第53回東亜経済人会議 共同声明,2026-03-12,20260312,提言,地域,公開,https://www.keidanren.or.jp/policy/2026/010.html,2026-09-03,html_text,通商・国際経済・国際協力|外交・安全保障・経済安全保障|エネルギー・環境,活動記録
keidanren_2026_009.txt,keidanren_2026_009,keidanren,経済団体,【パンフレット】 Toward a Stronger and More Resilient U.S.-Japan Relationship,2026-02-17,20260217,提言,地域,公開,https://www.keidanren.or.jp/policy/2026/009.html,2026-09-03,html_text,通商・国際経済・国際協力|外交・安全保障・経済安全保障,主張・提言
keidanren_2026_003.txt,keidanren_2026_003,keidanren,経済団体,2026年版 経営労働政策特別委員会報告,2026-01-20,20260120,提言,労働,公開,https://www.keidanren.or.jp/policy/2026/003.html,2026-09-03,html_text,労働・雇用|マクロ経済・経済財政運営|中小企業,主張・提言
keidanren_2025_092.txt,keidanren_2025_092,keidanren,経済団体,金融庁パブリックコメント 「企業内容等の開示に関する内閣府令」等の改正（案）へのコメント,2025-12-26,20251226,意見,経済基盤,公開,https://www.keidanren.or.jp/policy/2025/092.html,2026-09-03,html_text,金融・資本市場|企業経営・ガバナンス・サステナビリティ|行政改革・規制改革,主張・提言
rengo_teigen_02.txt,rengo_teigen_02,rengo,労働団体,1 ．持続可能で健全な経済の発展（経済政策）,2024-07-19,20240719,提言,経済政策,公開,https://www.jtuc-rengo.or.jp/activity/seisaku_jitsugen/teigen/page-3/page-3-2/,2026-07-05,html_text,マクロ経済・経済財政運営|税制・財政|産業政策・成長戦略,主張・提言
rengo_teigen_03.txt,rengo_teigen_03,rengo,労働団体,1 ．持続可能で健全な経済の発展（税制改革）,2025-05-01,20250501,提言,税制改革,公開,https://www.jtuc-rengo.or.jp/activity/seisaku_jitsugen/teigen/page-3/page-3-3/,2026-07-05,html_text,税制・財政|地域経済・観光・地方創生|中小企業,主張・提言
rengo_teigen_04.txt,rengo_teigen_04,rengo,労働団体,1 ．持続可能で健全な経済の発展（産業政策）,2024-07-19,20240719,提言,産業政策,公開,https://www.jtuc-rengo.or.jp/activity/seisaku_jitsugen/teigen/page-3/page-3-4/,2026-07-05,html_text,中小企業|産業政策・成長戦略|労働・雇用,主張・提言
rengo_teigen_05.txt,rengo_teigen_05,rengo,労働団体,1 ．持続可能で健全な経済の発展（地域活性化政策）,2024-07-19,20240719,提言,地域活性化政策,公開,https://www.jtuc-rengo.or.jp/activity/seisaku_jitsugen/teigen/page-3/page-3-5/,2026-07-05,html_text,地域経済・観光・地方創生|労働・雇用|中小企業,主張・提言
rengo_teigen_06.txt,rengo_teigen_06,rengo,労働団体,1 ．持続可能で健全な経済の発展（資源・エネルギー政策）,2024-07-19,20240719,提言,資源・エネルギー政策,公開,https://www.jtuc-rengo.or.jp/activity/seisaku_jitsugen/teigen/page-3/page-3-6/,2026-07-05,html_text,エネルギー・環境,主張・提言
rengo_teigen_07.txt,rengo_teigen_07,rengo,労働団体,２．雇用の安定と公正労働条件の確保（雇用・労働政策）,2024-07-19,20240719,提言,雇用・労働政策,公開,https://www.jtuc-rengo.or.jp/activity/seisaku_jitsugen/teigen/page-3/page-3-7/,2026-07-05,html_text,労働・雇用,主張・提言
rengo_teigen_08.txt,rengo_teigen_08,rengo,労働団体,３．安心できる社会保障制度の確立（社会保障制度の基盤に関する政策）,2024-07-19,20240719,提言,社会保障制度の基盤に関する政策,公開,https://www.jtuc-rengo.or.jp/activity/seisaku_jitsugen/teigen/page-3/page-3-8/,2026-07-05,html_text,社会保障（年金・医療・介護）|国土・住宅・交通・防災|デジタル・情報通信,主張・提言
rengo_teigen_09.txt,rengo_teigen_09,rengo,労働団体,３．安心できる社会保障制度の確立（医療政策）,2024-07-19,20240719,提言,医療政策,公開,https://www.jtuc-rengo.or.jp/activity/seisaku_jitsugen/teigen/page-3/page-3-9/,2026-07-05,html_text,社会保障（年金・医療・介護）,主張・提言
rengo_teigen_10.txt,rengo_teigen_10,rengo,労働団体,３．安心できる社会保障制度の確立（介護・高齢者福祉政策）,2024-07-19,20240719,提言,介護・高齢者福祉政策,公開,https://www.jtuc-rengo.or.jp/activity/seisaku_jitsugen/teigen/page-3/page-3-10/,2026-07-05,html_text,社会保障（年金・医療・介護）|労働・雇用,主張・提言
rengo_teigen_11.txt,rengo_teigen_11,rengo,労働団体,３．安心できる社会保障制度の確立（障がい児・者政策）,2024-07-19,20240719,提言,障がい児・者政策,公開,https://www.jtuc-rengo.or.jp/activity/seisaku_jitsugen/teigen/page-3/page-3-11/,2026-07-05,html_text,社会保障（年金・医療・介護）|労働・雇用|多様性・人権・ジェンダー,主張・提言
rengo_teigen_12.txt,rengo_teigen_12,rengo,労働団体,３．安心できる社会保障制度の確立（子ども・子育て支援政策）,2024-07-19,20240719,提言,子ども・子育て支援政策,公開,https://www.jtuc-rengo.or.jp/activity/seisaku_jitsugen/teigen/page-3/page-3-12/,2026-07-05,html_text,こども・子育て・人口|社会保障（年金・医療・介護）,主張・提言
rengo_teigen_13.txt,rengo_teigen_13,rengo,労働団体,３．安心できる社会保障制度の確立（年金政策）,2024-07-19,20240719,提言,年金政策,公開,https://www.jtuc-rengo.or.jp/activity/seisaku_jitsugen/teigen/page-3/page-3-13/,2026-07-05,html_text,社会保障（年金・医療・介護）,主張・提言
rengo_teigen_14.txt,rengo_teigen_14,rengo,労働団体,３．安心できる社会保障制度の確立（被爆者援護政策）,2024-07-19,20240719,提言,被爆者援護政策,公開,https://www.jtuc-rengo.or.jp/activity/seisaku_jitsugen/teigen/page-3/page-3-14/,2026-07-05,html_text,社会保障（年金・医療・介護）|政治・統治機構・憲法,主張・提言
rengo_teigen_15.txt,rengo_teigen_15,rengo,労働団体,４．社会インフラの整備促進（国土・住宅政策）,2024-07-19,20240719,提言,国土・住宅政策,公開,https://www.jtuc-rengo.or.jp/activity/seisaku_jitsugen/teigen/page-3/page-3-15/,2026-07-05,html_text,国土・住宅・交通・防災|地域経済・観光・地方創生,主張・提言
rengo_teigen_16.txt,rengo_teigen_16,rengo,労働団体,４．社会インフラの整備促進（交通・運輸政策）,2024-11-01,20241101,提言,交通・運輸政策,公開,https://www.jtuc-rengo.or.jp/activity/seisaku_jitsugen/teigen/page-3/page-3-16/,2026-07-05,html_text,国土・住宅・交通・防災|地域経済・観光・地方創生|エネルギー・環境,主張・提言
rengo_teigen_17.txt,rengo_teigen_17,rengo,労働団体,４．社会インフラの整備促進（ＤＸ（デジタル・トランスフォーメーション））,2024-07-19,20240719,提言,ＤＸ（デジタル・トランスフォーメーション）政策,公開,https://www.jtuc-rengo.or.jp/activity/seisaku_jitsugen/teigen/page-3/page-3-17/,2026-07-05,html_text,デジタル・情報通信|労働・雇用|国土・住宅・交通・防災,主張・提言
rengo_teigen_18.txt,rengo_teigen_18,rengo,労働団体,５．くらしの安心・安全の構築（環境政策）,2024-07-19,20240719,提言,環境政策,公開,https://www.jtuc-rengo.or.jp/activity/seisaku_jitsugen/teigen/page-3/page-3-18/,2026-07-05,html_text,エネルギー・環境|労働・雇用,主張・提言
rengo_teigen_19.txt,rengo_teigen_19,rengo,労働団体,５．くらしの安心・安全の構築（食料・農林水産政策）,2024-07-19,20240719,提言,食料・農林水産政策,公開,https://www.jtuc-rengo.or.jp/activity/seisaku_jitsugen/teigen/page-3/page-3-19/,2026-07-05,html_text,農林水産・食料|地域経済・観光・地方創生|労働・雇用,主張・提言
rengo_teigen_20.txt,rengo_teigen_20,rengo,労働団体,５．くらしの安心・安全の構築（消費者政策）,2024-07-19,20240719,提言,消費者政策,公開,https://www.jtuc-rengo.or.jp/activity/seisaku_jitsugen/teigen/page-3/page-3-20/,2026-07-05,html_text,労働・雇用|農林水産・食料|行政改革・規制改革,主張・提言
rengo_teigen_21.txt,rengo_teigen_21,rengo,労働団体,５．くらしの安心・安全の構築（東日本大震災からの復興・再生および防災・減災に関する政策）,2024-07-19,20240719,提言,東日本大震災からの復興・再生および防災・減災に関する政策,公開,https://www.jtuc-rengo.or.jp/activity/seisaku_jitsugen/teigen/page-3/page-3-21/,2026-07-05,html_text,国土・住宅・交通・防災|地域経済・観光・地方創生,主張・提言
rengo_teigen_22.txt,rengo_teigen_22,rengo,労働団体,６．民主主義の基盤強化と国民の権利保障（政治改革）,2024-10-01,20241001,提言,政治改革,公開,https://www.jtuc-rengo.or.jp/activity/seisaku_jitsugen/teigen/page-3/page-3-22/,2026-07-05,html_text,政治・統治機構・憲法,主張・提言
rengo_teigen_23.txt,rengo_teigen_23,rengo,労働団体,６．民主主義の基盤強化と国民の権利保障（行政・司法制度改革）,2024-07-19,20240719,提言,行政・司法制度改革,公開,https://www.jtuc-rengo.or.jp/activity/seisaku_jitsugen/teigen/page-3/page-3-23/,2026-07-05,html_text,行政改革・規制改革|政治・統治機構・憲法|労働・雇用,主張・提言
rengo_teigen_24.txt,rengo_teigen_24,rengo,労働団体,６．民主主義の基盤強化と国民の権利保障（地方分権改革）,2024-07-19,20240719,提言,地方分権改革,公開,https://www.jtuc-rengo.or.jp/activity/seisaku_jitsugen/teigen/page-3/page-3-24/,2026-07-05,html_text,政治・統治機構・憲法|行政改革・規制改革|税制・財政,主張・提言
rengo_teigen_25.txt,rengo_teigen_25,rengo,労働団体,６．民主主義の基盤強化と国民の権利保障（人権・平等政策）,2026-03-01,20260301,提言,人権・平等政策,公開,https://www.jtuc-rengo.or.jp/activity/seisaku_jitsugen/teigen/page-3/page-3-25/,2026-07-05,html_text,多様性・人権・ジェンダー|政治・統治機構・憲法,主張・提言
rengo_teigen_26.txt,rengo_teigen_26,rengo,労働団体,６．民主主義の基盤強化と国民の権利保障（教育政策）,2025-06-01,20250601,提言,教育政策,公開,https://www.jtuc-rengo.or.jp/activity/seisaku_jitsugen/teigen/page-3/page-3-26/,2026-07-05,html_text,人材・教育|労働・雇用|こども・子育て・人口,主張・提言
rengo_teigen_27.txt,rengo_teigen_27,rengo,労働団体,７．公正なグローバル化を通じた持続可能な社会の実現（国際政策）,2025-12-01,20251201,提言,国際政策,公開,https://www.jtuc-rengo.or.jp/activity/seisaku_jitsugen/teigen/page-3/page-3-27/,2026-07-05,html_text,通商・国際経済・国際協力|多様性・人権・ジェンダー|労働・雇用,主張・提言
rengo_teigen_28.txt,rengo_teigen_28,rengo,労働団体,（横断的な項目）・男女平等政策,2026-04-01,20260401,提言,男女平等政策,公開,https://www.jtuc-rengo.or.jp/activity/seisaku_jitsugen/teigen/page-3/page-3-28/,2026-07-05,html_text,労働・雇用|多様性・人権・ジェンダー|政治・統治機構・憲法,主張・提言
rengo_teigen_29.txt,rengo_teigen_29,rengo,労働団体,（横断的な項目）・中小企業政策,2024-07-19,20240719,提言,中小企業政策,公開,https://www.jtuc-rengo.or.jp/activity/seisaku_jitsugen/teigen/page-3/page-3-29/,2026-07-05,html_text,中小企業|産業政策・成長戦略|労働・雇用,主張・提言
rengo_teigen_30.txt,rengo_teigen_30,rengo,労働団体,（横断的な項目）・非正規雇用に関わる政策,2024-07-19,20240719,提言,非正規雇用に関わる政策,公開,https://www.jtuc-rengo.or.jp/activity/seisaku_jitsugen/teigen/page-3/page-3-30/,2026-07-05,html_text,労働・雇用,主張・提言
rengo_202605_jyutenseisaku2026.pdf,rengo_202605_jyutenseisaku2026,rengo,労働団体,jyutenseisaku2026,2026-05-01,20260501,提言,,公開,https://www.jtuc-rengo.or.jp/activity/seisaku_jitsugen/teigen/cms/wp-content/uploads/2026/05/jyutenseisaku2026.pdf,2026-07-05,ok,労働・雇用|人材・教育|多様性・人権・ジェンダー,主張・提言
rengo_202005_03_shakai3digest.pdf,rengo_202005_03_shakai3digest,rengo,労働団体,03_shakai3digest,2025-05-28,20250528,提言,,公開,https://www.jtuc-rengo.or.jp/activity/seisaku_jitsugen/teigen/cms/wp-content/uploads/2020/05/03_shakai3digest.pdf,2026-07-05,ok,社会保障（年金・医療・介護）|労働・雇用|税制・財政,主張・提言
rengo_202005_04_kyoikudigest.pdf,rengo_202005_04_kyoikudigest,rengo,労働団体,04_kyoikudigest,2025-05-28,20250528,提言,,公開,https://www.jtuc-rengo.or.jp/activity/seisaku_jitsugen/teigen/cms/wp-content/uploads/2020/05/04_kyoikudigest.pdf,2026-07-05,ok,人材・教育|社会保障（年金・医療・介護）|労働・雇用,主張・提言
rengo_202005_05_shakai4digest.pdf,rengo_202005_05_shakai4digest,rengo,労働団体,05_shakai4digest,2025-05-28,20250528,提言,,公開,https://www.jtuc-rengo.or.jp/activity/seisaku_jitsugen/teigen/cms/wp-content/uploads/2020/05/05_shakai4digest.pdf,2026-07-05,ok,税制・財政|社会保障（年金・医療・介護）|人材・教育,主張・提言
rengo_202005_06.pdf,rengo_202005_06,rengo,労働団体,社会保障・教育・税制に関する三構想全文はこちら,2025-05-28,20250528,提言,,公開,https://www.jtuc-rengo.or.jp/activity/seisaku_jitsugen/teigen/cms/wp-content/uploads/2020/05/06_社会保障・教育・税制に関する構想一式.pdf,2026-07-05,ok,社会保障（年金・医療・介護）|税制・財政|人材・教育,主張・提言
nissho_2026_0416140000.pdf,nissho_2026_0416140000,nissho,経済団体,成長型経済の実現に向けた中小企業政策に関する意見,2026-04-16,20260416,意見,,公開,https://www.jcci.or.jp/file/chusho/202604/20260416_2026opinionofSME.pdf,2026-07-05,ok,中小企業|地域経済・観光・地方創生|エネルギー・環境,主張・提言
nissho_2025_0717140010.pdf,nissho_2025_0717140010,nissho,経済団体,2026年度中小企業・地域活性化施策に関する要望,2025-07-17,20250717,要望,,公開,https://www.jcci.or.jp/activity/recommend/20250717_requestfor2026SMEbudget.pdf,2026-07-05,ok,中小企業|地域経済・観光・地方創生|通商・国際経済・国際協力,主張・提言
nissho_2025_0417170000.pdf,nissho_2025_0417170000,nissho,経済団体,地域経済の好循環を支える中小企業・小規模事業者の「稼ぐ力」の強化に向けて,2025-04-17,20250417,提言,,公開,https://www.jcci.or.jp/file/chusho/202504/20250417_2025opinionofSME.pdf,2026-07-05,ok,中小企業|地域経済・観光・地方創生|税制・財政,主張・提言
nissho_2024_0718135000.pdf,nissho_2024_0718135000,nissho,経済団体,2025年度中小企業・地域活性化施策に関する要望,2024-07-18,20240718,要望,,公開,https://www.jcci.or.jp/file/chusho/202407/chusho_20240718_honbun.pdf,2026-07-05,ok,中小企業|地域経済・観光・地方創生|労働・雇用,主張・提言
nissho_2024_0424110001.txt,nissho_2024_0424110001,nissho,経済団体,知的財産政策に関する意見,2024-04-24,20240424,意見,,公開,https://www.jcci.or.jp/news/recommendations/2024/0424110001.html,2026-07-05,html_text,中小企業|イノベーション・科学技術・スタートアップ|産業政策・成長戦略,主張・提言
nissho_2024_0419110002_1.pdf,nissho_2024_0419110002_1,nissho,経済団体,デジタル化でつながる中小企業の未来,2024-04-19,20240419,提言,,公開,https://www.jcci.or.jp/file/joho/202404/smedigital_yobo_overview.pdf,2026-07-05,ok,中小企業|デジタル・情報通信|産業政策・成長戦略,主張・提言
nissho_2024_0419110002_2.pdf,nissho_2024_0419110002_2,nissho,経済団体,デジタル化でつながる中小企業の未来,2024-04-19,20240419,提言,,公開,https://www.jcci.or.jp/file/joho/202404/smedigital_yobo_text.pdf,2026-07-05,ok,中小企業|デジタル・情報通信,主張・提言
nissho_2024_0418134050_1.pdf,nissho_2024_0418134050_1,nissho,経済団体,地域経済の好循環を支える中小企業の持続的な成長に向けた意見,2024-04-18,20240418,意見,,公開,https://www.jcci.or.jp/file/chusho/202405/20240418_gaiyo.pdf,2026-07-05,ok,中小企業|地域経済・観光・地方創生|労働・雇用,主張・提言
nissho_2024_0418134050_2.pdf,nissho_2024_0418134050_2,nissho,経済団体,地域経済の好循環を支える中小企業の持続的な成長に向けた意見,2024-04-18,20240418,意見,,公開,https://www.jcci.or.jp/file/chusho/202405/20240418_honbun.pdf,2026-07-05,ok,中小企業|地域経済・観光・地方創生|労働・雇用,主張・提言
nissho_2024_0319140002.pdf,nissho_2024_0319140002,nissho,経済団体,重要経済安保情報の保護及び活用に関する法律案の早期成立を求める,2024-03-19,20240319,提言,,公開,https://www.jcci.or.jp/20240319_kyodoteigen.pdf,2026-07-05,ok,外交・安全保障・経済安全保障|政治・統治機構・憲法,主張・提言
nissho_2024_0319131315.txt,nissho_2024_0319131315,nissho,経済団体,中小企業等の成長資金調達の多様化に向けた提言,2024-03-19,20240319,提言,,公開,https://www.jcci.or.jp/news/recommendations/2024/0319131315.html,2026-07-05,html_text,中小企業|金融・資本市場,主張・提言
nissho_2024_0117132802.pdf,nissho_2024_0117132802,nissho,経済団体,パートナーシップ構築宣言の実効性向上,2024-01-17,20240117,提言,,公開,https://www.jcci.or.jp/20230113_written-request.pdf,2026-07-05,ok,中小企業|企業経営・ガバナンス・サステナビリティ|労働・雇用,主張・提言
nissho_2023_1116143031.pdf,nissho_2023_1116143031,nissho,経済団体,外形標準課税の中小企業への適用拡大には断固反対する,2023-11-16,20231116,提言,,公開,https://www.jcci.or.jp/231116_4dantai_gaikeiyobo.pdf,2026-07-05,ok,税制・財政|中小企業,主張・提言
nissho_2023_0921150000_1.pdf,nissho_2023_0921150000_1,nissho,経済団体,令和６年度税制改正に関する意見,2023-09-21,20230921,意見,,公開,https://www.jcci.or.jp/eb4dfddea582b4eade90837ef960c9d0.pdf,2026-07-05,ok,税制・財政|中小企業|地域経済・観光・地方創生,主張・提言
nissho_2023_0921150000_2.pdf,nissho_2023_0921150000_2,nissho,経済団体,令和６年度税制改正に関する意見,2023-09-21,20230921,意見,,公開,https://www.jcci.or.jp/f86f9041d69b94b2d7899d5c26b52c34_2.pdf,2026-07-05,ok,税制・財政|中小企業|労働・雇用,主張・提言
nissho_2023_0913170000.pdf,nissho_2023_0913170000,nissho,経済団体,第２次岸田再改造内閣に望む,2023-09-13,20230913,提言,,公開,https://www.jcci.or.jp/JCCI_dainizikishidasaikaizounaikakuninozomu.pdf,2026-07-05,ok,中小企業|マクロ経済・経済財政運営|税制・財政,主張・提言
nissho_2023_0720140000_1.pdf,nissho_2023_0720140000_1,nissho,経済団体,地域を支える中小企業の自己変革による持続的な成長に向けた意見,2023-07-20,20230720,意見,,公開,https://www.jcci.or.jp/20230720-01.pdf,2026-07-05,ok,中小企業|地域経済・観光・地方創生|労働・雇用,主張・提言
nissho_2023_0720140000_2.pdf,nissho_2023_0720140000_2,nissho,経済団体,地域を支える中小企業の自己変革による持続的な成長に向けた意見,2023-07-20,20230720,意見,,公開,https://www.jcci.or.jp/20230720-02.pdf,2026-07-05,ok,中小企業|労働・雇用|産業政策・成長戦略,主張・提言
nissho_2023_0720140000_3.pdf,nissho_2023_0720140000_3,nissho,経済団体,地域を支える中小企業の自己変革による持続的な成長に向けた意見,2023-07-20,20230720,意見,,公開,https://www.jcci.or.jp/20230720-03.pdf,2026-07-05,ok,中小企業|金融・資本市場|産業政策・成長戦略,主張・提言
nissho_2026_0416140005.pdf,nissho_2026_0416140005,nissho,経済団体,最低賃金に関する要望,2026-04-16,20260416,要望,,公開,https://www.jcci.or.jp/support/information/labor/20260416_youbou.pdf,2026-07-05,ok,労働・雇用|中小企業|マクロ経済・経済財政運営,主張・提言
nissho_2025_0925110521.txt,nissho_2025_0925110521,nissho,経済団体,これからの労働政策に関する懇談会最終レポート 『少数精鋭×地域共創』で人手不足を乗り越える」、「雇用・労働政策に関する重点要望」および「多様な人材の活躍に関する重点要望,2025-09-25,20250925,要望,雇用・労働・社会保障,公開,https://www.jcci.or.jp/news/recommendations/index02/2025/0925110521.html,2026-07-05,html_text,労働・雇用|中小企業|多様性・人権・ジェンダー,主張・提言
nissho_2025_0917140045.pdf,nissho_2025_0917140045,nissho,経済団体,多様な人材の活躍に関する重点要望,2025-09-17,20250917,要望,雇用・労働・社会保障,公開,https://www.jcci.or.jp/20250917_diversity_sentence.pdf,2026-07-05,ok,労働・雇用|中小企業|多様性・人権・ジェンダー,主張・提言
nissho_2025_0917140018.pdf,nissho_2025_0917140018,nissho,経済団体,雇用・労働政策に関する重点要望,2025-09-17,20250917,要望,,公開,https://www.jcci.or.jp/file/sangyo2/202509/youbou2025_1.pdf,2026-07-05,ok,労働・雇用|中小企業|人材・教育,主張・提言
nissho_2025_0423125149.txt,nissho_2025_0423125149,nissho,経済団体,最低賃金に関する要望,2025-04-23,20250423,要望,雇用・労働・社会保障,公開,https://www.jcci.or.jp/news/recommendations/index02/2025/0423125149.html,2026-07-05,html_text,労働・雇用|中小企業,主張・提言
nissho_2025_0417170021.pdf,nissho_2025_0417170021,nissho,経済団体,最低賃金に関する要望,2025-04-17,20250417,要望,,公開,https://www.jcci.or.jp/20250417_youbou.pdf,2026-07-05,ok,労働・雇用|中小企業|マクロ経済・経済財政運営,主張・提言
nissho_2024_1219173005.txt,nissho_2024_1219173005,nissho,経済団体,雇用・労働政策に関する重点要望」および「多様な人材の活躍に関する重点要望,2024-12-19,20241219,要望,,公開,https://www.jcci.or.jp/news/recommendations/2024/1219173005.html,2026-07-05,html_text,労働・雇用|多様性・人権・ジェンダー|中小企業,主張・提言
nissho_2024_1219140005.pdf,nissho_2024_1219140005,nissho,経済団体,雇用・労働政策に関する重点要望,2024-12-19,20241219,要望,,公開,https://www.jcci.or.jp/file/sangyo2/202412/20241219youbou_1.pdf,2026-07-05,ok,労働・雇用|中小企業,主張・提言
nissho_2024_1219140000.pdf,nissho_2024_1219140000,nissho,経済団体,多様な人材の活躍に関する重点要望,2024-12-19,20241219,要望,雇用・労働・社会保障,公開,https://www.jcci.or.jp/20241219_diversity_sentence.pdf,2026-07-05,ok,多様性・人権・ジェンダー|労働・雇用|中小企業,主張・提言
nissho_2026_0624171640.txt,nissho_2026_0624171640,nissho,経済団体,成長型経済を牽引する『強靭な観光地域づくり』の推進に向けて～激変する環境に対応し、官民連携で新たな付加価値創出を～,2026-06-24,20260624,提言,観光振興・まちづくり,公開,https://www.jcci.or.jp/news/recommendations/index03/2026/0624171640.html,2026-07-05,html_text,地域経済・観光・地方創生|産業政策・成長戦略,主張・提言
nissho_2025_0804111122.txt,nissho_2025_0804111122,nissho,経済団体,観光立国推進基本計画,2025-08-04,20250804,提言,観光振興・まちづくり,公開,https://www.jcci.or.jp/news/recommendations/index03/2025/0804111122.html,2026-07-05,html_text,地域経済・観光・地方創生|国土・住宅・交通・防災,主張・提言
nissho_2025_0717190348_1.pdf,nissho_2025_0717190348_1,nissho,経済団体,"地域の""稼ぐ力""を高めるまちづくりに関する意見～まちの個性と価値が生み出す活力ある都市への再生に向けて～",2025-07-17,20250717,意見,観光振興・まちづくり,公開,https://www.jcci.or.jp/20250717_machi_gaiyou.pdf,2026-07-05,ok,地域経済・観光・地方創生|国土・住宅・交通・防災|産業政策・成長戦略,主張・提言
nissho_2025_0717190348_2.pdf,nissho_2025_0717190348_2,nissho,経済団体,"地域の""稼ぐ力""を高めるまちづくりに関する意見～まちの個性と価値が生み出す活力ある都市への再生に向けて～",2025-07-17,20250717,意見,観光振興・まちづくり,公開,https://www.jcci.or.jp/20250717_maschi_ikenn.pdf,2026-07-05,ok,地域経済・観光・地方創生|国土・住宅・交通・防災|中小企業,主張・提言
nissho_2025_0717140000_1.pdf,nissho_2025_0717140000_1,nissho,経済団体,観光立国推進基本計画,2025-07-17,20250717,提言,観光振興・まちづくり,公開,https://www.jcci.or.jp/file/chiiki/202507/kanko_ikensho_2025_gaiyou.pdf,2026-07-05,ok,地域経済・観光・地方創生,主張・提言
nissho_2025_0717140000_2.pdf,nissho_2025_0717140000_2,nissho,経済団体,観光立国推進基本計画,2025-07-17,20250717,提言,観光振興・まちづくり,公開,https://www.jcci.or.jp/file/chiiki/202507/kanko_ikensho_2025.pdf,2026-07-05,ok,地域経済・観光・地方創生|産業政策・成長戦略|通商・国際経済・国際協力,主張・提言
nissho_2024_0802163351.txt,nissho_2024_0802163351,nissho,経済団体,新たな局面を迎えるわが国の観光に関する要望～地域を支える産業として観光が発展するために～を手交,2024-08-02,20240802,要望,観光振興・まちづくり,公開,https://www.jcci.or.jp/news/recommendations/index03/2024/0802163351.html,2026-07-05,html_text,地域経済・観光・地方創生|中小企業,主張・提言
nissho_2024_0624140000_1.pdf,nissho_2024_0624140000_1,nissho,経済団体,新たな局面を迎えるわが国の観光に関する要望～地域を支える産業として観光が発展するために～,2024-06-24,20240624,要望,観光振興・まちづくり,公開,https://www.jcci.or.jp/file/chiiki/202406/kanko_ikensho_2024.pdf,2026-07-05,ok,地域経済・観光・地方創生|中小企業,主張・提言
nissho_2024_0624140000_2.pdf,nissho_2024_0624140000_2,nissho,経済団体,新たな局面を迎えるわが国の観光に関する要望～地域を支える産業として観光が発展するために～,2024-06-24,20240624,要望,観光振興・まちづくり,公開,https://www.jcci.or.jp/file/chiiki/202406/kanko_ikensho_2024_gaiyou.pdf,2026-07-05,ok,地域経済・観光・地方創生,主張・提言
nissho_2023_0721143022_1.pdf,nissho_2023_0721143022_1,nissho,経済団体,観光の再生・復活に向けた意見・要望～持続可能な観光地域づくりの実現を目指して～,2023-07-21,20230721,要望,,公開,https://www.jcci.or.jp/kanko_ikensho_2023.pdf,2026-07-05,ok,地域経済・観光・地方創生,主張・提言
nissho_2023_0721143022_2.pdf,nissho_2023_0721143022_2,nissho,経済団体,観光の再生・復活に向けた意見・要望～持続可能な観光地域づくりの実現を目指して～,2023-07-21,20230721,要望,,公開,https://www.jcci.or.jp/kanko_ikensho_2023_gaiyou.pdf,2026-07-05,ok,地域経済・観光・地方創生|中小企業|労働・雇用,主張・提言
nissho_2023_0721140000_1.pdf,nissho_2023_0721140000_1,nissho,経済団体,人口減少に直面する地方都市の再生に向けた意見―中心市街地の再生・活性化による地域経済好循環の実現を目指して―,2023-07-21,20230721,意見,,公開,https://www.jcci.or.jp/chiiki/202307machi_honbun.pdf,2026-07-05,ok,地域経済・観光・地方創生|国土・住宅・交通・防災|こども・子育て・人口,主張・提言
nissho_2023_0721140000_2.pdf,nissho_2023_0721140000_2,nissho,経済団体,人口減少に直面する地方都市の再生に向けた意見―中心市街地の再生・活性化による地域経済好循環の実現を目指して―,2023-07-21,20230721,意見,,公開,https://www.jcci.or.jp/chiiki/202307machi_gaiyo.pdf,2026-07-05,ok,地域経済・観光・地方創生|国土・住宅・交通・防災|こども・子育て・人口,主張・提言
nissho_2025_0623130010_1.pdf,nissho_2025_0623130010_1,nissho,経済団体,次期社会資本整備重点計画・交通政策基本計画に関する意見～地域の稼ぐ力を高め、持続可能な地域づくりを支える社会インフラの形成を～,2025-06-23,20250623,意見,,公開,https://www.jcci.or.jp/chiiki/2025infrastructure-gaiyo.pdf,2026-07-05,ok,国土・住宅・交通・防災|地域経済・観光・地方創生|産業政策・成長戦略,主張・提言
nissho_2025_0623130010_2.pdf,nissho_2025_0623130010_2,nissho,経済団体,次期社会資本整備重点計画・交通政策基本計画に関する意見～地域の稼ぐ力を高め、持続可能な地域づくりを支える社会インフラの形成を～,2025-06-23,20250623,意見,,公開,https://www.jcci.or.jp/chiiki/2025infrastructure-iken.pdf,2026-07-05,ok,国土・住宅・交通・防災|地域経済・観光・地方創生|産業政策・成長戦略,主張・提言
nissho_2025_0304161243_1.pdf,nissho_2025_0304161243_1,nissho,経済団体,東日本大震災からの『復興・創生』に関する要望,2025-03-04,20250304,要望,,公開,https://www.jcci.or.jp/2024hukkouyoubou-gaiyo.pdf,2026-07-05,ok,地域経済・観光・地方創生|国土・住宅・交通・防災|エネルギー・環境,主張・提言
nissho_2025_0304161243_2.pdf,nissho_2025_0304161243_2,nissho,経済団体,東日本大震災からの『復興・創生』に関する要望,2025-03-04,20250304,要望,,公開,https://www.jcci.or.jp/2024hukkouyoubou-honbun.pdf,2026-07-05,ok,地域経済・観光・地方創生|国土・住宅・交通・防災|農林水産・食料,主張・提言
nissho_2025_0220150100_1.pdf,nissho_2025_0220150100_1,nissho,経済団体,東日本大震災からの『復興・創生』に関する要望,2025-02-20,20250220,要望,,公開,https://www.jcci.or.jp/2024hukkouyoubou-gaiyo.pdf,2026-07-05,ok,国土・住宅・交通・防災|地域経済・観光・地方創生|エネルギー・環境,主張・提言
nissho_2025_0220150100_2.pdf,nissho_2025_0220150100_2,nissho,経済団体,東日本大震災からの『復興・創生』に関する要望,2025-02-20,20250220,要望,,公開,https://www.jcci.or.jp/2024hukkouyoubou-honbun.pdf,2026-07-05,ok,地域経済・観光・地方創生|農林水産・食料|国土・住宅・交通・防災,主張・提言
nissho_2024_1122140130_1.pdf,nissho_2024_1122140130_1,nissho,経済団体,国土強靭化の加速化に向けた意見～レジリエントで豊かな『自立・分散・協調』型国土への転換を～,2024-11-22,20241122,意見,,公開,https://www.jcci.or.jp/chiiki/2024resilience-gaiyo.pdf,2026-07-05,ok,国土・住宅・交通・防災|地域経済・観光・地方創生|中小企業,主張・提言
nissho_2024_1122140130_2.pdf,nissho_2024_1122140130_2,nissho,経済団体,国土強靭化の加速化に向けた意見～レジリエントで豊かな『自立・分散・協調』型国土への転換を～,2024-11-22,20241122,意見,,公開,https://www.jcci.or.jp/chiiki/2024resilience-iken.pdf,2026-07-05,ok,国土・住宅・交通・防災|中小企業|労働・雇用,主張・提言
nissho_2024_0306102000_1.pdf,nissho_2024_0306102000_1,nissho,経済団体,東日本大震災からの『復興・創生』に関する要望,2024-03-06,20240306,要望,,公開,https://www.jcci.or.jp/2023hukkouyoubou-gaiyo.pdf,2026-07-05,ok,国土・住宅・交通・防災|地域経済・観光・地方創生|産業政策・成長戦略,主張・提言
nissho_2024_0306102000_2.pdf,nissho_2024_0306102000_2,nissho,経済団体,東日本大震災からの『復興・創生』に関する要望,2024-03-06,20240306,要望,,公開,https://www.jcci.or.jp/2023hukkouyoubou-honbun.pdf,2026-07-05,ok,国土・住宅・交通・防災|エネルギー・環境|地域経済・観光・地方創生,主張・提言
nissho_2024_0118140000_1.pdf,nissho_2024_0118140000_1,nissho,経済団体,能登半島地震による被災者の１日も早い生活再建と事業再開に向けて,2024-01-18,20240118,提言,,公開,https://www.jcci.or.jp/20240118_gaiyou.pdf,2026-07-05,ok,国土・住宅・交通・防災|中小企業|マクロ経済・経済財政運営,主張・提言
nissho_2024_0118140000_2.pdf,nissho_2024_0118140000_2,nissho,経済団体,能登半島地震による被災者の１日も早い生活再建と事業再開に向けて,2024-01-18,20240118,提言,,公開,https://www.jcci.or.jp/20240118_honbun.pdf,2026-07-05,ok,国土・住宅・交通・防災|中小企業|地域経済・観光・地方創生,主張・提言
nissho_2023_0306103527.txt,nissho_2023_0306103527,nissho,経済団体,東日本大震災からの『復興・創生』に関する要望,2023-03-06,20230306,要望,,公開,https://www.jcci.or.jp/news/recommendations/2023/0306103527.html,2026-07-05,html_text,国土・住宅・交通・防災|地域経済・観光・地方創生|エネルギー・環境,主張・提言
nissho_2023_0216170000_1.pdf,nissho_2023_0216170000_1,nissho,経済団体,国土強靭化基本計画の変更に係る意見～レジリエントで豊かな地域経済社会の実現に向け、国土強靭化の一層の推進を～,2023-02-16,20230216,意見,,公開,https://www.jcci.or.jp/chiiki/20230215kokudo_iken_gaiyo_HP.pdf,2026-07-05,ok,国土・住宅・交通・防災|地域経済・観光・地方創生,主張・提言
nissho_2023_0216170000_2.pdf,nissho_2023_0216170000_2,nissho,経済団体,国土強靭化基本計画の変更に係る意見～レジリエントで豊かな地域経済社会の実現に向け、国土強靭化の一層の推進を～,2023-02-16,20230216,意見,,公開,https://www.jcci.or.jp/chiiki/20230215kokudo_iken.pdf,2026-07-05,ok,国土・住宅・交通・防災|地域経済・観光・地方創生|マクロ経済・経済財政運営,主張・提言
nissho_2023_0216140058_1.pdf,nissho_2023_0216140058_1,nissho,経済団体,東日本大震災からの『復興・創生』に関する要望,2023-02-16,20230216,要望,,公開,https://www.jcci.or.jp/2022hukkouyoubou-gaiyo2.pdf,2026-07-05,ok,国土・住宅・交通・防災|地域経済・観光・地方創生|産業政策・成長戦略,主張・提言
nissho_2023_0216140058_2.pdf,nissho_2023_0216140058_2,nissho,経済団体,東日本大震災からの『復興・創生』に関する要望,2023-02-16,20230216,要望,,公開,https://www.jcci.or.jp/2022hukkouyoubou-honbun_1.pdf,2026-07-05,ok,地域経済・観光・地方創生|エネルギー・環境|産業政策・成長戦略,主張・提言
gov_cefp_2025.pdf,gov_cefp_2025,gov,政府,経済財政運営と改革の基本方針2025 ～「今日より明日はよくなる」と実感できる社会へ～（令和７年６月13日閣議決定） (PDF形式:1.2MB),2025-06-13,20250613,方針,,公開,https://www5.cao.go.jp/keizai-shimon/kaigi/cabinet/honebuto/2025/2025_basicpolicies_ja.pdf,2026-07-05,ok,マクロ経済・経済財政運営|労働・雇用|社会保障（年金・医療・介護）,主張・提言
gov_cefp_2024.pdf,gov_cefp_2024,gov,政府,経済財政運営と改革の基本方針2024 ～賃上げと投資がけん引する成長型経済の実現～（令和６年６月21日閣議決定）,2024-06-21,20240621,方針,,公開,https://www5.cao.go.jp/keizai-shimon/kaigi/cabinet/honebuto/2024/decision0621.html,2026-07-05,ok,マクロ経済・経済財政運営|労働・雇用|デジタル・情報通信,主張・提言
gov_kisei_260629.pdf,gov_kisei_260629,gov,政府,規制改革推進に関する答申,2026-06-29,20260629,答申,,公開,https://www8.cao.go.jp/kisei-kaikaku/kisei/publication/opinion/260629.pdf,2026-07-05,ok,行政改革・規制改革|デジタル・情報通信|エネルギー・環境,主張・提言
gov_kisei_260226.pdf,gov_kisei_260226,gov,政府,規制改革推進に関する中間答申,2026-02-26,20260226,答申,,公開,https://www8.cao.go.jp/kisei-kaikaku/kisei/publication/opinion/260226.pdf,2026-07-05,ok,行政改革・規制改革|デジタル・情報通信|社会保障（年金・医療・介護）,主張・提言
gov_zaiseishin_20251202.pdf,gov_zaiseishin_20251202,gov,政府,令和８年度予算の編成等に関する建議,2025-12-02,20251202,建議,,公開,https://www.mof.go.jp/about_mof/councils/fiscal_system_council/sub-of_fiscal_system/report/zaiseia20251202/index.html,2026-07-05,ok,税制・財政|社会保障（年金・医療・介護）|マクロ経済・経済財政運営,主張・提言
gov_zaiseishin_20241129.pdf,gov_zaiseishin_20241129,gov,政府,令和７年度予算の編成等に関する建議,2024-11-29,20241129,建議,,公開,https://www.mof.go.jp/about_mof/councils/fiscal_system_council/sub-of_fiscal_system/report/zaiseia20241129/index.html,2026-07-05,ok,税制・財政|社会保障（年金・医療・介護）|外交・安全保障・経済安全保障,主張・提言
gov_cefp_2023.pdf,gov_cefp_2023,gov,政府,経済財政運営と改革の基本方針2023 加速する新しい資本主義～未来への投資の拡大と構造的賃上げの実現～（令和５年６月16日閣議決定）,2023-06-16,20230616,方針,,公開,https://www5.cao.go.jp/keizai-shimon/kaigi/cabinet/honebuto/2023/decision0616.html,2026-07-05,ok,マクロ経済・経済財政運営|税制・財政|金融・資本市場,主張・提言
gov_cefp_2022.pdf,gov_cefp_2022,gov,政府,経済財政運営と改革の基本方針2022 新しい資本主義へ～課題解決を成長のエンジンに変え、持続可能な経済を実現～（令和４年６月７日閣議決定）,2022-06-07,20220607,方針,,公開,https://www5.cao.go.jp/keizai-shimon/kaigi/cabinet/honebuto/2022/decision0607.html,2026-07-05,ok,マクロ経済・経済財政運営|産業政策・成長戦略|エネルギー・環境,主張・提言
gov_cefp_2021.pdf,gov_cefp_2021,gov,政府,経済財政運営と改革の基本方針2021 日本の未来を拓く４つの原動力～グリーン、デジタル、活力ある地方創り、少子化対策～（令和３年６月18日閣議決定）,2021-06-18,20210618,方針,,公開,https://www5.cao.go.jp/keizai-shimon/kaigi/cabinet/honebuto/2021/decision0618.html,2026-07-05,ok,マクロ経済・経済財政運営|エネルギー・環境|地域経済・観光・地方創生,主張・提言
gov_cefp_2020.pdf,gov_cefp_2020,gov,政府,経済財政運営と改革の基本方針2020～危機の克服、そして新しい未来へ～（令和２年７月17日閣議決定）,2020-07-17,20200717,方針,,公開,https://www5.cao.go.jp/keizai-shimon/kaigi/cabinet/honebuto/2020/decision0717.html,2026-07-05,ok,マクロ経済・経済財政運営|デジタル・情報通信|行政改革・規制改革,主張・提言
gov_cefp_2019.pdf,gov_cefp_2019,gov,政府,経済財政運営と改革の基本方針2019～「令和」新時代：「Society 5.0」への挑戦～（令和元年６月21日閣議決定）,2019-06-21,20190621,方針,,公開,https://www5.cao.go.jp/keizai-shimon/kaigi/cabinet/honebuto/2019/decision0621.html,2026-07-05,ok,マクロ経済・経済財政運営|社会保障（年金・医療・介護）|通商・国際経済・国際協力,主張・提言
gov_cefp_2018.pdf,gov_cefp_2018,gov,政府,経済財政運営と改革の基本方針2018～少子高齢化の克服による持続的な成長経路の実現～（平成30年6月15日閣議決定）,2018-06-15,20180615,方針,,公開,https://www5.cao.go.jp/keizai-shimon/kaigi/cabinet/honebuto/2018/decision0615.html,2026-07-05,ok,マクロ経済・経済財政運営|産業政策・成長戦略|社会保障（年金・医療・介護）,主張・提言
gov_kisei_250528.pdf,gov_kisei_250528,gov,政府,規制改革推進に関する答申,2025-05-28,20250528,答申,,公開,https://www8.cao.go.jp/kisei-kaikaku/kisei/publication/opinion/250528.pdf,2026-07-05,ok,行政改革・規制改革|企業経営・ガバナンス・サステナビリティ|デジタル・情報通信,主張・提言
gov_kisei_241225.pdf,gov_kisei_241225,gov,政府,規制改革推進に関する中間答申,2024-12-25,20241225,答申,,公開,https://www8.cao.go.jp/kisei-kaikaku/kisei/publication/opinion/241225.pdf,2026-07-05,ok,行政改革・規制改革|地域経済・観光・地方創生|農林水産・食料,主張・提言
gov_kisei_240531.pdf,gov_kisei_240531,gov,政府,規制改革推進に関する答申,2024-05-31,20240531,答申,,公開,https://www8.cao.go.jp/kisei-kaikaku/kisei/publication/opinion/240531.pdf,2026-07-05,ok,行政改革・規制改革|国土・住宅・交通・防災|労働・雇用,主張・提言
gov_kisei_231226.pdf,gov_kisei_231226,gov,政府,規制改革推進に関する中間答申,2023-12-26,20231226,答申,,公開,https://www8.cao.go.jp/kisei-kaikaku/kisei/publication/opinion/231226.pdf,2026-07-05,ok,行政改革・規制改革|デジタル・情報通信|国土・住宅・交通・防災,主張・提言
gov_kisei_230601.pdf,gov_kisei_230601,gov,政府,規制改革推進に関する答申,2023-06-01,20230601,答申,,公開,https://www8.cao.go.jp/kisei-kaikaku/kisei/publication/opinion/230601.pdf,2026-07-05,ok,行政改革・規制改革|デジタル・情報通信|産業政策・成長戦略,主張・提言
gov_kisei_221222.pdf,gov_kisei_221222,gov,政府,中間答申,2022-12-22,20221222,答申,,公開,https://www8.cao.go.jp/kisei-kaikaku/kisei/publication/opinion/221222.pdf,2026-07-05,ok,行政改革・規制改革|地域経済・観光・地方創生|中小企業,主張・提言
gov_kisei_220527.pdf,gov_kisei_220527,gov,政府,規制改革推進に関する答申,2022-05-27,20220527,答申,,公開,https://www8.cao.go.jp/kisei-kaikaku/kisei/publication/opinion/220527.pdf,2026-07-05,ok,行政改革・規制改革|国土・住宅・交通・防災|人材・教育,主張・提言
gov_kisei_211222.pdf,gov_kisei_211222,gov,政府,当面の規制改革の実施事項,2021-12-22,20211222,提言,,公開,https://www8.cao.go.jp/kisei-kaikaku/kisei/publication/opinion/211222.pdf,2026-07-05,ok,行政改革・規制改革|デジタル・情報通信|産業政策・成長戦略,主張・提言
gov_kisei_201222.pdf,gov_kisei_201222,gov,政府,当面の規制改革の実施事項,2020-12-22,20201222,提言,,公開,https://www8.cao.go.jp/kisei-kaikaku/kisei/publication/opinion/201222.pdf,2026-07-05,ok,行政改革・規制改革|デジタル・情報通信|中小企業,主張・提言
gov_zaiseishin_20231120.pdf,gov_zaiseishin_20231120,gov,政府,令和６年度予算の編成等に関する建議,2023-11-20,20231120,建議,,公開,https://www.mof.go.jp/about_mof/councils/fiscal_system_council/sub-of_fiscal_system/report/zaiseia20231120/zaiseia20231120.html,2026-07-05,ok,税制・財政|マクロ経済・経済財政運営|社会保障（年金・医療・介護）,主張・提言
gov_zaiseishin_20221129.pdf,gov_zaiseishin_20221129,gov,政府,令和５年度予算の編成等に関する建議,2022-11-29,20221129,建議,,公開,https://www.mof.go.jp/about_mof/councils/fiscal_system_council/sub-of_fiscal_system/report/zaiseia20221129/index.html,2026-07-05,ok,税制・財政|マクロ経済・経済財政運営|社会保障（年金・医療・介護）,主張・提言
gov_zaiseishin_20211203.pdf,gov_zaiseishin_20211203,gov,政府,令和４年度予算の編成等に関する建議,2021-12-03,20211203,建議,,公開,https://www.mof.go.jp/about_mof/councils/fiscal_system_council/sub-of_fiscal_system/report/zaiseia20211203/index.html,2026-07-05,ok,税制・財政|社会保障（年金・医療・介護）|マクロ経済・経済財政運営,主張・提言
gov_zaiseishin_20210521.pdf,gov_zaiseishin_20210521,gov,政府,財政健全化に向けた建議,2021-05-21,20210521,建議,,公開,https://www.mof.go.jp/about_mof/councils/fiscal_system_council/sub-of_fiscal_system/report/zaiseia20210521/index.html,2026-07-05,ok,税制・財政|社会保障（年金・医療・介護）|マクロ経済・経済財政運営,主張・提言
gov_zaiseishin_20201125.pdf,gov_zaiseishin_20201125,gov,政府,令和３年度予算の編成等に関する建議,2020-11-25,20201125,建議,,公開,https://www.mof.go.jp/about_mof/councils/fiscal_system_council/sub-of_fiscal_system/report/zaiseia20201125/index.html,2026-07-05,ok,税制・財政|マクロ経済・経済財政運営,主張・提言
gov_zaiseishin_20191125.pdf,gov_zaiseishin_20191125,gov,政府,令和２年度予算の編成等に関する建議,2019-11-25,20191125,建議,,公開,https://www.mof.go.jp/about_mof/councils/fiscal_system_council/sub-of_fiscal_system/report/zaiseia20191125/index.html,2026-07-05,ok,社会保障（年金・医療・介護）|税制・財政,主張・提言
gov_zaiseishin_20190619.pdf,gov_zaiseishin_20190619,gov,政府,令和時代の財政の在り方に関する建議,2019-06-19,20190619,建議,,公開,https://www.mof.go.jp/about_mof/councils/fiscal_system_council/sub-of_fiscal_system/report/zaiseia20190619/index.html,2026-07-05,ok,税制・財政|社会保障（年金・医療・介護）|マクロ経済・経済財政運営,主張・提言
doyukai_2026_260710.pdf,doyukai_2026_260710,doyukai,経済団体,経済成長と多様な個人の活躍を支える「雇用型自律労働契約」の導入を ～労働法制の令和モデルへの見直し～【改訂版】,2026-07-10,20260710,提言,人材、企業経営、規制・制度改革、雇用・労働,公開,https://www.doyukai.or.jp/policyproposals/uploads/docs/20260710a.pdf,2026-09-03,ok,労働・雇用|行政改革・規制改革|人材・教育,主張・提言
doyukai_2026_260630.pdf,doyukai_2026_260630,doyukai,経済団体,高等教育機関との連携プロジェクトチーム 活動報告 ～学習と実践の好循環に向けた企業と高等教育機関の新たな連携の探求～,2026-06-30,20260630,提言,人材、教育,公開,https://www.doyukai.or.jp/policyproposals/uploads/docs/20260630a.pdf,2026-09-03,ok,人材・教育,活動記録
doyukai_2026_260519.pdf,doyukai_2026_260519,doyukai,経済団体,部活動の地域展開を起点とした好循環モデルの構築を ～スポーツ・文化芸術分野の投資と成長の好循環に向けて～,2026-05-19,20260519,提言,スポーツ・文化、地域経済、子ども・子育て、教育,公開,https://www.doyukai.or.jp/policyproposals/uploads/docs/20260519c.pdf,2026-09-03,ok,こども・子育て・人口|地域経済・観光・地方創生|人材・教育,主張・提言
doyukai_2026_260423.pdf,doyukai_2026_260423,doyukai,経済団体,持続可能で強靱な医療システムへ ～7つの危機に立ち向かう2つの改革～,2026-04-23,20260423,提言,デジタル化／IT、医療・介護、安全保障／経済安全保障、社会保障,公開,https://www.doyukai.or.jp/policyproposals/uploads/docs/20260423a.pdf,2026-09-03,ok,社会保障（年金・医療・介護）|行政改革・規制改革,主張・提言
doyukai_2026_260622.pdf,doyukai_2026_260622,doyukai,経済団体,改めてのれんの非償却を求める,2026-06-22,20260622,提言,規制・制度改革、調査・アンケート、起業／スタートアップ,公開,https://www.doyukai.or.jp/policyproposals/uploads/docs/20260622a.pdf,2026-09-03,ok,企業経営・ガバナンス・サステナビリティ|金融・資本市場|産業政策・成長戦略,主張・提言
doyukai_2025_250701.pdf,doyukai_2025_250701,doyukai,経済団体,経済同友会、参議院選挙2025を前に各政党の政策比較・評価を実施 ～公約や政策を熟慮・検証し、投票に臨むことができる選挙の実現に向けて～,2025-07-01,20250701,資料,政治、調査・アンケート,公開,https://www.doyukai.or.jp/policyproposals/uploads/docs/20250701%EF%BC%9A%E6%B7%BB%E4%BB%98%E8%B3%87%E6%96%99%EF%BC%9A%E5%90%84%E6%94%BF%E5%85%9A%E3%81%B8%E3%81%AE%E5%85%AC%E9%96%8B%E8%B3%AA%E5%95%8F%E7%8A%B6%EF%BC%88%E8%A8%AD%E5%95%8F%E4%B8%80%E8%A6%A7%EF%BC%89.pdf,2026-09-03,ok,政治・統治機構・憲法|マクロ経済・経済財政運営,外部・第三者資料
doyukai_2026_260619.pdf,doyukai_2026_260619,doyukai,経済団体,欧州委員会 欧州ミッション報告書,2026-06-19,20260619,報告書,国際開発・協力、安全保障／経済安全保障、海外視察／国際会議、環境／エネルギー、貿易／経済連携,公開,https://www.doyukai.or.jp/policyproposals/uploads/docs/20260619a.pdf,2026-09-03,ok,外交・安全保障・経済安全保障|通商・国際経済・国際協力|エネルギー・環境,活動記録
doyukai_2026_260410.pdf,doyukai_2026_260410,doyukai,経済団体,米州委員会 米国ミッション報告書,2026-04-10,20260410,報告書,国際開発・協力、外交・国際問題、安全保障／経済安全保障、海外視察／国際会議、貿易／経済連携,公開,https://www.doyukai.or.jp/policyproposals/uploads/docs/20260410a.pdf,2026-09-03,ok,外交・安全保障・経済安全保障|通商・国際経済・国際協力,活動記録
doyukai_2026_260610.pdf,doyukai_2026_260610,doyukai,経済団体,医療機関の経営改革に向けた規制緩和 ～誰一人取り残さないセーフティネットのために～,2026-06-10,20260610,提言,医療・介護、社会保障、規制・制度改革、財政,公開,https://www.doyukai.or.jp/policyproposals/uploads/docs/20260610a.pdf,2026-09-03,ok,社会保障（年金・医療・介護）|行政改革・規制改革|企業経営・ガバナンス・サステナビリティ,主張・提言
doyukai_2026_260602.pdf,doyukai_2026_260602,doyukai,経済団体,経済同友会 会員アンケートの結果について,2026-06-02,20260602,提言,調査・アンケート,公開,https://www.doyukai.or.jp/policyproposals/uploads/docs/20260602a.pdf,2026-09-03,ok,税制・財政|外交・安全保障・経済安全保障|社会保障（年金・医療・介護）,内部調査・会員アンケート
doyukai_2025_260330.pdf,doyukai_2025_260330,doyukai,経済団体,ファミリービジネスの成長を日本経済の推進力に ～事業承継に関する経営者向けガイドラインおよび政策提言～,2026-03-30,20260330,提言,中堅・中小企業、企業法制／ガバナンス、企業経営,公開,https://www.doyukai.or.jp/policyproposals/uploads/docs/20260330a.pdf,2026-09-03,ok,中小企業|企業経営・ガバナンス・サステナビリティ|税制・財政,主張・提言
doyukai_2026_260529.pdf,doyukai_2026_260529,doyukai,経済団体,エネルギー自立を国策の根幹へ ～S＋3Eの高度化に向けた意見～,2026-05-29,20260529,意見,イノベーション／研究開発、国家ビジョン、外交・国際問題、安全保障／経済安全保障、環境／エネルギー、行政改革、規制・制度改革,公開,https://www.doyukai.or.jp/policyproposals/uploads/docs/20260529a.pdf,2026-09-03,ok,エネルギー・環境|外交・安全保障・経済安全保障|産業政策・成長戦略,主張・提言
doyukai_2026_260512.pdf,doyukai_2026_260512,doyukai,経済団体,非上場株式の相続税評価見直しに関する意見,2026-05-12,20260512,意見,中堅・中小企業、企業法制／ガバナンス、企業経営、税制、起業／スタートアップ,公開,https://www.doyukai.or.jp/policyproposals/uploads/docs/20260512a.pdf,2026-09-03,ok,税制・財政|中小企業|企業経営・ガバナンス・サステナビリティ,主張・提言
doyukai_2026_260520.pdf,doyukai_2026_260520,doyukai,経済団体,会社法制（株式・株主総会等関係）の見直しに関する 中間試案に対する意見（パブリック・コメント）,2026-05-20,20260520,意見,企業法制／ガバナンス、企業経営、規制・制度改革,公開,https://www.doyukai.or.jp/policyproposals/uploads/docs/20260520a.pdf,2026-09-03,ok,企業経営・ガバナンス・サステナビリティ|行政改革・規制改革,主張・提言
doyukai_2025_251225.pdf,doyukai_2025_251225,doyukai,経済団体,インパクト会計事例集「日本企業におけるインパクト会計の導入と実践的意義 ～先進事例からの示唆～」,2025-12-25,20251225,提言,CSR／サステナビリティ経営、ソーシャルセクター／NPO、人材、企業法制／ガバナンス、企業経営、調査・アンケート,公開,https://www.doyukai.or.jp/policyproposals/uploads/docs/20251225a.pdf,2026-09-03,ok,企業経営・ガバナンス・サステナビリティ,活動記録
doyukai_2026_260421.pdf,doyukai_2026_260421,doyukai,経済団体,「企業とソーシャルセクター間の円滑な資金供与に向けて」 ～「共助成長社会」の実現に向けた資金面での処方箋～,2026-04-21,20260421,提言,CSR／サステナビリティ経営、ソーシャルセクター／NPO、税制,公開,https://www.doyukai.or.jp/policyproposals/uploads/docs/20260421a.pdf,2026-09-03,ok,企業経営・ガバナンス・サステナビリティ|税制・財政|社会保障（年金・医療・介護）,主張・提言
doyukai_2026_260420.pdf,doyukai_2026_260420,doyukai,経済団体,「ファミリーガバナンス・ガイダンス（案）」に対する意見（パブリック・コメント）,2026-04-20,20260420,意見,中堅・中小企業、企業法制／ガバナンス、企業経営,公開,https://www.doyukai.or.jp/policyproposals/uploads/docs/20260420a.pdf,2026-09-03,ok,中小企業|企業経営・ガバナンス・サステナビリティ|税制・財政,主張・提言
doyukai_2026_260413.pdf,doyukai_2026_260413,doyukai,経済団体,2026年3月（第156回）景気定点観測アンケート調査結果,2026-04-13,20260413,資料,マクロ経済、調査・アンケート,公開,https://www.doyukai.or.jp/policyproposals/uploads/docs/20260413a.pdf,2026-09-03,ok,マクロ経済・経済財政運営|労働・雇用,内部調査・会員アンケート
doyukai_2025_251224.pdf,doyukai_2025_251224,doyukai,経済団体,2025年12月（第155回）景気定点観測アンケート調査結果,2025-12-24,20251224,資料,マクロ経済、調査・アンケート,公開,https://www.doyukai.or.jp/policyproposals/uploads/docs/20251224a.pdf,2026-09-03,ok,マクロ経済・経済財政運営,内部調査・会員アンケート
doyukai_2025_251017.pdf,doyukai_2025_251017,doyukai,経済団体,2025年9月（第154回）景気定点観測アンケート調査結果,2025-10-17,20251017,資料,マクロ経済、調査・アンケート,公開,https://www.doyukai.or.jp/policyproposals/uploads/docs/20251017a.pdf,2026-09-03,ok,マクロ経済・経済財政運営|労働・雇用,内部調査・会員アンケート
doyukai_2025_250711.pdf,doyukai_2025_250711,doyukai,経済団体,2025年6月（第153回）景気定点観測アンケート調査結果,2025-07-11,20250711,資料,マクロ経済、調査・アンケート,公開,https://www.doyukai.or.jp/policyproposals/uploads/docs/20250711a.pdf,2026-09-03,ok,マクロ経済・経済財政運営|労働・雇用,内部調査・会員アンケート
doyukai_2025_250530.pdf,doyukai_2025_250530,doyukai,経済団体,のれんの非償却の導入およびのれん償却費計上区分の変更に関するテーマ受付表,2025-05-30,20250530,提言,規制・制度改革、調査・アンケート、起業／スタートアップ,公開,https://www.doyukai.or.jp/policyproposals/uploads/docs/20250530a.pdf,2026-09-03,ok,税制・財政|イノベーション・科学技術・スタートアップ|企業経営・ガバナンス・サステナビリティ,主張・提言
doyukai_2025_260218.pdf,doyukai_2025_260218,doyukai,経済団体,第7期科学技術・イノベーション基本計画答申素案に対する意見,2026-02-18,20260218,意見,イノベーション／研究開発、人材、国家ビジョン、安全保障／経済安全保障,公開,https://www.doyukai.or.jp/policyproposals/uploads/docs/20260218a.pdf,2026-09-03,ok,イノベーション・科学技術・スタートアップ|人材・教育|税制・財政,主張・提言
doyukai_2025_260326.pdf,doyukai_2025_260326,doyukai,経済団体,日本・ASEAN 経営者変革ネットワーク AJ-NEXT 2025報告書 多極化と不確実性の中、レジリエントで持続可能な成長を追求する,2026-03-26,20260326,報告書,国際開発・協力、海外視察／国際会議、貿易／経済連携,公開,https://www.doyukai.or.jp/policyproposals/uploads/docs/20260326a.pdf,2026-09-03,ok,通商・国際経済・国際協力,活動記録
doyukai_2025_260303.pdf,doyukai_2025_260303,doyukai,経済団体,のれん非償却に関する意見,2026-03-03,20260303,意見,規制・制度改革、調査・アンケート、起業／スタートアップ,公開,https://www.doyukai.or.jp/policyproposals/uploads/docs/20260303a.pdf,2026-09-03,ok,企業経営・ガバナンス・サステナビリティ|金融・資本市場|産業政策・成長戦略,主張・提言
doyukai_2025_260203.pdf,doyukai_2025_260203,doyukai,経済団体,経済同友会、総選挙を前に各政党の政策比較を実施,2026-02-03,20260203,資料,政治、調査・アンケート,公開,https://www.doyukai.or.jp/policyproposals/uploads/docs/01_%E9%87%8D%E7%82%B9%E5%88%86%E9%87%8E%E3%81%AB%E3%81%8A%E3%81%91%E3%82%8B%E5%90%84%E6%94%BF%E5%85%9A%E3%81%AE%E6%94%BF%E7%AD%96%E6%AF%94%E8%BC%83.pdf,2026-09-03,ok,政治・統治機構・憲法|マクロ経済・経済財政運営|社会保障（年金・医療・介護）,外部・第三者資料
doyukai_2025_251107.pdf,doyukai_2025_251107,doyukai,経済団体,「オープンイノベーション促進税制」の延長・拡充に関する意見 ～スタートアップとの共創による非連続的成長の実現へ～,2025-11-07,20251107,意見,イノベーション／研究開発、企業経営、税制、起業／スタートアップ,公開,https://www.doyukai.or.jp/policyproposals/uploads/docs/20251107_iken.pdf,2026-09-03,ok,税制・財政|イノベーション・科学技術・スタートアップ|産業政策・成長戦略,主張・提言
doyukai_2025_260130.pdf,doyukai_2025_260130,doyukai,経済団体,経済同友会 衆議院選挙を前に「経営者対象アンケート」を緊急実施,2026-01-30,20260130,提言,企業経営、政治、調査・アンケート,公開,https://www.doyukai.or.jp/policyproposals/uploads/docs/260130a.pdf,2026-09-03,ok,政治・統治機構・憲法|マクロ経済・経済財政運営|税制・財政,内部調査・会員アンケート
doyukai_2023_240326.pdf,doyukai_2023_240326,doyukai,経済団体,訪米ミッション報告書,2024-03-26,20240326,報告書,外交・国際問題、安全保障／経済安全保障、海外視察／国際会議、貿易／経済連携,公開,https://www.doyukai.or.jp/policyproposals/uploads/docs/20240326a.pdf,2026-09-03,ok,外交・安全保障・経済安全保障|通商・国際経済・国際協力,活動記録
doyukai_2025_250604.pdf,doyukai_2025_250604,doyukai,経済団体,日本経済のダイナミズム復活のために ―経営者・投資家の実践的活動と政府等への提言―,2025-06-04,20250604,提言,人材、企業法制／ガバナンス、企業経営、税制、起業／スタートアップ、雇用・労働,公開,https://www.doyukai.or.jp/policyproposals/uploads/docs/20250604a.pdf,2026-09-03,ok,企業経営・ガバナンス・サステナビリティ|金融・資本市場|労働・雇用,主張・提言
doyukai_2024_240527.pdf,doyukai_2024_240527,doyukai,経済団体,中国ミッション報告書,2024-05-27,20240527,報告書,企業経営、海外視察／国際会議、製造業／ものづくり、貿易／経済連携,公開,https://www.doyukai.or.jp/policyproposals/uploads/docs/20240527report.pdf,2026-09-03,ok,通商・国際経済・国際協力|産業政策・成長戦略|イノベーション・科学技術・スタートアップ,活動記録
doyukai_2024_241025.pdf,doyukai_2024_241025,doyukai,経済団体,米州委員会ミッション報告書,2024-10-25,20241025,報告書,外交・国際問題、安全保障／経済安全保障、海外視察／国際会議、貿易／経済連携,公開,https://www.doyukai.or.jp/policyproposals/uploads/docs/20241025a.pdf,2026-09-03,ok,外交・安全保障・経済安全保障|通商・国際経済・国際協力,活動記録
doyukai_2025_260115.pdf,doyukai_2025_260115,doyukai,経済団体,「パートナーシップ構築宣言」の実効性向上に向けて ～「取適法」施行を契機とし、社会全体での「価格転嫁の商習慣」の定着を～（経済3団体）,2026-01-15,20260115,提言,マクロ経済、中堅・中小企業、人材、企業経営、雇用・労働,公開,https://www.doyukai.or.jp/policyproposals/uploads/docs/20260115a.pdf,2026-09-03,ok,中小企業|企業経営・ガバナンス・サステナビリティ|労働・雇用,主張・提言
doyukai_2025_260114.pdf,doyukai_2025_260114,doyukai,経済団体,経済同友会・韓国貿易協会 共同提案 「AI時代の日韓産業協力」 ― 米中主導のAI競争を前提に、日韓が取るべき産業連携の共創領域を提示 ―,2026-01-14,20260114,提言,イノベーション／研究開発、デジタル化／IT、医療・介護、海外視察／国際会議、貿易／経済連携、起業／スタートアップ,公開,https://www.doyukai.or.jp/policyproposals/uploads/docs/20260114a.pdf,2026-09-03,ok,通商・国際経済・国際協力|イノベーション・科学技術・スタートアップ|産業政策・成長戦略,主張・提言
doyukai_2024_241225b.pdf,doyukai_2024_241225b,doyukai,経済団体,代表幹事 中国ミッション報告書,2024-12-25,20241225,報告書,企業経営、国際開発・協力、外交・国際問題、海外視察／国際会議、貿易／経済連携,公開,https://www.doyukai.or.jp/policyproposals/uploads/docs/20241225b.pdf,2026-09-03,ok,通商・国際経済・国際協力|外交・安全保障・経済安全保障,活動記録
doyukai_2025_250522b.pdf,doyukai_2025_250522b,doyukai,経済団体,中国ミッション報告書,2025-05-22,20250522,報告書,イノベーション／研究開発、企業経営、外交・国際問題、海外視察／国際会議、貿易／経済連携,公開,https://www.doyukai.or.jp/policyproposals/uploads/docs/20250522china.pdf,2026-09-03,ok,通商・国際経済・国際協力|外交・安全保障・経済安全保障|産業政策・成長戦略,活動記録
doyukai_2025_251223.pdf,doyukai_2025_251223,doyukai,経済団体,韓国委員会ミッション報告書,2025-12-23,20251223,報告書,イノベーション／研究開発、デジタル化／IT、医療・介護、海外視察／国際会議、貿易／経済連携、起業／スタートアップ,公開,https://www.doyukai.or.jp/policyproposals/uploads/docs/20251223a.pdf,2026-09-03,ok,通商・国際経済・国際協力|イノベーション・科学技術・スタートアップ|デジタル・情報通信,活動記録
doyukai_2025_251208.pdf,doyukai_2025_251208,doyukai,経済団体,「ふるさと納税」の控除額の上限設定に関する緊急意見 ～共助資本主義の実現に向けた寄付の維持・拡大のために～,2025-12-08,20251208,意見,CSR／サステナビリティ経営、ソーシャルセクター／NPO、地域経済、地方行財政、税制、規制・制度改革、調査・アンケート、起業／スタートアップ、防災／震災復興,公開,https://www.doyukai.or.jp/policyproposals/uploads/docs/20251208a.pdf,2026-09-03,ok,税制・財政|地域経済・観光・地方創生|企業経営・ガバナンス・サステナビリティ,主張・提言
doyukai_2025_251118.pdf,doyukai_2025_251118,doyukai,経済団体,サイバーセキュリティ戦略（案）に関する意見,2025-11-18,20251118,意見,デジタル化／IT、人材、安全保障／経済安全保障,公開,https://www.doyukai.or.jp/policyproposals/uploads/docs/20251118a.pdf,2026-09-03,ok,外交・安全保障・経済安全保障|デジタル・情報通信|人材・教育,主張・提言
doyukai_2025_251021.pdf,doyukai_2025_251021,doyukai,経済団体,新政権に望む －新たな経済社会への転換にむけた合意形成－,2025-10-21,20251021,提言,ダイバーシティ、マクロ経済、人材、医療・介護、国家ビジョン、地域経済、地方行財政、外交・国際問題、安全保障／経済安全保障、年金、政治、環境／エネルギー、社会保障、税制、規制・制度改革、財政、貿易／経済連携、雇用・労働,公開,https://www.doyukai.or.jp/policyproposals/uploads/docs/20251021a.pdf,2026-09-03,ok,マクロ経済・経済財政運営|労働・雇用|政治・統治機構・憲法,主張・提言
doyukai_2025_250710.pdf,doyukai_2025_250710,doyukai,経済団体,サービス産業の持続的な成長に向けて ～個人が輝く産業になるために～,2025-07-10,20250710,提言,サービス産業、人材、医療・介護,公開,https://www.doyukai.or.jp/policyproposals/uploads/docs/20250710a.pdf,2026-09-03,ok,産業政策・成長戦略|労働・雇用|人材・教育,主張・提言
doyukai_2025_250501.pdf,doyukai_2025_250501,doyukai,経済団体,科学技術立国として再興するために ～ 活・博士人材 ～,2025-05-01,20250501,提言,イノベーション／研究開発、人材、国家ビジョン,公開,https://www.doyukai.or.jp/policyproposals/uploads/docs/20250501a.pdf,2026-09-03,ok,イノベーション・科学技術・スタートアップ|人材・教育,主張・提言
doyukai_2024_250311.pdf,doyukai_2024_250311,doyukai,経済団体,政治資金の徹底した透明化を ～国民が信頼できる政治の実現に向けて～,2025-03-11,20250311,提言,政治,公開,https://www.doyukai.or.jp/policyproposals/uploads/docs/20250311c%E6%9C%AC%E6%96%87.pdf,2026-09-03,ok,政治・統治機構・憲法|行政改革・規制改革,主張・提言
doyukai_2025_250522a.pdf,doyukai_2025_250522a,doyukai,経済団体,経済成長と多様な個人の活躍を支える「雇用型自律労働契約」の導入を ～労働法制の令和モデルへの見直し～,2025-05-22,20250522,提言,人材、企業経営、規制・制度改革、雇用・労働,公開,https://www.doyukai.or.jp/policyproposals/uploads/docs/20250522c.pdf,2026-09-03,ok,労働・雇用|行政改革・規制改革|企業経営・ガバナンス・サステナビリティ,主張・提言
doyukai_2025_2506010.pdf,doyukai_2025_2506010,doyukai,経済団体,社会全体で育み、活力ある未来を共創する ～多様な働き方を支える「真の共働き・共育て社会」の確立へ～,2025-06-10,20250610,提言,子ども・子育て、規制・制度改革,公開,https://www.doyukai.or.jp/policyproposals/uploads/docs/20250610a.pdf,2026-09-03,ok,こども・子育て・人口|労働・雇用|税制・財政,主張・提言
doyukai_2025_250508.pdf,doyukai_2025_250508,doyukai,経済団体,目指すべき外国人材との共生社会とステークホルダーの果たすべき役割 ～外国人材の人口１割時代に向けて～,2025-05-08,20250508,提言,サービス産業、ダイバーシティ、人材、規制・制度改革、雇用・労働,公開,https://www.doyukai.or.jp/policyproposals/uploads/docs/20250508c.pdf,2026-09-03,ok,労働・雇用|多様性・人権・ジェンダー|人材・教育,主張・提言
doyukai_2025_250523a.pdf,doyukai_2025_250523a,doyukai,経済団体,予防・健康づくりは“コストからアセットへ” ～民間投資・地域による公的保険外市場拡大～,2025-05-23,20250523,提言,医療・介護、地域経済、社会保障、規制・制度改革,公開,https://www.doyukai.or.jp/policyproposals/uploads/docs/20250523c.pdf,2026-09-03,ok,社会保障（年金・医療・介護）|地域経済・観光・地方創生|企業経営・ガバナンス・サステナビリティ,主張・提言
doyukai_2025_250625.pdf,doyukai_2025_250625,doyukai,経済団体,経済同友会、参議院選挙2025を前に”経営者対象の世論調査”を実施 経済界が問う国家ビジョンと抜本的な改革,2025-06-25,20250625,提言,企業経営、政治、調査・アンケート,公開,https://www.doyukai.or.jp/policyproposals/uploads/docs/20250625c.pdf,2026-09-03,ok,政治・統治機構・憲法|社会保障（年金・医療・介護）|税制・財政,内部調査・会員アンケート
doyukai_2024_240501.pdf,doyukai_2024_240501,doyukai,経済団体,「年収の壁」支援強化パッケージに対する企業における実態調査結果,2024-05-01,20240501,提言,サービス産業、社会保障、調査・アンケート、雇用・労働,公開,https://www.doyukai.or.jp/policyproposals/uploads/docs/20240501a.pdf,2026-09-03,ok,労働・雇用|社会保障（年金・医療・介護）|中小企業,内部調査・会員アンケート
doyukai_2025_250414.pdf,doyukai_2025_250414,doyukai,経済団体,コンテンツ産業の持続可能な成長に向けて ～アニメ産業の制作現場の改革と競争力強化～,2025-04-14,20250414,提言,その他、スポーツ・文化、デジタル化／IT、企業経営、規制・制度改革,公開,https://www.doyukai.or.jp/policyproposals/uploads/docs/20250414d.pdf,2026-09-03,ok,産業政策・成長戦略|企業経営・ガバナンス・サステナビリティ|人材・教育,主張・提言
doyukai_2025_250409.pdf,doyukai_2025_250409,doyukai,経済団体,企業と人材の流動化により中堅・中小企業の付加価値の創造と日本経済の復活を,2025-04-09,20250409,提言,中堅・中小企業、雇用・労働,公開,https://www.doyukai.or.jp/policyproposals/uploads/docs/20250409d.pdf,2026-09-03,ok,中小企業|労働・雇用|産業政策・成長戦略,主張・提言
doyukai_2025_250519.pdf,doyukai_2025_250519,doyukai,経済団体,代表幹事インドミッション報告書,2025-05-19,20250519,報告書,人材、外交・国際問題、海外視察／国際会議、貿易／経済連携,公開,https://www.doyukai.or.jp/policyproposals/uploads/docs/20250519a.pdf,2026-09-03,ok,通商・国際経済・国際協力|人材・教育|デジタル・情報通信,活動記録
doyukai_2025_250424.pdf,doyukai_2025_250424,doyukai,経済団体,代表幹事 米国ミッション報告書,2025-04-24,20250424,報告書,企業経営、国際開発・協力、外交・国際問題、海外視察／国際会議、貿易／経済連携,公開,https://www.doyukai.or.jp/policyproposals/uploads/docs/20250424a.pdf,2026-09-03,ok,通商・国際経済・国際協力|外交・安全保障・経済安全保障,活動記録
doyukai_2025_250414a.pdf,doyukai_2025_250414a,doyukai,経済団体,イノベーション創出と利便性向上の実現に向けて ライドシェア新法の早期制定を求める,2025-04-14,20250414,提言,規制・制度改革,公開,https://www.doyukai.or.jp/policyproposals/uploads/docs/20250414c.pdf,2026-09-03,ok,行政改革・規制改革|国土・住宅・交通・防災|産業政策・成長戦略,主張・提言
doyukai_2024_241202b.pdf,doyukai_2024_241202b,doyukai,経済団体,現役世代の働く意欲を高め、将来の安心に備える年金制度の構築 ～多様性を包摂し公平・中立・簡素な制度へ～,2024-12-02,20241202,提言,年金、社会保障、雇用・労働,公開,https://www.doyukai.or.jp/policyproposals/uploads/docs/20241202e.pdf,2026-09-03,ok,社会保障（年金・医療・介護）|税制・財政|労働・雇用,主張・提言
doyukai_2024_240510.pdf,doyukai_2024_240510,doyukai,経済団体,政治不信の解消に向けた政治改革 ～改革のモメンタムを高めるための５つの提言～,2024-05-10,20240510,提言,政治、行政改革,公開,https://www.doyukai.or.jp/policyproposals/uploads/docs/20240510a_teigen_honmon.pdf,2026-09-03,ok,政治・統治機構・憲法|行政改革・規制改革,主張・提言
doyukai_2024_240802.pdf,doyukai_2024_240802,doyukai,経済団体,第7次エネルギー基本計画に向けた意見 ～2050年に向けたわが国のエネルギーシステムの最適化のために～,2024-08-02,20240802,意見,国家ビジョン、国際開発・協力、地域経済、外交・国際問題、安全保障／経済安全保障、環境／エネルギー、行政改革、規制・制度改革,公開,https://www.doyukai.or.jp/policyproposals/uploads/docs/20240802_.pdf,2026-09-03,ok,エネルギー・環境|産業政策・成長戦略|マクロ経済・経済財政運営,主張・提言
doyukai_2024_241217.pdf,doyukai_2024_241217,doyukai,経済団体,新たな政治体制下で求める労働市場改革に関する意見 ー持続的な成長と継続的な賃金上昇の二兎を追う、令和モデルの労働市場をー,2024-12-17,20241217,意見,人材、雇用・労働,公開,https://www.doyukai.or.jp/policyproposals/uploads/docs/20241217a.pdf,2026-09-03,ok,労働・雇用|人材・教育|マクロ経済・経済財政運営,主張・提言
doyukai_2024_241023.pdf,doyukai_2024_241023,doyukai,経済団体,「 Cyber Security Everywhere」時代 ～経営者の８つのアクションと政府への６つの提言～,2024-10-23,20241023,提言,デジタル化／IT、人材、企業法制／ガバナンス、企業経営,公開,https://www.doyukai.or.jp/policyproposals/uploads/docs/20241023c.pdf,2026-09-03,ok,デジタル・情報通信|企業経営・ガバナンス・サステナビリティ|行政改革・規制改革,主張・提言
doyukai_2024_241113.pdf,doyukai_2024_241113,doyukai,経済団体,地方創生の加速に向けて ～近隣地連携・遠隔地連携のさらなる推進を～,2024-11-13,20241113,提言,デジタル化／IT、地域経済、地方行財政、起業／スタートアップ,公開,https://www.doyukai.or.jp/policyproposals/uploads/docs/20241113a.pdf,2026-09-03,ok,地域経済・観光・地方創生|行政改革・規制改革|デジタル・情報通信,主張・提言
doyukai_2024_250115.pdf,doyukai_2024_250115,doyukai,経済団体,新たに創設される育成就労制度の施行に向けた意見,2025-01-15,20250115,意見,サービス産業、ダイバーシティ、人材、規制・制度改革、雇用・労働,公開,https://www.doyukai.or.jp/policyproposals/uploads/docs/20250115e.pdf,2026-09-03,ok,労働・雇用|外交・安全保障・経済安全保障|人材・教育,主張・提言
doyukai_2025_250404.pdf,doyukai_2025_250404,doyukai,経済団体,不確実性とAI ～進化と適応の新時代へ～,2025-04-04,20250404,提言,デジタル化／IT、人材、企業経営、安全保障／経済安全保障、規制・制度改革,公開,https://www.doyukai.or.jp/policyproposals/uploads/docs/20250404e.pdf,2026-09-03,ok,デジタル・情報通信|イノベーション・科学技術・スタートアップ|産業政策・成長戦略,主張・提言
doyukai_2025_250423.pdf,doyukai_2025_250423,doyukai,経済団体,イノベーション創出へのDEI経営 ～第二章：男性育休から考える育児のジェンダー平等～,2025-04-23,20250423,提言,ダイバーシティ、人材、子ども・子育て,公開,https://www.doyukai.or.jp/policyproposals/uploads/docs/20250423a.pdf,2026-09-03,ok,多様性・人権・ジェンダー|労働・雇用|こども・子育て・人口,主張・提言
doyukai_2025_20250410a.pdf,doyukai_2025_20250410a,doyukai,経済団体,2025年3月（第152回）景気定点観測アンケート調査結果,2025-04-10,20250410,資料,マクロ経済、調査・アンケート,公開,https://www.doyukai.or.jp/policyproposals/uploads/docs/20250410a.pdf,2026-09-03,ok,マクロ経済・経済財政運営|産業政策・成長戦略,内部調査・会員アンケート
doyukai_2024_250310.pdf,doyukai_2024_250310,doyukai,経済団体,能動的サイバー防御の実現に向けて ～サイバー対処能力強化法案及び同整備法案の早期成立を～,2025-03-10,20250310,提言,デジタル化／IT、人材、企業法制／ガバナンス、企業経営,公開,https://www.doyukai.or.jp/policyproposals/uploads/docs/%E2%98%85%E2%98%85Fin%2020250310a.pdf,2026-09-03,ok,外交・安全保障・経済安全保障|デジタル・情報通信|行政改革・規制改革,主張・提言
doyukai_2024_250305.pdf,doyukai_2024_250305,doyukai,経済団体,TICAD9を契機にアフリカへのコミットメントの具現化を “Cost of Inaction”に目を向け、共創を通じて成果を生み出す,2025-03-05,20250305,提言,中堅・中小企業、人材、企業経営、国際開発・協力、外交・国際問題、貿易／経済連携、起業／スタートアップ,公開,https://www.doyukai.or.jp/policyproposals/uploads/docs/20250305a.pdf,2026-09-03,ok,通商・国際経済・国際協力|産業政策・成長戦略|外交・安全保障・経済安全保障,主張・提言
doyukai_2024_250227_01.pdf,doyukai_2024_250227_01,doyukai,経済団体,アフリカ投資フォーラム（AIF）参加ミッション報告書,2025-02-27,20250227,報告書,国際開発・協力、海外視察／国際会議,公開,https://www.doyukai.or.jp/policyproposals/uploads/docs/20250227a.pdf,2026-09-03,ok,通商・国際経済・国際協力,活動記録
doyukai_2024_250227.pdf,doyukai_2024_250227,doyukai,経済団体,第3回日アフリカ官民経済フォーラムミッション報告書,2025-02-27,20250227,報告書,国際開発・協力、海外視察／国際会議、起業／スタートアップ,公開,https://www.doyukai.or.jp/policyproposals/uploads/docs/2d4af26ba6d896bdc9f32c1665a4f3f70d12dd67.pdf,2026-09-03,ok,通商・国際経済・国際協力|産業政策・成長戦略,活動記録
doyukai_2024_250131.pdf,doyukai_2024_250131,doyukai,経済団体,韓国委員会ミッション報告書,2025-01-31,20250131,報告書,外交・国際問題、海外視察／国際会議、貿易／経済連携,公開,https://www.doyukai.or.jp/policyproposals/uploads/docs/20250131a.pdf,2026-09-03,ok,通商・国際経済・国際協力|イノベーション・科学技術・スタートアップ|産業政策・成長戦略,活動記録
doyukai_2024_250126.pdf,doyukai_2024_250126,doyukai,経済団体,「第7次エネルギー基本計画（案）」に対する意見 （パブリック・コメント）,2025-01-26,20250126,意見,国家ビジョン、国際開発・協力、地域経済、外交・国際問題、安全保障／経済安全保障、環境／エネルギー、行政改革、規制・制度改革,公開,https://www.doyukai.or.jp/policyproposals/uploads/docs/20250126a.pdf,2026-09-03,ok,エネルギー・環境|産業政策・成長戦略|行政改革・規制改革,主張・提言
doyukai_2024_250127.pdf,doyukai_2024_250127,doyukai,経済団体,「産業構造審議会 経済産業政策新機軸部会 事業再構築小委員会報告書（案） －早期での事業再生の円滑化に向けて－」に対する意見（パブリック・コメント）,2025-01-27,20250127,意見,中堅・中小企業、企業法制／ガバナンス、規制・制度改革,公開,https://www.doyukai.or.jp/policyproposals/uploads/docs/20250127a.pdf,2026-09-03,ok,中小企業|企業経営・ガバナンス・サステナビリティ|行政改革・規制改革,主張・提言
doyukai_2024_241202a.pdf,doyukai_2024_241202a,doyukai,経済団体,将来のエネルギー・GX戦略に関する意見,2024-12-02,20241202,意見,国家ビジョン、国際開発・協力、地域経済、外交・国際問題、安全保障／経済安全保障、環境／エネルギー、行政改革、規制・制度改革,公開,https://www.doyukai.or.jp/policyproposals/uploads/docs/20241202a.pdf,2026-09-03,ok,エネルギー・環境|産業政策・成長戦略|外交・安全保障・経済安全保障,主張・提言
doyukai_2024_250116.pdf,doyukai_2024_250116,doyukai,経済団体,社会全体における「価格転嫁の商習慣」の定着に向けて ～構造的な賃上げによる成長型経済の実現へ～（経済3団体）,2025-01-16,20250116,提言,マクロ経済、中堅・中小企業、人材、企業経営、雇用・労働,公開,https://www.doyukai.or.jp/policyproposals/uploads/docs/20250116a.pdf,2026-09-03,ok,中小企業|労働・雇用|マクロ経済・経済財政運営,主張・提言
doyukai_2024_250115b.pdf,doyukai_2024_250115b,doyukai,経済団体,「ソーシャルセクター連携」 のすすめ ～共助経営のためのガイダンス～,2025-01-15,20250115,提言,CSR／サステナビリティ経営、ソーシャルセクター／NPO、企業経営,公開,https://www.doyukai.or.jp/policyproposals/uploads/docs/20250115c.pdf,2026-09-03,ok,企業経営・ガバナンス・サステナビリティ,主張・提言
doyukai_2024_250114.pdf,doyukai_2024_250114,doyukai,経済団体,第50回日本・ASEAN経営者会議 報告書 持続可能な未来のための強固なパートナーシップの構築にむけて,2025-01-14,20250114,報告書,国際開発・協力、海外視察／国際会議、貿易／経済連携,公開,https://www.doyukai.or.jp/policyproposals/uploads/docs/20250114a.pdf,2026-09-03,ok,通商・国際経済・国際協力|農林水産・食料|地域経済・観光・地方創生,活動記録
doyukai_2024_20241226a.pdf,doyukai_2024_20241226a,doyukai,経済団体,2024年12月（第151回）景気定点観測アンケート調査結果,2024-12-26,20241226,資料,マクロ経済、調査・アンケート,公開,https://www.doyukai.or.jp/policyproposals/uploads/docs/20241226a.pdf,2026-09-03,ok,マクロ経済・経済財政運営,内部調査・会員アンケート
doyukai_2024_241225a.pdf,doyukai_2024_241225a,doyukai,経済団体,「重要経済安保情報の指定及びその解除、適性評価の実施並びに 適合事業者の認定に関し、統一的な運用を図るための基準（案）」に対する意見（パブリックコメント）,2024-12-25,20241225,意見,イノベーション／研究開発、企業法制／ガバナンス、企業経営、安全保障／経済安全保障,公開,https://www.doyukai.or.jp/policyproposals/uploads/docs/20241225a.pdf,2026-09-03,ok,外交・安全保障・経済安全保障|行政改革・規制改革|企業経営・ガバナンス・サステナビリティ,主張・提言
doyukai_2024_241112.pdf,doyukai_2024_241112,doyukai,経済団体,新政権に望む ―日本経済の構造転換に向けた経済財政運営―,2024-11-12,20241112,提言,国家ビジョン、地方行財政、社会保障、行政改革、財政,公開,https://www.doyukai.or.jp/policyproposals/uploads/docs/20241112a.pdf,2026-09-03,ok,マクロ経済・経済財政運営|税制・財政|労働・雇用,主張・提言
doyukai_2024_241024.pdf,doyukai_2024_241024,doyukai,経済団体,公開質問状「今回の総選挙において各党に明示いただきたい重要政策」 各政党の回答・重点政策分野における各政党の政策比較・評価,2024-10-24,20241024,資料,政治、調査・アンケート,公開,https://www.doyukai.or.jp/policyproposals/uploads/docs/20241024a.pdf,2026-09-03,ok,政治・統治機構・憲法|外交・安全保障・経済安全保障|マクロ経済・経済財政運営,外部・第三者資料
doyukai_2024_20241010a.pdf,doyukai_2024_20241010a,doyukai,経済団体,2024年9月（第150回）景気定点観測アンケート調査結果,2024-10-10,20241010,資料,マクロ経済、調査・アンケート,公開,https://www.doyukai.or.jp/policyproposals/uploads/docs/20241010a.pdf,2026-09-03,ok,マクロ経済・経済財政運営|労働・雇用,内部調査・会員アンケート
doyukai_2024_241003.pdf,doyukai_2024_241003,doyukai,経済団体,「貿易関係貿易外取引等に関する省令の一部を改正する省令（案）等」に対するパブリック・コメント,2024-10-03,20241003,意見,イノベーション／研究開発、企業経営、安全保障／経済安全保障、規制・制度改革、貿易／経済連携,公開,https://www.doyukai.or.jp/policyproposals/uploads/docs/20241003a.pdf,2026-09-03,ok,外交・安全保障・経済安全保障|産業政策・成長戦略|行政改革・規制改革,主張・提言
doyukai_2024_241001.pdf,doyukai_2024_241001,doyukai,経済団体,企業・経営者によるカスタマーハラスメント対応強化に向けて,2024-10-01,20241001,提言,サービス産業、企業経営、雇用・労働,公開,https://www.doyukai.or.jp/policyproposals/uploads/docs/202401001a.pdf,2026-09-03,ok,労働・雇用|企業経営・ガバナンス・サステナビリティ,主張・提言
doyukai_2024_240724.pdf,doyukai_2024_240724,doyukai,経済団体,スタートアップエコシステムの更なる拡大に向けて,2024-07-24,20240724,提言,イノベーション／研究開発、企業経営、教育、起業／スタートアップ,公開,https://www.doyukai.or.jp/policyproposals/uploads/docs/20240724a.pdf,2026-09-03,ok,イノベーション・科学技術・スタートアップ|金融・資本市場|企業経営・ガバナンス・サステナビリティ,主張・提言
doyukai_2024_240716.pdf,doyukai_2024_240716,doyukai,経済団体,「企業版ふるさと納税」の活用促進に向けた提言 ～「共助」による社会課題解決の流れを加速する～,2024-07-16,20240716,提言,CSR／サステナビリティ経営、ソーシャルセクター／NPO、地域経済、地方行財政、税制、規制・制度改革、調査・アンケート、起業／スタートアップ、防災／震災復興,公開,https://www.doyukai.or.jp/policyproposals/uploads/docs/20240716%EF%BC%9A%E6%8F%90%E8%A8%80%E6%9C%AC%E6%96%87.pdf,2026-09-03,ok,税制・財政|地域経済・観光・地方創生|企業経営・ガバナンス・サステナビリティ,主張・提言
doyukai_2023_240301.pdf,doyukai_2023_240301,doyukai,経済団体,自立した地域の観光経営の実現に向けた宿泊税の拡大と活用,2024-03-01,20240301,提言,地域経済、地方行財政、税制、観光,公開,https://www.doyukai.or.jp/policyproposals/uploads/docs/20240301b.pdf,2026-09-03,ok,地域経済・観光・地方創生|税制・財政,主張・提言
doyukai_2023_231220t.pdf,doyukai_2023_231220t,doyukai,経済団体,『活・原子力』 －私たちの未来のために、原子力活用のあり方を提起する－,2023-12-20,20231220,提言,イノベーション／研究開発、外交・国際問題、安全保障／経済安全保障、環境／エネルギー、行政改革、規制・制度改革,公開,https://www.doyukai.or.jp/policyproposals/uploads/docs/20231220c.pdf,2026-09-03,ok,エネルギー・環境|産業政策・成長戦略|外交・安全保障・経済安全保障,主張・提言
doyukai_2023_240201.pdf,doyukai_2023_240201,doyukai,経済団体,わが国における効果的なライドシェアの導入に向けて 〜なんちゃってライドシェアで終わらせないために〜,2024-02-01,20240201,提言,デジタル化／IT、地域経済、規制・制度改革、観光、起業／スタートアップ,公開,https://www.doyukai.or.jp/policyproposals/uploads/docs/20240201c.pdf,2026-09-03,ok,行政改革・規制改革|国土・住宅・交通・防災|労働・雇用,主張・提言
doyukai_2024_20240711a.pdf,doyukai_2024_20240711a,doyukai,経済団体,2024年6月（第149回）景気定点観測アンケート調査結果,2024-07-11,20240711,資料,マクロ経済、調査・アンケート,公開,https://www.doyukai.or.jp/policyproposals/uploads/docs/20240711a.pdf,2026-09-03,ok,マクロ経済・経済財政運営,内部調査・会員アンケート
doyukai_2024_240425.pdf,doyukai_2024_240425,doyukai,経済団体,規制改革による持続可能な医療提供体制と患者中心の医療の実現 ～タスク・シフト/シェアの推進と経営効率化～,2024-04-25,20240425,提言,医療・介護、規制・制度改革,公開,https://www.doyukai.or.jp/policyproposals/uploads/docs/20240425a.pdf,2026-09-03,ok,社会保障（年金・医療・介護）|行政改革・規制改革|労働・雇用,主張・提言
doyukai_2024_240627.pdf,doyukai_2024_240627,doyukai,経済団体,「経済安全保障上の重要技術に関する技術流出防止策についての提言 ～国が支援を行う研究開発プログラムにおける対応～」への意見,2024-06-27,20240627,意見,イノベーション／研究開発、企業法制／ガバナンス、安全保障／経済安全保障,公開,https://www.doyukai.or.jp/policyproposals/uploads/docs/20240627a.pdf,2026-09-03,ok,外交・安全保障・経済安全保障|イノベーション・科学技術・スタートアップ|産業政策・成長戦略,主張・提言
doyukai_2023_240227.pdf,doyukai_2023_240227,doyukai,経済団体,第49回日本・ASEAN経営者会議 報告書 価値共創時代の日・ASEAN の共通課題 ～グリーン、デジタル、人材～,2024-02-27,20240227,報告書,国際開発・協力、海外視察／国際会議、貿易／経済連携,公開,https://www.doyukai.or.jp/policyproposals/uploads/docs/20240227a.pdf,2026-09-03,ok,通商・国際経済・国際協力|エネルギー・環境|デジタル・情報通信,活動記録
doyukai_2023_240327.pdf,doyukai_2023_240327,doyukai,経済団体,ＥＢＰＭの徹底に向けた基本法の制定を ～国民に信頼されるワイズ・スペンディング～,2024-03-27,20240327,提言,社会保障、行政改革、財政,公開,https://www.doyukai.or.jp/policyproposals/uploads/docs/20240327ha.pdf,2026-09-03,ok,行政改革・規制改革|マクロ経済・経済財政運営|政治・統治機構・憲法,主張・提言
doyukai_2024_240405.pdf,doyukai_2024_240405,doyukai,経済団体,人手不足時代の中堅・中小企業政策 ～生産性向上に向けた合従連衡と労働移動の促進～,2024-04-05,20240405,提言,中堅・中小企業、雇用・労働,公開,https://www.doyukai.or.jp/policyproposals/uploads/docs/20240405a.pdf,2026-09-03,ok,中小企業|労働・雇用|産業政策・成長戦略,主張・提言
doyukai_2024_20240411a.pdf,doyukai_2024_20240411a,doyukai,経済団体,2024年3月（第148回）景気定点観測アンケート調査結果,2024-04-11,20240411,資料,マクロ経済、調査・アンケート,公開,https://www.doyukai.or.jp/policyproposals/uploads/docs/20240411a.pdf,2026-09-03,ok,マクロ経済・経済財政運営,内部調査・会員アンケート
doyukai_2023_20231013k.pdf,doyukai_2023_20231013k,doyukai,経済団体,2023年9月（第146回）景気定点観測アンケート調査結果,2023-10-13,20231013,資料,マクロ経済、調査・アンケート,公開,https://www.doyukai.or.jp/policyproposals/uploads/docs/20231013k.pdf,2026-09-03,ok,マクロ経済・経済財政運営,内部調査・会員アンケート
doyukai_2022_E380907E69C8814E697A5E4BFAEE6ADA3E68EB2E8BC89E38091144E59B9EE699AFE6B097E5AE9AE782B9E8A6B3E6B8ACE8AABFE69FBBE5A0B1E5918AE69BB8_final.pdf,doyukai_2022_E380907E69C8814E697A5E4BFAEE6ADA3E68EB2E8BC89E38091144E59B9EE699AFE6B097E5AE9AE782B9E8A6B3E6B8ACE8AABFE69FBBE5A0B1E5918AE69BB8_final,doyukai,経済団体,2023年3月（第144回）景気定点観測アンケート調査結果 ※2023年7月14日一部修正,2023-03-10,20230310,資料,マクロ経済、調査・アンケート,公開,https://www.doyukai.or.jp/policyproposals/uploads/docs/%E3%80%907%E6%9C%8814%E6%97%A5%E4%BF%AE%E6%AD%A3%E6%8E%B2%E8%BC%89%E3%80%91144%E5%9B%9E%E6%99%AF%E6%B0%97%E5%AE%9A%E7%82%B9%E8%A6%B3%E6%B8%AC%E8%AA%BF%E6%9F%BB%E5%A0%B1%E5%91%8A%E6%9B%B8_final.pdf,2026-09-03,ok,マクロ経済・経済財政運営,内部調査・会員アンケート
doyukai_2021_d5407b43704be796d1b319f8bdd0e57b727119af.pdf,doyukai_2021_d5407b43704be796d1b319f8bdd0e57b727119af,doyukai,経済団体,2022年3月（第140回）景気定点観測アンケート調査結果,2022-03-14,20220314,資料,マクロ経済、調査・アンケート,公開,https://www.doyukai.or.jp/policyproposals/uploads/docs/d5407b43704be796d1b319f8bdd0e57b727119af.pdf,2026-09-03,ok,マクロ経済・経済財政運営,内部調査・会員アンケート
doyukai_2020_210311a.pdf,doyukai_2020_210311a,doyukai,経済団体,2021年3月（第136回）景気定点観測アンケート調査結果,2021-03-11,20210311,資料,マクロ経済、調査・アンケート,公開,https://www.doyukai.or.jp/policyproposals/uploads/docs/210311a.pdf,2026-09-03,ok,マクロ経済・経済財政運営,内部調査・会員アンケート
doyukai_2023_240308p.pdf,doyukai_2023_240308p,doyukai,経済団体,「法人タクシー事業者による交通サービスを補完するための地域の自家用車・ドライバーを活用した有償運送の許可に関する取扱い」に対する意見（パブリック・コメント）,2024-03-08,20240308,意見,規制・制度改革,公開,https://www.doyukai.or.jp/policyproposals/uploads/docs/20240308apubliccomment.pdf,2026-09-03,ok,国土・住宅・交通・防災|行政改革・規制改革|地域経済・観光・地方創生,主張・提言
doyukai_2023_240308.pdf,doyukai_2023_240308,doyukai,経済団体,選択的夫婦別姓制度の早期実現に向けた要望,2024-03-08,20240308,要望,ソーシャルセクター／NPO、ダイバーシティ,公開,https://www.doyukai.or.jp/publish/uploads/docs/2024_3_P13_DR_fuufu_bessei.pdf,2026-09-03,ok,多様性・人権・ジェンダー|政治・統治機構・憲法,主張・提言
doyukai_2023_231003t.pdf,doyukai_2023_231003t,doyukai,経済団体,いわゆる『年収の壁』問題への対応について ―支援強化パッケージの評価と社会保険制度の中長期的な改革の方向性―,2023-10-03,20231003,提言,サービス産業、人材、年金、社会保障、雇用・労働,公開,https://www.doyukai.or.jp/policyproposals/uploads/docs/20231003t.pdf,2026-09-03,ok,社会保障（年金・医療・介護）|労働・雇用|税制・財政,主張・提言
doyukai_2023_240130.pdf,doyukai_2023_240130,doyukai,経済団体,透明性と説明責任ある政党ガバナンスの確立により、国民の信頼の回復を ―政治資金事案に対する意見―,2024-01-30,20240130,意見,その他、政治,公開,https://www.doyukai.or.jp/policyproposals/uploads/docs/240130a.pdf,2026-09-03,ok,政治・統治機構・憲法,主張・提言
doyukai_2023_240222.pdf,doyukai_2023_240222,doyukai,経済団体,セキュリティ・クリアランス法制に関する意見,2024-02-22,20240222,意見,企業法制／ガバナンス、安全保障／経済安全保障,公開,https://www.doyukai.or.jp/policyproposals/uploads/docs/20240222b.pdf,2026-09-03,ok,外交・安全保障・経済安全保障|行政改革・規制改革,主張・提言
doyukai_2023_230706.pdf,doyukai_2023_230706,doyukai,経済団体,のれんの規則的償却に関するアンケート 調査結果,2023-07-06,20230706,提言,規制・制度改革、調査・アンケート、起業／スタートアップ,公開,https://www.doyukai.or.jp/policyproposals/uploads/docs/20230706%EF%BC%9A%E3%81%AE%E3%82%8C%E3%82%93%E3%81%AE%E8%A6%8F%E5%89%87%E7%9A%84%E5%84%9F%E5%8D%B4%E3%81%AE%E8%A6%8B%E7%9B%B4%E3%81%97%E3%81%AB%E9%96%A2%E3%81%99%E3%82%8B%E3%82%A2%E3%83%B3%E3%82%B1%E3%83%BC%E3%83%88%20%E8%AA%BF%E6%9F%BB%E7%B5%90%E6%9E%9C.pdf,2026-09-03,ok,企業経営・ガバナンス・サステナビリティ|産業政策・成長戦略,内部調査・会員アンケート
doyukai_2023_231122t.pdf,doyukai_2023_231122t,doyukai,経済団体,こども・子育て政策の財源に関する意見 ―現役世代の可処分所得の増加を図るため、まずは徹底した歳出改革を―,2023-11-22,20231122,意見,子ども・子育て、社会保障、財政,公開,https://www.doyukai.or.jp/policyproposals/uploads/docs/20231122%EF%BC%9A%E7%B5%8C%E6%B8%88%E3%83%BB%E8%B2%A1%E6%94%BF%E3%83%BB%E9%87%91%E8%9E%8D%E3%83%BB%E7%A4%BE%E4%BC%9A%E5%A7%94%E5%93%A1%E4%BC%9A%EF%BC%9A%E6%84%8F%E8%A6%8B%E6%9C%AC%E6%96%87.pdf,2026-09-03,ok,こども・子育て・人口|社会保障（年金・医療・介護）|税制・財政,主張・提言
doyukai_2023_240119.pdf,doyukai_2023_240119,doyukai,経済団体,グローバルサウス・アフリカ委員会 ミッション報告書,2024-01-19,20240119,報告書,国際開発・協力、外交・国際問題、海外視察／国際会議,公開,https://www.doyukai.or.jp/policyproposals/uploads/docs/20240122a.pdf,2026-09-03,ok,通商・国際経済・国際協力|金融・資本市場,活動記録
doyukai_2023_240117.pdf,doyukai_2023_240117,doyukai,経済団体,構造的な賃上げによる経済好循環の実現に向けて ～価格転嫁など取引適正化の推進～（経済3団体）,2024-01-17,20240117,提言,マクロ経済、中堅・中小企業、人材、企業経営、雇用・労働,公開,https://www.doyukai.or.jp/policyproposals/uploads/docs/240117a.pdf,2026-09-03,ok,中小企業|労働・雇用|マクロ経済・経済財政運営,主張・提言
doyukai_2023_20231226a.pdf,doyukai_2023_20231226a,doyukai,経済団体,2023年12月（第147回）景気定点観測アンケート調査結果,2023-12-26,20231226,資料,マクロ経済、調査・アンケート、雇用・労働,公開,https://www.doyukai.or.jp/policyproposals/uploads/docs/20231226a.pdf,2026-09-03,ok,マクロ経済・経済財政運営|労働・雇用,内部調査・会員アンケート
doyukai_2023_230622t.pdf,doyukai_2023_230622t,doyukai,経済団体,ビジネスリーダーによる多様性ある、公正で、包摂的な社会の実現への協働宣言,2023-06-22,20230622,提言,CSR／サステナビリティ経営、ソーシャルセクター／NPO、ダイバーシティ、人材、企業経営,公開,https://www.doyukai.or.jp/policyproposals/uploads/docs/01%2020230622%EF%BC%9ADEI%E5%8D%94%E5%83%8D%E5%AE%A3%E8%A8%80%EF%BC%88%E5%92%8C%E6%96%87%EF%BC%89.pdf,2026-09-03,ok,多様性・人権・ジェンダー|企業経営・ガバナンス・サステナビリティ,主張・提言
doyukai_2023_231204t.pdf,doyukai_2023_231204t,doyukai,経済団体,「経済安全保障に係る産業・技術基盤強化アクションプラン」への意見,2023-12-04,20231204,意見,イノベーション／研究開発、安全保障／経済安全保障,公開,https://www.doyukai.or.jp/policyproposals/uploads/docs/20231204%EF%BC%9A%E7%B5%8C%E6%B8%88%E5%AE%89%E5%85%A8%E4%BF%9D%E9%9A%9C%E5%A7%94%E5%93%A1%E4%BC%9A%EF%BC%9A%E6%84%8F%E8%A6%8B%E6%9C%AC%E6%96%87.pdf,2026-09-03,ok,外交・安全保障・経済安全保障|産業政策・成長戦略|イノベーション・科学技術・スタートアップ,主張・提言
doyukai_2023_230921h.pdf,doyukai_2023_230921h,doyukai,経済団体,代表幹事韓国ミッション報告書,2023-09-21,20230921,報告書,外交・国際問題、海外視察／国際会議、貿易／経済連携,公開,https://www.doyukai.or.jp/policyproposals/uploads/docs/20230921h2.pdf,2026-09-03,ok,通商・国際経済・国際協力|外交・安全保障・経済安全保障,活動記録
doyukai_2023_231016p.pdf,doyukai_2023_231016p,doyukai,経済団体,「一般乗用旅客自動車運送事業（１人１車制個人タクシーを除く。）の申請に対する処理方針」 等の一部改正等に関する意見（パブリック・コメント）,2023-10-13,20231013,意見,デジタル化／IT、地域経済、規制・制度改革、観光、起業／スタートアップ,公開,https://www.doyukai.or.jp/policyproposals/uploads/docs/20231013p.pdf,2026-09-03,ok,国土・住宅・交通・防災|行政改革・規制改革|地域経済・観光・地方創生,主張・提言
doyukai_2022_E380907E69C8814E697A5E4BFAEE6ADA3E68EB2E8BC89E38091143E59B9EE699AFE6B097E5AE9AE782B9E8A6B3E6B8ACE8AABFE69FBBE5A0B1E5918AE69BB8_final.pdf,doyukai_2022_E380907E69C8814E697A5E4BFAEE6ADA3E68EB2E8BC89E38091143E59B9EE699AFE6B097E5AE9AE782B9E8A6B3E6B8ACE8AABFE69FBBE5A0B1E5918AE69BB8_final,doyukai,経済団体,2022年12月（第143回）景気定点観測アンケート調査結果 ※2023年7月14日一部修正,2022-12-09,20221209,資料,マクロ経済、調査・アンケート,公開,https://www.doyukai.or.jp/policyproposals/uploads/docs/%E3%80%907%E6%9C%8814%E6%97%A5%E4%BF%AE%E6%AD%A3%E6%8E%B2%E8%BC%89%E3%80%91143%E5%9B%9E%E6%99%AF%E6%B0%97%E5%AE%9A%E7%82%B9%E8%A6%B3%E6%B8%AC%E8%AA%BF%E6%9F%BB%E5%A0%B1%E5%91%8A%E6%9B%B8_final.pdf,2026-09-03,ok,マクロ経済・経済財政運営,内部調査・会員アンケート
doyukai_2023_20230714k.pdf,doyukai_2023_20230714k,doyukai,経済団体,2023年6月（第145回）景気定点観測アンケート調査結果,2023-07-14,20230714,資料,マクロ経済、調査・アンケート,公開,https://www.doyukai.or.jp/policyproposals/uploads/docs/20230714k.pdf,2026-09-03,ok,マクロ経済・経済財政運営,内部調査・会員アンケート
doyukai_2023_230518t.pdf,doyukai_2023_230518t,doyukai,経済団体,日本企業のイノベーション創出に向けた経営者への提言 ～経営者による「イノベーション宣言」～,2023-05-18,20230518,提言,イノベーション／研究開発、企業経営,公開,https://www.doyukai.or.jp/policyproposals/uploads/docs/20230518%EF%BC%9A%E3%82%A4%E3%83%8E%E3%83%99%E3%83%BC%E3%82%B7%E3%83%A7%E3%83%B3%E6%88%A6%E7%95%A5%E5%A7%94%E5%93%A1%E4%BC%9A%EF%BC%9A%E6%8F%90%E8%A8%80.pdf,2026-09-03,ok,イノベーション・科学技術・スタートアップ|企業経営・ガバナンス・サステナビリティ|マクロ経済・経済財政運営,主張・提言
doyukai_2023_230508t.pdf,doyukai_2023_230508t,doyukai,経済団体,転換点を迎えた「中国の今」と、その向き合い方について,2023-05-08,20230508,提言,外交・国際問題、安全保障／経済安全保障、海外視察／国際会議,公開,https://www.doyukai.or.jp/policyproposals/uploads/docs/20230508t.pdf,2026-09-03,ok,通商・国際経済・国際協力|外交・安全保障・経済安全保障,主張・提言
doyukai_2023_230515t.pdf,doyukai_2023_230515t,doyukai,経済団体,"""Politics meets Technologies.""の時代を生き抜く国と企業の戦略",2023-05-15,20230515,提言,イノベーション／研究開発、企業経営、国際開発・協力、安全保障／経済安全保障、規制・制度改革、貿易／経済連携,公開,https://www.doyukai.or.jp/policyproposals/uploads/docs/230515a.pdf,2026-09-03,ok,外交・安全保障・経済安全保障|イノベーション・科学技術・スタートアップ|産業政策・成長戦略,主張・提言
doyukai_2023_230510t.pdf,doyukai_2023_230510t,doyukai,経済団体,2022年度国際交流委員会 報告書 オピニオンリーダー対話を通じて探る 欧州の対外姿勢の変化と日本への期待 ～政治・経済情勢と環境・エネルギー問題への対応～,2023-05-10,20230510,報告書,外交・国際問題、海外視察／国際会議、環境／エネルギー,公開,https://www.doyukai.or.jp/policyproposals/uploads/docs/20230510t.pdf,2026-09-03,ok,外交・安全保障・経済安全保障|通商・国際経済・国際協力|エネルギー・環境,活動記録
doyukai_2023_230421t.pdf,doyukai_2023_230421t,doyukai,経済団体,「シン・日本型雇用システム」導入を突破口に、外部労働市場の真の活性化を ―民間主導でリスキリングをあらゆる個人に開放せよ―,2023-04-21,20230421,提言,人材、企業経営、雇用・労働,公開,https://www.doyukai.or.jp/policyproposals/uploads/docs/20230421t2.pdf,2026-09-03,ok,労働・雇用|人材・教育,主張・提言
doyukai_2022_230331.pdf,doyukai_2022_230331,doyukai,経済団体,G7広島サミットに向けた提言 ～より包摂的な世界を築いていく“Boundary Spanner（結節点）”として～,2023-03-31,20230331,提言,国際開発・協力、外交・国際問題、安全保障／経済安全保障、貿易／経済連携,公開,https://www.doyukai.or.jp/policyproposals/uploads/docs/20230331t2.pdf,2026-09-03,ok,外交・安全保障・経済安全保障|通商・国際経済・国際協力|人材・教育,主張・提言
doyukai_2023_230405t.pdf,doyukai_2023_230405t,doyukai,経済団体,価値創造人材の育成に向けた教育トランスフォーメーション（EX） ～個の主体性を尊重し多様性を育てる教育とそれを支える社会環境の整備～,2023-04-05,20230405,提言,人材、子ども・子育て、教育,公開,https://www.doyukai.or.jp/policyproposals/uploads/docs/20230405%EF%BC%9A%E6%95%99%E8%82%B2%E6%94%B9%E9%9D%A9%E5%A7%94%E5%93%A1%E4%BC%9A%EF%BC%9A%E6%8F%90%E8%A8%80_%E5%90%8D%E7%B0%BF%E4%BF%AE%E6%AD%A3.pdf,2026-09-03,ok,人材・教育|イノベーション・科学技術・スタートアップ|労働・雇用,主張・提言
doyukai_2022_230323t.pdf,doyukai_2022_230323t,doyukai,経済団体,スポーツ産業の活性化に向けて ――地域で支えるスポーツエコシステムの構築――,2023-03-23,20230323,提言,スポーツ・文化、地域経済、教育,公開,https://www.doyukai.or.jp/policyproposals/uploads/docs/20230323t3.pdf,2026-09-03,ok,地域経済・観光・地方創生|産業政策・成長戦略|多様性・人権・ジェンダー,主張・提言
doyukai_2022_230307t.pdf,doyukai_2022_230307t,doyukai,経済団体,企業、政府・自治体の防災・減災対策のあり方 ～国難である巨大災害に備えるために～,2023-03-07,20230307,提言,ソーシャルセクター／NPO、企業経営、地方行財政、行政改革、防災／震災復興,公開,https://www.doyukai.or.jp/policyproposals/uploads/docs/20230307%EF%BC%9A%E9%98%B2%E7%81%BD%E3%83%BB%E9%9C%87%E7%81%BD%E5%BE%A9%E8%88%88%E5%A7%94%E5%93%A1%E4%BC%9A%EF%BC%9A%E6%8F%90%E8%A8%80%EF%BC%88%E6%9C%80%E7%B5%82%E7%89%88%EF%BC%89.pdf,2026-09-03,ok,国土・住宅・交通・防災|企業経営・ガバナンス・サステナビリティ|行政改革・規制改革,主張・提言
doyukai_2023_230407t.pdf,doyukai_2023_230407t,doyukai,経済団体,『共助資本主義』 ～「企業のパーパス」と「共感」を起点とした 「アニマル・スピリッツ」の覚醒～,2023-04-07,20230407,提言,CSR／サステナビリティ経営、ソーシャルセクター／NPO、企業経営、国家ビジョン、起業／スタートアップ,公開,https://www.doyukai.or.jp/policyproposals/uploads/docs/20230407.pdf,2026-09-03,ok,企業経営・ガバナンス・サステナビリティ|マクロ経済・経済財政運営,主張・提言
doyukai_2022_230330t.pdf,doyukai_2022_230330t,doyukai,経済団体,地域共創のさらなる推進に向けて ～経営者視点での５つの勘所～,2023-03-30,20230330,提言,地域経済、地方行財政、観光,公開,https://www.doyukai.or.jp/policyproposals/uploads/docs/20230330tv2.pdf,2026-09-03,ok,地域経済・観光・地方創生|行政改革・規制改革|国土・住宅・交通・防災,主張・提言
doyukai_2022_230328t.pdf,doyukai_2022_230328t,doyukai,経済団体,『骨太方針2023』に対する意見 ― 持続可能な財政構造の実現に向けて ―,2023-03-28,20230328,意見,社会保障、税制、財政,公開,https://www.doyukai.or.jp/policyproposals/uploads/docs/20230328t.pdf,2026-09-03,ok,マクロ経済・経済財政運営|税制・財政|社会保障（年金・医療・介護）,主張・提言
doyukai_2022_230309t.pdf,doyukai_2022_230309t,doyukai,経済団体,カーボンニュートラル実現のための企業行動の変革と環境整備 ～イノベーション＆トランジションを実現するGX推進のために～,2023-03-09,20230309,提言,CSR／サステナビリティ経営、イノベーション／研究開発、環境／エネルギー,公開,https://www.doyukai.or.jp/policyproposals/uploads/docs/20230309%EF%BC%9A%E7%92%B0%E5%A2%83%E3%83%BB%E3%82%A8%E3%83%8D%E3%83%AB%E3%82%AE%E3%83%BC%E5%A7%94%E5%93%A1%E4%BC%9A%E6%8F%90%E8%A8%80%E6%9C%AC%E6%96%87.pdf,2026-09-03,ok,エネルギー・環境|産業政策・成長戦略|イノベーション・科学技術・スタートアップ,主張・提言
doyukai_2022_230118_1151.pdf,doyukai_2022_230118_1151,doyukai,経済団体,観光DXの核となる観光地域づくり法人（DMO）の進化 ―持続可能な観光（サステナブル・ツーリズム）の実現に向けて―,2023-01-18,20230118,提言,サービス産業、デジタル化／IT、地域経済、観光,公開,https://www.doyukai.or.jp/policyproposals/uploads/docs/20230118a.pdf,2026-09-03,ok,地域経済・観光・地方創生|デジタル・情報通信|エネルギー・環境,主張・提言
doyukai_2022_230220.pdf,doyukai_2022_230220,doyukai,経済団体,将来の選択肢に制約のない社会を ― 子どもの貧困問題に関する活動と今後に向けた３つの提案 ―,2023-02-20,20230220,提言,ソーシャルセクター／NPO、子ども・子育て、社会保障,公開,https://www.doyukai.or.jp/policyproposals/uploads/docs/%E6%9C%80%E7%B5%82%EF%BC%9A2022%E5%B9%B4%E5%BA%A6%E6%B4%BB%E5%8B%95%E5%A0%B1%E5%91%8A%E6%9B%B8d.pdf,2026-09-03,ok,こども・子育て・人口|社会保障（年金・医療・介護）|労働・雇用,主張・提言
doyukai_2022_230209.pdf,doyukai_2022_230209,doyukai,経済団体,健全な民主主義の確立を目指して －機能する政治・行政システムへの変革－,2023-02-09,20230209,提言,政治、行政改革,公開,https://www.doyukai.or.jp/policyproposals/uploads/docs/%E3%80%90WEB%E6%8E%B2%E8%BC%89%E6%9C%80%E7%B5%82%E7%89%88%E3%80%9120230209%EF%BC%9A%E6%94%BF%E6%B2%BB%E3%83%BB%E8%A1%8C%E6%94%BF%E5%A7%94%E5%93%A1%E4%BC%9A%E3%80%8C%E5%81%A5%E5%85%A8%E3%81%AA%E6%B0%91%E4%B8%BB%E4%B8%BB%E7%BE%A9%E3%81%AE%E7%A2%BA%E7%AB%8B%E3%81%AB%E5%90%91%E3%81%91%E3%81%A6%E3%80%8D%E6%8F%90%E8%A8%80%20.pdf,2026-09-03,ok,政治・統治機構・憲法|行政改革・規制改革,主張・提言
doyukai_2022_230207_1751.pdf,doyukai_2022_230207_1751,doyukai,経済団体,豊かな社会の実現に向けたデータ利活用の基盤を速やかに整備する,2023-02-08,20230208,提言,デジタル化／IT、人材、医療・介護,公開,https://www.doyukai.or.jp/policyproposals/uploads/docs/187630b311e9eb4254a46eb31e3a48ce3ad174d0.pdf,2026-09-03,ok,デジタル・情報通信|社会保障（年金・医療・介護）|人材・教育,主張・提言
doyukai_2022_230203.pdf,doyukai_2022_230203,doyukai,経済団体,私たち経営者の実行宣言 多様な“個”の輝きによる持続的成長へ 〜 企業における“同調意識”と“経路依存性”の超克 ～,2023-02-03,20230203,提言,CSR／サステナビリティ経営、ダイバーシティ、企業経営,公開,https://www.doyukai.or.jp/policyproposals/uploads/docs/20230203%EF%BC%9A%E7%A7%81%E3%81%9F%E3%81%A1%E7%B5%8C%E5%96%B6%E8%80%85%E3%81%AE%E5%AE%9F%E8%A1%8C%E5%AE%A3%E8%A8%80_0210.pdf,2026-09-03,ok,企業経営・ガバナンス・サステナビリティ|多様性・人権・ジェンダー|人材・教育,主張・提言
doyukai_2022_2300130.pdf,doyukai_2022_2300130,doyukai,経済団体,第48回日本・ASEAN経営者会議&#65308;報告書&#65310; 日・ASEANによる 未来価値共創パートナーシップの実現に向けて （2022年12月7～9日）,2023-01-30,20230130,報告書,国際開発・協力、海外視察／国際会議,公開,https://www.doyukai.or.jp/policyproposals/uploads/docs/a04a878878e71b85150c8121ad8c3dde813d0548.pdf,2026-09-03,ok,通商・国際経済・国際協力|イノベーション・科学技術・スタートアップ|産業政策・成長戦略,活動記録
doyukai_2022_230126_1403.pdf,doyukai_2022_230126_1403,doyukai,経済団体,自律した個が「いつでも、どこでも、多くても少なくても働くことができる」社会の実現,2023-01-27,20230127,提言,ダイバーシティ、人材、雇用・労働,公開,https://www.doyukai.or.jp/policyproposals/uploads/docs/20230127a.pdf,2026-09-03,ok,労働・雇用|人材・教育|企業経営・ガバナンス・サステナビリティ,主張・提言
doyukai_2022_220518a.pdf,doyukai_2022_220518a,doyukai,経済団体,将来の選択肢に制約のない社会を ―こども家庭庁の創設に向けて―,2022-05-18,20220518,提言,子ども・子育て、社会保障、行政改革,公開,https://www.doyukai.or.jp/policyproposals/uploads/docs/220518a.pdf,2026-09-03,ok,こども・子育て・人口|行政改革・規制改革|社会保障（年金・医療・介護）,主張・提言
doyukai_2022_230123_1556.pdf,doyukai_2022_230123_1556,doyukai,経済団体,「GX実現に向けた基本方針～今後10年を見据えたロードマップ～」についてのパブリックコメント,2023-01-20,20230120,意見,安全保障／経済安全保障、環境／エネルギー、税制、規制・制度改革、起業／スタートアップ,公開,https://www.doyukai.or.jp/policyproposals/uploads/docs/27547ef83130c30bdfeb882143266f035be21f49.pdf,2026-09-03,ok,エネルギー・環境|産業政策・成長戦略|税制・財政,主張・提言
doyukai_2022_220830a.pdf,doyukai_2022_220830a,doyukai,経済団体,第二次岸田改造内閣に対する意見 ―成長と分配の好循環実現に向け、税と社会保障、労働市場の一体改革を求める―,2022-08-30,20220830,意見,医療・介護、社会保障、規制・制度改革、財政、起業／スタートアップ、雇用・労働,公開,https://www.doyukai.or.jp/policyproposals/uploads/docs/220830a.pdf,2026-09-03,ok,社会保障（年金・医療・介護）|労働・雇用|税制・財政,主張・提言
doyukai_2022_221124_1150.pdf,doyukai_2022_221124_1150,doyukai,経済団体,暗号資産税制改正に関する意見,2022-11-25,20221125,意見,デジタル化／IT、税制、規制・制度改革、起業／スタートアップ,公開,https://www.doyukai.or.jp/policyproposals/uploads/docs/20221125b.pdf,2026-09-03,ok,税制・財政|イノベーション・科学技術・スタートアップ|デジタル・情報通信,主張・提言
doyukai_2022_230112_1551.pdf,doyukai_2022_230112_1551,doyukai,経済団体,「パートナーシップ構築宣言」の実効性向上に向けて （経済3団体）,2023-01-13,20230113,提言,マクロ経済、中堅・中小企業、人材、企業経営、雇用・労働,公開,https://www.doyukai.or.jp/policyproposals/uploads/docs/202301133a.pdf,2026-09-03,ok,中小企業|労働・雇用|企業経営・ガバナンス・サステナビリティ,主張・提言
doyukai_2022_221011_0028.pdf,doyukai_2022_221011_0028,doyukai,経済団体,「生活者共創社会」で実現する多様な価値の持続的創造 ―生活者（SEIKATSUSHA）による選択と行動―,2022-10-11,20221011,提言,ソーシャルセクター／NPO、ダイバーシティ、人材、国家ビジョン、子ども・子育て、教育、社会保障、財政,公開,https://www.doyukai.or.jp/policyproposals/uploads/docs/8b7c354edb7fb2ac8c595a6299c061de84ba5469.pdf,2026-09-03,ok,こども・子育て・人口|多様性・人権・ジェンダー|社会保障（年金・医療・介護）,主張・提言
doyukai_2022_221031_0939.pdf,doyukai_2022_221031_0939,doyukai,経済団体,TICAD8ミッション報告書 2022年8月2４日（水）～9月1日（木） チュニジア・チュニス、モロッコ・カサブランカ、ラバト,2022-10-31,20221031,報告書,国際開発・協力、海外視察／国際会議,公開,https://www.doyukai.or.jp/policyproposals/uploads/docs/20221031a.pdf,2026-09-03,ok,通商・国際経済・国際協力,活動記録
doyukai_2022_220803a.pdf,doyukai_2022_220803a,doyukai,経済団体,成長戦略の着実な実行に向けた提言 -官民がオーナーシップを発揮し、長期的にコミットを,2022-08-03,20220803,提言,マクロ経済、行政改革,公開,https://www.doyukai.or.jp/policyproposals/uploads/docs/220803a.pdf,2026-09-03,ok,産業政策・成長戦略|行政改革・規制改革|政治・統治機構・憲法,主張・提言
doyukai_2022_220708_1601.pdf,doyukai_2022_220708_1601,doyukai,経済団体,2022年度（第37回） 軽井沢アピール 2022 生活者共創社会の実現に向けて～ 成長・投資・分配の好循環 ～,2022-07-08,20220708,提言,ダイバーシティ、人材、国家ビジョン、夏季セミナー、財政,公開,https://www.doyukai.or.jp/policyproposals/uploads/docs/20220708a.pdf,2026-09-03,ok,マクロ経済・経済財政運営|人材・教育|行政改革・規制改革,主張・提言
doyukai_2022_220422a.pdf,doyukai_2022_220422a,doyukai,経済団体,持続可能な財政構造の実現に向けて ――「骨太方針2022」に対する意見――,2022-04-22,20220422,意見,社会保障、税制、財政,公開,https://www.doyukai.or.jp/policyproposals/uploads/docs/220422a.pdf,2026-09-03,ok,税制・財政|社会保障（年金・医療・介護）|労働・雇用,主張・提言
doyukai_2022_220419a.pdf,doyukai_2022_220419a,doyukai,経済団体,実効性ある成長戦略の策定と着実な実行に向けた問題提起（中間提言）,2022-04-19,20220419,提言,マクロ経済、行政改革,公開,https://www.doyukai.or.jp/policyproposals/uploads/docs/220419a.pdf,2026-09-03,ok,産業政策・成長戦略|行政改革・規制改革|マクロ経済・経済財政運営,主張・提言
doyukai_2022_220412a.pdf,doyukai_2022_220412a,doyukai,経済団体,創業期を越えたスタートアップの飛躍的成長に向けて,2022-04-12,20220412,提言,イノベーション／研究開発、規制・制度改革、起業／スタートアップ、雇用・労働,公開,https://www.doyukai.or.jp/publish/uploads/docs/202205_04.pdf,2026-09-03,ok,イノベーション・科学技術・スタートアップ|労働・雇用|行政改革・規制改革,主張・提言
doyukai_2022_220408a.pdf,doyukai_2022_220408a,doyukai,経済団体,データの利活用による経済成長と豊かな社会の実現に向けて ～政府は重点計画に将来ビジョンと工程表を定め マイナンバーを基盤としたデータ連携を急げ～,2022-04-08,20220408,提言,デジタル化／IT、医療・介護、行政改革,公開,https://www.doyukai.or.jp/policyproposals/uploads/docs/220408a.pdf,2026-09-03,ok,デジタル・情報通信|行政改革・規制改革|社会保障（年金・医療・介護）,主張・提言
doyukai_2021_220325a.pdf,doyukai_2021_220325a,doyukai,経済団体,国家ガバナンス再構築に向けた提言 ～中長期的課題・構造的課題に対応するために～,2022-03-25,20220325,提言,政治、行政改革,公開,https://www.doyukai.or.jp/policyproposals/uploads/docs/220325a.pdf,2026-09-03,ok,政治・統治機構・憲法|行政改革・規制改革,主張・提言
doyukai_2021_220331a.pdf,doyukai_2021_220331a,doyukai,経済団体,経済成長に資する カーボンプライシングの導入に向けて,2022-03-31,20220331,提言,CSR／サステナビリティ経営、環境／エネルギー、税制,公開,https://www.doyukai.or.jp/policyproposals/uploads/docs/220331a.pdf,2026-09-03,ok,エネルギー・環境|税制・財政|産業政策・成長戦略,主張・提言
doyukai_2022_220913a.pdf,doyukai_2022_220913a,doyukai,経済団体,国際水準の水際対策で将来の観光立国実現への布石を,2022-09-13,20220913,提言,観光,公開,https://www.doyukai.or.jp/policyproposals/uploads/docs/220913a.pdf,2026-09-03,ok,地域経済・観光・地方創生|通商・国際経済・国際協力|行政改革・規制改革,主張・提言
doyukai_2022_220907a.pdf,doyukai_2022_220907a,doyukai,経済団体,2022年9月（第142回）景気定点観測アンケート調査結果,2022-09-07,20220907,資料,マクロ経済、調査・アンケート,公開,https://www.doyukai.or.jp/policyproposals/uploads/docs/220907a.pdf,2026-09-03,ok,マクロ経済・経済財政運営,内部調査・会員アンケート
doyukai_2022_220810a.pdf,doyukai_2022_220810a,doyukai,経済団体,科学技術・イノベーションへの重点的投資に関する意見 －政産官学一体となった先端技術の実装と社会変革を－,2022-08-10,20220810,意見,イノベーション／研究開発,公開,https://www.doyukai.or.jp/policyproposals/uploads/docs/220810a.pdf,2026-09-03,ok,イノベーション・科学技術・スタートアップ|デジタル・情報通信|産業政策・成長戦略,主張・提言
doyukai_2021_220111_1720.pdf,doyukai_2021_220111_1720,doyukai,経済団体,第18回企業白書,2022-01-11,20220111,提言,イノベーション／研究開発、人材、企業白書、企業経営、調査・アンケート,公開,https://www.doyukai.or.jp/policyproposals/uploads/docs/220111a.pdf,2026-09-03,ok,企業経営・ガバナンス・サステナビリティ|イノベーション・科学技術・スタートアップ|人材・教育,主張・提言
doyukai_2022_220608a.pdf,doyukai_2022_220608a,doyukai,経済団体,2022年6月（第141回）景気定点観測アンケート調査結果,2022-06-08,20220608,資料,マクロ経済、調査・アンケート,公開,https://www.doyukai.or.jp/policyproposals/uploads/docs/220608a.pdf,2026-09-03,ok,マクロ経済・経済財政運営|通商・国際経済・国際協力,内部調査・会員アンケート
doyukai_2021_211210_1918.pdf,doyukai_2021_211210_1918,doyukai,経済団体,オンライン診療・オンライン服薬指導に関する意見 ―新たな診療概念としての確立と 普及促進に向けた不断の改革を求める―,2021-12-10,20211210,意見,デジタル化／IT、医療・介護、規制・制度改革,公開,https://www.doyukai.or.jp/policyproposals/uploads/docs/20211210b.pdf,2026-09-03,ok,社会保障（年金・医療・介護）|デジタル・情報通信|行政改革・規制改革,主張・提言
doyukai_2021_210421a.pdf,doyukai_2021_210421a,doyukai,経済団体,強靭な経済安全保障の確立に向けて ―地経学の時代に日本が取るべき針路とは―,2021-04-21,20210421,提言,イノベーション／研究開発、外交・国際問題、安全保障／経済安全保障,公開,https://www.doyukai.or.jp/policyproposals/uploads/docs/210421a.pdf,2026-09-03,ok,外交・安全保障・経済安全保障|企業経営・ガバナンス・サステナビリティ|通商・国際経済・国際協力,主張・提言
doyukai_2021_210506a.pdf,doyukai_2021_210506a,doyukai,経済団体,国家戦略特区を改革の突破口に,2021-05-06,20210506,提言,行政改革、規制・制度改革,公開,https://www.doyukai.or.jp/policyproposals/uploads/docs/210506a.pdf,2026-09-03,ok,行政改革・規制改革|地域経済・観光・地方創生|農林水産・食料,主張・提言
doyukai_2021_220216_1233.pdf,doyukai_2021_220216_1233,doyukai,経済団体,経済安全保障法制に関する意見（経済安全保障法制に関する有識者会議提言を踏まえて）,2022-02-16,20220216,意見,イノベーション／研究開発、安全保障／経済安全保障、規制・制度改革,公開,https://www.doyukai.or.jp/policyproposals/uploads/docs/369dd05c6b1afdaeaffad23ec52c3480c5353880.pdf,2026-09-03,ok,外交・安全保障・経済安全保障|産業政策・成長戦略|イノベーション・科学技術・スタートアップ,主張・提言
doyukai_2021_210514a.pdf,doyukai_2021_210514a,doyukai,経済団体,2020年度 防災・震災復興委員会報告書 ～東日本大震災の発災から10年を迎えて～,2021-05-14,20210514,報告書,地方行財政、行政改革、防災／震災復興,公開,https://www.doyukai.or.jp/policyproposals/uploads/docs/210514a.pdf,2026-09-03,ok,国土・住宅・交通・防災|地域経済・観光・地方創生|行政改革・規制改革,活動記録
doyukai_2021_210507a.pdf,doyukai_2021_210507a,doyukai,経済団体,公立小中学校における「脱・画一化」教育のための「創造的環境」の実現 ～ICTを活用した業務構造改革を後押しする人材・ガバナンスによる教育長・校長支援～,2021-05-07,20210507,提言,デジタル化／IT、地方行財政、教育,公開,https://www.doyukai.or.jp/publish/uploads/docs/202106_03.pdf,2026-09-03,ok,人材・教育|デジタル・情報通信|行政改革・規制改革,主張・提言
doyukai_2021_210602a.pdf,doyukai_2021_210602a,doyukai,経済団体,第46回日本・ASEAN経営者会議＜報告書＞ ウィズ／アフターコロナ下の新しい普通を 見据えた日・ASEANの新たな関係,2021-06-02,20210602,報告書,国際開発・協力、外交・国際問題、海外視察／国際会議、貿易／経済連携,公開,https://www.doyukai.or.jp/policyproposals/uploads/docs/210602a.pdf,2026-09-03,ok,通商・国際経済・国際協力|産業政策・成長戦略|イノベーション・科学技術・スタートアップ,活動記録
doyukai_2021_210604a.pdf,doyukai_2021_210604a,doyukai,経済団体,英国経営者協会と経済同友会との共同文書,2021-06-04,20210604,提言,海外視察／国際会議、貿易／経済連携,公開,https://www.doyukai.or.jp/policyproposals/uploads/docs/210604a.pdf,2026-09-03,ok,通商・国際経済・国際協力|エネルギー・環境|産業政策・成長戦略,主張・提言
doyukai_2021_210604b.pdf,doyukai_2021_210604b,doyukai,経済団体,日独産業協会と経済同友会との共同文書,2021-06-04,20210604,提言,海外視察／国際会議、貿易／経済連携,公開,https://www.doyukai.or.jp/policyproposals/uploads/docs/210604b.pdf,2026-09-03,ok,通商・国際経済・国際協力|エネルギー・環境|産業政策・成長戦略,主張・提言
doyukai_2021_210611a.pdf,doyukai_2021_210611a,doyukai,経済団体,「人材のサーキュレーション」を切り口とした行政の変革を ～新しい時代をリードできる行政能力の構築に向けて～,2021-06-11,20210611,提言,人材、行政改革,公開,https://www.doyukai.or.jp/publish/uploads/docs/202107_02.pdf,2026-09-03,ok,行政改革・規制改革|人材・教育|労働・雇用,主張・提言
doyukai_2021_210715a.pdf,doyukai_2021_210715a,doyukai,経済団体,「個」の自律と経営者の覚悟 ― グローバル競争に勝ち抜く人材戦略 ―,2021-07-15,20210715,提言,ダイバーシティ、人材、企業経営,公開,https://www.doyukai.or.jp/publish/uploads/docs/202108_9_03.pdf,2026-09-03,ok,人材・教育|企業経営・ガバナンス・サステナビリティ|労働・雇用,主張・提言
doyukai_2021_210719a.pdf,doyukai_2021_210719a,doyukai,経済団体,活力ある健康長寿社会を支える社会保障のあり方 ―コロナ禍を経て、今改めて考えるー,2021-07-19,20210719,提言,デジタル化／IT、医療・介護、社会保障、財政、雇用・労働,公開,https://www.doyukai.or.jp/policyproposals/uploads/docs/210719a.pdf,2026-09-03,ok,社会保障（年金・医療・介護）|税制・財政|デジタル・情報通信,主張・提言
doyukai_2021_210907a.pdf,doyukai_2021_210907a,doyukai,経済団体,グリーン・リセット ～2050年カーボンニュートラルに向けた産業、社会、生活の大刷新～,2021-09-07,20210907,提言,CSR／サステナビリティ経営、環境／エネルギー,公開,https://www.doyukai.or.jp/publish/uploads/docs/202108_9_05.pdf,2026-09-03,ok,エネルギー・環境|産業政策・成長戦略,主張・提言
doyukai_2021_210910_1643.pdf,doyukai_2021_210910_1643,doyukai,経済団体,2021年度（第36回）夏季セミナーアピール2021 コロナ危機から学び、強靭で持続可能な「新常態」への移行を ～ 自由民主党総裁選挙に向けて問うべき５つの論点 ～,2021-09-10,20210910,提言,夏季セミナー、政治、社会保障、行政改革、財政,公開,https://www.doyukai.or.jp/policyproposals/uploads/docs/210910a.pdf,2026-09-03,ok,政治・統治機構・憲法|マクロ経済・経済財政運営|外交・安全保障・経済安全保障,主張・提言
doyukai_2021_211004_1721.pdf,doyukai_2021_211004_1721,doyukai,経済団体,「第6次エネルギー基本計画（案）」に対するパブリック・コメント,2021-10-04,20211004,意見,環境／エネルギー,公開,https://www.doyukai.or.jp/policyproposals/uploads/docs/20211004a.pdf,2026-09-03,ok,エネルギー・環境|産業政策・成長戦略,主張・提言
doyukai_2021_211006a.pdf,doyukai_2021_211006a,doyukai,経済団体,アフリカ投資機構（仮称) の設立を ～開発投資の加速に向けた更なる官民連携強化の道筋～,2021-10-06,20211006,提言,国際開発・協力、貿易／経済連携,公開,https://www.doyukai.or.jp/policyproposals/uploads/docs/211006a.pdf,2026-09-03,ok,通商・国際経済・国際協力|産業政策・成長戦略,主張・提言
doyukai_2021_211012_1140.pdf,doyukai_2021_211012_1140,doyukai,経済団体,第49回衆議院議員総選挙 将来世代の利益を踏まえた政策論争を,2021-10-12,20211012,提言,政治,公開,https://www.doyukai.or.jp/policyproposals/uploads/docs/9aa44f9f7a1ad4ccefb46c89bdb8c2b91f729b61.pdf,2026-09-03,ok,マクロ経済・経済財政運営|政治・統治機構・憲法|税制・財政,主張・提言
doyukai_2021_211029a.pdf,doyukai_2021_211029a,doyukai,経済団体,COP26に向けて,2021-10-29,20211029,提言,国際開発・協力、外交・国際問題、環境／エネルギー,公開,https://www.doyukai.or.jp/policyproposals/uploads/docs/211029a.pdf,2026-09-03,ok,エネルギー・環境|外交・安全保障・経済安全保障|通商・国際経済・国際協力,主張・提言
doyukai_2021_211101a.pdf,doyukai_2021_211101a,doyukai,経済団体,「公証人手数料令の一部を改正する政令案」に対する意見 （パブリック・コメント）,2021-11-01,20211101,意見,規制・制度改革、起業／スタートアップ,公開,https://www.doyukai.or.jp/policyproposals/uploads/docs/211101a.pdf,2026-09-03,ok,行政改革・規制改革|イノベーション・科学技術・スタートアップ|デジタル・情報通信,主張・提言
doyukai_2021_211102_1519.pdf,doyukai_2021_211102_1519,doyukai,経済団体,新政権に望む ―将来世代の利益のため、「改革」を実現する国へ―,2021-11-02,20211102,提言,国家ビジョン、地方行財政、社会保障、行政改革、財政,公開,https://www.doyukai.or.jp/policyproposals/uploads/docs/aa5bfbb876fa0a8ab91872e13fd5a935269e9a5b.pdf,2026-09-03,ok,マクロ経済・経済財政運営|行政改革・規制改革|産業政策・成長戦略,主張・提言
doyukai_2021_220117a.pdf,doyukai_2021_220117a,doyukai,経済団体,「第3期スポーツ基本計画（中間報告）」に対する意見,2022-01-17,20220117,意見,スポーツ・文化,公開,https://www.doyukai.or.jp/policyproposals/uploads/docs/20220117a.pdf,2026-09-03,ok,地域経済・観光・地方創生|産業政策・成長戦略|デジタル・情報通信,主張・提言
doyukai_2021_220208a.pdf,doyukai_2021_220208a,doyukai,経済団体,イノベーションが集積する日本の実現に向け、 求められる経営者の覚悟と行動変容,2022-02-08,20220208,提言,イノベーション／研究開発、人材、企業経営、起業／スタートアップ、雇用・労働,公開,https://www.doyukai.or.jp/policyproposals/uploads/docs/220208a.pdf,2026-09-03,ok,イノベーション・科学技術・スタートアップ|企業経営・ガバナンス・サステナビリティ|産業政策・成長戦略,主張・提言
doyukai_2021_220207_1832.pdf,doyukai_2021_220207_1832,doyukai,経済団体,「電気通信事業ガバナンス検討会報告書（案）」に対する意見 （パブリック・コメント）,2022-02-04,20220204,意見,デジタル化／IT、規制・制度改革、起業／スタートアップ,公開,https://www.doyukai.or.jp/policyproposals/uploads/docs/27bac3876969f0d21a3e125c0105aaae430228d5.pdf,2026-09-03,ok,デジタル・情報通信|行政改革・規制改革,主張・提言
doyukai_2021_210512a.pdf,doyukai_2021_210512a,doyukai,経済団体,アート産業活性化に向けたエコシステムの構築,2021-05-12,20210512,提言,スポーツ・文化,公開,https://www.doyukai.or.jp/policyproposals/uploads/docs/210512a.pdf,2026-09-03,ok,産業政策・成長戦略|地域経済・観光・地方創生|税制・財政,主張・提言
doyukai_2021_210511a.pdf,doyukai_2021_210511a,doyukai,経済団体,持続可能な財政構造の実現に向けて 〜長期の経済財政試算を踏まえて〜,2021-05-11,20210511,提言,税制、財政,公開,https://www.doyukai.or.jp/publish/uploads/docs/202106_04.pdf,2026-09-03,ok,税制・財政|マクロ経済・経済財政運営|社会保障（年金・医療・介護）,主張・提言
doyukai_2021_210608a.pdf,doyukai_2021_210608a,doyukai,経済団体,2020年度 日中交流PT 活動報告書 日中経済交流の役割,2021-06-08,20210608,報告書,外交・国際問題、海外視察／国際会議、貿易／経済連携,公開,https://www.doyukai.or.jp/policyproposals/uploads/docs/210608a.pdf,2026-09-03,ok,通商・国際経済・国際協力|外交・安全保障・経済安全保障|産業政策・成長戦略,活動記録
doyukai_2021_220228a.pdf,doyukai_2021_220228a,doyukai,経済団体,地域共創のさらなる推進に向けて ～ワーケーションを呼び水に関係人口の創出を～,2022-02-28,20220228,提言,地域経済、観光,公開,https://www.doyukai.or.jp/policyproposals/uploads/docs/9bc600c342df436041f0762473ebeb990ebc2f1f.pdf,2026-09-03,ok,地域経済・観光・地方創生|労働・雇用|国土・住宅・交通・防災,主張・提言
doyukai_2021_210804a.pdf,doyukai_2021_210804a,doyukai,経済団体,「令和の政治改革」の起動に向けた問題提起 ～参議院の機能強化によるガバナンスの向上に向けて～,2021-08-04,20210804,提言,政治,公開,https://www.doyukai.or.jp/policyproposals/uploads/docs/210804a.pdf,2026-09-03,ok,政治・統治機構・憲法|行政改革・規制改革,主張・提言
doyukai_2021_210730a.pdf,doyukai_2021_210730a,doyukai,経済団体,広域連携を活かした地域経営の拡大に向けて,2021-07-30,20210730,提言,地域経済、地方行財政,公開,https://www.doyukai.or.jp/policyproposals/uploads/docs/210730a.pdf,2026-09-03,ok,地域経済・観光・地方創生|国土・住宅・交通・防災|行政改革・規制改革,主張・提言
doyukai_2021_211021b.pdf,doyukai_2021_211021b,doyukai,経済団体,観光産業を取り巻く課題に関する緊急提言,2021-10-21,20211021,提言,地域経済、観光,公開,https://www.doyukai.or.jp/policyproposals/uploads/docs/211021b.pdf,2026-09-03,ok,地域経済・観光・地方創生|デジタル・情報通信|産業政策・成長戦略,主張・提言
doyukai_2021_211021a.pdf,doyukai_2021_211021a,doyukai,経済団体,ニューノーマル時代の 持続可能な観光基盤づくりに向けて ～観光DXとワーケーションの普及を第一歩に～,2021-10-21,20211021,提言,サービス産業、デジタル化／IT、地域経済、観光,公開,https://www.doyukai.or.jp/publish/uploads/docs/202112_03.pdf,2026-09-03,ok,地域経済・観光・地方創生|デジタル・情報通信|労働・雇用,主張・提言
doyukai_2022_220428a.pdf,doyukai_2022_220428a,doyukai,経済団体,第47回日本・ASEAN経営者会議&#65308;報告書&#65310; 「コロナ禍を超えて：デジタル化で未来を描く 日本とASEANの共創」 （2022年3月10日／オンライン開催）,2022-04-28,20220428,報告書,デジタル化／IT、国際開発・協力、海外視察／国際会議,公開,https://www.doyukai.or.jp/policyproposals/uploads/docs/220428a.pdf,2026-09-03,ok,通商・国際経済・国際協力|デジタル・情報通信,活動記録
doyukai_2021_20211213a.pdf,doyukai_2021_20211213a,doyukai,経済団体,2021年12月（第139回）景気定点観測アンケート調査結果,2021-12-13,20211213,資料,マクロ経済、調査・アンケート,公開,https://www.doyukai.or.jp/policyproposals/uploads/docs/20211213a.pdf,2026-09-03,ok,マクロ経済・経済財政運営,内部調査・会員アンケート
doyukai_2021_210908a.pdf,doyukai_2021_210908a,doyukai,経済団体,2021年9月（第138回）景気定点観測アンケート調査結果,2021-09-08,20210908,資料,マクロ経済、調査・アンケート,公開,https://www.doyukai.or.jp/policyproposals/uploads/docs/210908a.pdf,2026-09-03,ok,マクロ経済・経済財政運営,内部調査・会員アンケート
doyukai_2020_201016a.pdf,doyukai_2020_201016a,doyukai,経済団体,地方創生に向けたPFIのさらなる利活用にあたっての課題,2020-10-16,20201016,提言,地域経済、地方行財政,公開,https://www.doyukai.or.jp/policyproposals/uploads/docs/201016a.pdf,2026-09-03,ok,地域経済・観光・地方創生|行政改革・規制改革|国土・住宅・交通・防災,主張・提言
doyukai_2020_200805a.pdf,doyukai_2020_200805a,doyukai,経済団体,2019年度 学校と経営者の交流活動推進委員会 活動報告,2020-08-05,20200805,提言,教育,公開,https://www.doyukai.or.jp/policyproposals/uploads/docs/200805a_02.pdf,2026-09-03,ok,人材・教育,活動記録
doyukai_2020_200729a.pdf,doyukai_2020_200729a,doyukai,経済団体,2030年再生可能エネルギーの電源構成比率を40％へ - その達成への道筋と課題の克服 -,2020-07-29,20200729,提言,環境／エネルギー,公開,https://www.doyukai.or.jp/policyproposals/uploads/docs/20200729.pdf,2026-09-03,ok,エネルギー・環境,主張・提言
doyukai_2020_200707a.pdf,doyukai_2020_200707a,doyukai,経済団体,多様な人材の活躍に向けた現状認識と課題 ～兼業・副業の促進と特定技能制度の定着などを中心に～,2020-07-07,20200707,提言,人材、企業経営、雇用・労働,公開,https://www.doyukai.or.jp/policyproposals/uploads/docs/200710c.pdf,2026-09-03,ok,労働・雇用|人材・教育|多様性・人権・ジェンダー,内部調査・会員アンケート
doyukai_2020_200626a.pdf,doyukai_2020_200626a,doyukai,経済団体,コロナ危機を契機としたデジタル変革の加速に向けて,2020-06-26,20200626,提言,デジタル化／IT、地域経済、行政改革、規制・制度改革,公開,https://www.doyukai.or.jp/policyproposals/uploads/docs/200626a.pdf,2026-09-03,ok,デジタル・情報通信|行政改革・規制改革|産業政策・成長戦略,主張・提言
doyukai_2020_200617a.pdf,doyukai_2020_200617a,doyukai,経済団体,小・中学校の子供の学びを止めないために ～遠隔教育の推進に向けた意見～,2020-06-17,20200617,意見,デジタル化／IT、教育,公開,https://www.doyukai.or.jp/policyproposals/uploads/docs/200617a.pdf,2026-09-03,ok,人材・教育|デジタル・情報通信,主張・提言
doyukai_2020_200610a.pdf,doyukai_2020_200610a,doyukai,経済団体,物流クライシスからの脱却～持続可能な物流の実現～,2020-06-10,20200610,提言,サービス産業、中堅・中小企業、雇用・労働,公開,https://www.doyukai.or.jp/policyproposals/uploads/docs/200610a.pdf,2026-09-03,ok,国土・住宅・交通・防災|労働・雇用|産業政策・成長戦略,主張・提言
doyukai_2020_200605a.pdf,doyukai_2020_200605a,doyukai,経済団体,自由」を守る最高法規 「日本国憲法,2020-06-05,20200605,提言,憲法,公開,https://www.doyukai.or.jp/policyproposals/uploads/docs/200605a.pdf,2026-09-03,ok,政治・統治機構・憲法|多様性・人権・ジェンダー,主張・提言
doyukai_2020_210326a.pdf,doyukai_2020_210326a,doyukai,経済団体,「エネルギー基本計画」見直しに関する意見,2021-03-26,20210326,意見,環境／エネルギー,公開,https://www.doyukai.or.jp/publish/uploads/docs/202105_03.pdf,2026-09-03,ok,エネルギー・環境,主張・提言
doyukai_2020_201204a.pdf,doyukai_2020_201204a,doyukai,経済団体,サービス産業の復活・再生に向けた支援のあり方 －第３次補正予算案の編成に際して－,2020-12-04,20201204,提言,その他、サービス産業、雇用・労働,公開,https://www.doyukai.or.jp/policyproposals/uploads/docs/201204a.pdf,2026-09-03,ok,産業政策・成長戦略|中小企業|デジタル・情報通信,主張・提言
doyukai_2020_201022a.pdf,doyukai_2020_201022a,doyukai,経済団体,希望ある超高齢社会を支える介護の枠組み ～DXによる生産性革新を通じた処遇改善と質の向上～,2020-10-22,20201022,提言,デジタル化／IT、医療・介護、社会保障,公開,https://www.doyukai.or.jp/publish/uploads/docs/2020_11_03.pdf,2026-09-03,ok,社会保障（年金・医療・介護）|労働・雇用|デジタル・情報通信,主張・提言
doyukai_2020_201008a.pdf,doyukai_2020_201008a,doyukai,経済団体,地方創生のさらなる推進に向けて ～地方自治体と企業との協働メニュー～,2020-10-08,20201008,提言,ソーシャルセクター／NPO、地域経済、起業／スタートアップ,公開,https://www.doyukai.or.jp/policyproposals/uploads/docs/201008a.pdf,2026-09-03,ok,地域経済・観光・地方創生|中小企業|人材・教育,主張・提言
doyukai_2020_201002a.pdf,doyukai_2020_201002a,doyukai,経済団体,デジタル変革とデータの公共財化による価値創造に向けて ～コロナ危機を契機としたギアチェンジを～,2020-10-02,20201002,提言,イノベーション／研究開発、デジタル化／IT、地域経済、行政改革,公開,https://www.doyukai.or.jp/policyproposals/uploads/docs/201002a.pdf,2026-09-03,ok,デジタル・情報通信|イノベーション・科学技術・スタートアップ|産業政策・成長戦略,主張・提言
doyukai_2021_210610a.pdf,doyukai_2021_210610a,doyukai,経済団体,2021年6月（第137回）景気定点観測アンケート調査結果,2021-06-10,20210610,資料,マクロ経済、調査・アンケート,公開,https://www.doyukai.or.jp/policyproposals/uploads/docs/210610a.pdf,2026-09-03,ok,マクロ経済・経済財政運営,内部調査・会員アンケート
doyukai_2021_210517a.pdf,doyukai_2021_210517a,doyukai,経済団体,民間企業の協力によるワクチン接種加速への貢献について,2021-05-17,20210517,提言,その他,公開,https://www.doyukai.or.jp/policyproposals/uploads/docs/210517b.pdf,2026-09-03,ok,社会保障（年金・医療・介護）|労働・雇用,主張・提言
doyukai_2020_210210a.pdf,doyukai_2020_210210a,doyukai,経済団体,「科学技術・イノベーション基本計画について（答申素案）」に対するパブリックコメント,2021-02-10,20210210,意見,イノベーション／研究開発、デジタル化／IT、教育、規制・制度改革,公開,https://www.doyukai.or.jp/policyproposals/uploads/docs/210210a.pdf,2026-09-03,ok,イノベーション・科学技術・スタートアップ|デジタル・情報通信|エネルギー・環境,主張・提言
doyukai_2020_210202a.pdf,doyukai_2020_210202a,doyukai,経済団体,緊急アンケート 企業の新型コロナウイルス感染症対策と課題（テレワークの実施状況）調査結果,2021-02-02,20210202,資料,その他、調査・アンケート,公開,https://www.doyukai.or.jp/policyproposals/uploads/docs/210202a.pdf,2026-09-03,ok,労働・雇用|デジタル・情報通信,内部調査・会員アンケート
doyukai_2020_201223a.pdf,doyukai_2020_201223a,doyukai,経済団体,緊急アンケート 企業の新型コロナウイルス感染症対策と課題（テレワークの実施状況）調査結果,2020-12-23,20201223,資料,その他、調査・アンケート,公開,https://www.doyukai.or.jp/policyproposals/uploads/docs/201223a.pdf,2026-09-03,ok,労働・雇用|デジタル・情報通信,内部調査・会員アンケート
doyukai_2020_201211a.pdf,doyukai_2020_201211a,doyukai,経済団体,2020年12月（第135回）景気定点観測アンケート調査結果,2020-12-11,20201211,資料,マクロ経済、調査・アンケート,公開,https://www.doyukai.or.jp/policyproposals/uploads/docs/201211a.pdf,2026-09-03,ok,マクロ経済・経済財政運営,内部調査・会員アンケート
doyukai_2020_200909a.pdf,doyukai_2020_200909a,doyukai,経済団体,2020年9月（第134回）景気定点観測アンケート調査結果,2020-09-09,20200909,資料,マクロ経済、調査・アンケート,公開,https://www.doyukai.or.jp/policyproposals/uploads/docs/200909a.pdf,2026-09-03,ok,マクロ経済・経済財政運営|労働・雇用,内部調査・会員アンケート
doyukai_2020_201117a.pdf,doyukai_2020_201117a,doyukai,経済団体,6団体共同・新型コロナ感染拡大が企業活動に及ぼした影響に関するアンケート結果,2020-11-17,20201117,資料,その他、地域経済、調査・アンケート,公開,https://www.doyukai.or.jp/policyproposals/uploads/docs/201117a.pdf,2026-09-03,ok,企業経営・ガバナンス・サステナビリティ|労働・雇用|デジタル・情報通信,内部調査・会員アンケート
doyukai_2020_201104a.pdf,doyukai_2020_201104a,doyukai,経済団体,デジタル庁の設置に向けた意見,2020-11-04,20201104,意見,デジタル化／IT、行政改革、規制・制度改革,公開,https://www.doyukai.or.jp/policyproposals/uploads/docs/201104a.pdf,2026-09-03,ok,デジタル・情報通信|行政改革・規制改革,主張・提言
doyukai_2020_201119a.txt,doyukai_2020_201119a,doyukai,経済団体,サプライチェーン・サイバーセキュリティ 確保に向けた共同宣言,2020-11-19,20201119,提言,デジタル化／IT、安全保障／経済安全保障,公開,https://www.doyukai.or.jp/policyproposals/2020/201119a.html,2026-09-03,html_text,デジタル・情報通信|外交・安全保障・経済安全保障|中小企業,主張・提言
doyukai_2020_200929a.pdf,doyukai_2020_200929a,doyukai,経済団体,新政権に望む －デジタル変革と縦割り行政の打破に挑む“改革政権”への期待－,2020-09-29,20200929,提言,デジタル化／IT、医療・介護、国家ビジョン、外交・国際問題、社会保障,公開,https://www.doyukai.or.jp/policyproposals/uploads/docs/200929a_01.pdf,2026-09-03,ok,行政改革・規制改革|デジタル・情報通信|社会保障（年金・医療・介護）,主張・提言
doyukai_2020_200910a.pdf,doyukai_2020_200910a,doyukai,経済団体,2020年度（第35回）夏季セミナーアピール2020 「持続可能な経済・社会への責任 ― 幅広いステークホルダーとの対話の推進 ―」,2020-09-10,20200910,提言,ソーシャルセクター／NPO、夏季セミナー、社会保障、財政,公開,https://www.doyukai.or.jp/policyproposals/uploads/docs/200910a.pdf,2026-09-03,ok,マクロ経済・経済財政運営|企業経営・ガバナンス・サステナビリティ|税制・財政,主張・提言
doyukai_2020_200708_1845.pdf,doyukai_2020_200708_1845,doyukai,経済団体,「書面、押印、対面」を原則とした制度・慣行・意識の抜本的見直しに向けた共同宣言 ～デジタル技術の積極活用による行政手続・ビジネス様式の再構築～,2020-07-08,20200708,提言,デジタル化／IT、企業法制／ガバナンス、行政改革、規制・制度改革,公開,https://www.doyukai.or.jp/policyproposals/uploads/docs/20200709.pdf,2026-09-03,ok,行政改革・規制改革|デジタル・情報通信,主張・提言
doyukai_2020_200429a.pdf,doyukai_2020_200429a,doyukai,経済団体,テレワーク等の推進に向けた押印、対面・書面原則等の見直しについて,2020-04-29,20200429,提言,その他、規制・制度改革、雇用・労働,公開,https://www.doyukai.or.jp/policyproposals/uploads/docs/200429a.pdf,2026-09-03,ok,行政改革・規制改革|デジタル・情報通信|労働・雇用,主張・提言
doyukai_2020_200519a.txt,doyukai_2020_200519a,doyukai,経済団体,兼業・副業の促進に向けた意見 ～個人の主体的な働き方の選択を可能とする制度設計を～,2020-05-19,20200519,意見,人材、規制・制度改革、雇用・労働,公開,https://www.doyukai.or.jp/policyproposals/2020/200519a.html,2026-09-03,html_text,労働・雇用|人材・教育|行政改革・規制改革,主張・提言
doyukai_2020_200612a.pdf,doyukai_2020_200612a,doyukai,経済団体,2020年6月（第133回）景気定点観測アンケート調査結果,2020-06-12,20200612,資料,マクロ経済、調査・アンケート,公開,https://www.doyukai.or.jp/policyproposals/uploads/docs/200612a.pdf,2026-09-03,ok,マクロ経済・経済財政運営,内部調査・会員アンケート
doyukai_2020_200527a.txt,doyukai_2020_200527a,doyukai,経済団体,変容するグローバル社会における新たな「連携」のあり方 ～日本が目指すべきところ～,2020-05-27,20200527,提言,外交・国際問題、安全保障／経済安全保障、貿易／経済連携,公開,https://www.doyukai.or.jp/policyproposals/2020/200527a.html,2026-09-03,html_text,外交・安全保障・経済安全保障|通商・国際経済・国際協力|エネルギー・環境,主張・提言
doyukai_2020_200428a.pdf,doyukai_2020_200428a,doyukai,経済団体,緊急アンケート 企業の新型コロナウイルス感染症対策と課題（出勤者の削減）調査結果,2020-04-28,20200428,提言,その他、調査・アンケート,公開,https://www.doyukai.or.jp/policyproposals/uploads/docs/200428a.pdf,2026-09-03,ok,労働・雇用,内部調査・会員アンケート
keidanren_2025_085.pdf,keidanren_2025_085,keidanren,経済団体,グローバルサウスとの連携強化に向けて,2025-12-16,20251216,提言,国際協力,公開,https://www.keidanren.or.jp/policy/2025/085_honbun.pdf,2026-09-03,ok,通商・国際経済・国際協力|外交・安全保障・経済安全保障|産業政策・成長戦略,主張・提言
keidanren_2025_083.pdf,keidanren_2025_083,keidanren,経済団体,持続的な成長に向けたコーポレートガバナンスのあり方,2025-12-16,20251216,提言,経済基盤,公開,https://www.keidanren.or.jp/policy/2025/083_honbun.pdf,2026-09-03,ok,企業経営・ガバナンス・サステナビリティ|金融・資本市場,主張・提言
keidanren_2025_084.pdf,keidanren_2025_084,keidanren,経済団体,「科学技術立国」実現に向けた緊急提言,2025-12-16,20251216,提言,産業技術,公開,https://www.keidanren.or.jp/policy/2025/084.pdf,2026-09-03,ok,イノベーション・科学技術・スタートアップ|人材・教育|産業政策・成長戦略,主張・提言
keidanren_2025_082.pdf,keidanren_2025_082,keidanren,経済団体,「生物多様性国家戦略2023-2030の実施状況の中間評価（案）」および「生物多様性条約第7回国別報告書（案）」のパブリックコメント募集に対する意見,2025-12-02,20251202,意見,環境,公開,https://www.keidanren.or.jp/policy/2025/082_hyouka.pdf,2026-09-03,ok,エネルギー・環境|行政改革・規制改革,主張・提言
keidanren_2025_080.txt,keidanren_2025_080,keidanren,経済団体,令和8年度診療報酬改定に関する要請,2025-11-28,20251128,提言,経済政策,公開,https://www.keidanren.or.jp/policy/2025/080.html,2026-09-03,html_text,社会保障（年金・医療・介護）|税制・財政,主張・提言
keidanren_2025_091.txt,keidanren_2025_091,keidanren,経済団体,経団連・CBI共同声明,2025-11-27,20251127,提言,地域,公開,https://www.keidanren.or.jp/policy/2025/091.html,2026-09-03,html_text,通商・国際経済・国際協力|外交・安全保障・経済安全保障|エネルギー・環境,主張・提言
keidanren_2025_081.pdf,keidanren_2025_081,keidanren,経済団体,ホワイトカラー労働者の裁量労働制適用ニーズ等に関する調査結果,2025-11-27,20251127,提言,労働,公開,https://www.keidanren.or.jp/policy/2025/081.pdf,2026-09-03,ok,労働・雇用,内部調査・会員アンケート
keidanren_2025_077.pdf,keidanren_2025_077,keidanren,経済団体,生物多様性・自然資本保全と持続的な経済成長の両立に向けた提言,2025-11-18,20251118,提言,環境,公開,https://www.keidanren.or.jp/policy/2025/077_honbun.pdf,2026-09-03,ok,エネルギー・環境|産業政策・成長戦略|企業経営・ガバナンス・サステナビリティ,主張・提言
keidanren_2025_076.pdf,keidanren_2025_076,keidanren,経済団体,企業の生物多様性への取組に関するアンケート結果,2025-11-18,20251118,資料,環境,公開,https://www.keidanren.or.jp/policy/2025/076_kekka.pdf,2026-09-03,ok,エネルギー・環境|企業経営・ガバナンス・サステナビリティ,内部調査・会員アンケート
keidanren_2025_079.txt,keidanren_2025_079,keidanren,経済団体,高市内閣に望む,2025-11-17,20251117,提言,総合政策,公開,https://www.keidanren.or.jp/policy/2025/079.html,2026-09-03,html_text,マクロ経済・経済財政運営|産業政策・成長戦略|エネルギー・環境,主張・提言
keidanren_2025_078.pdf,keidanren_2025_078,keidanren,経済団体,労働時間規制に関する経団連の主張,2025-11-10,20251110,提言,労働,公開,https://www.keidanren.or.jp/policy/2025/078.pdf,2026-09-03,ok,労働・雇用,主張・提言
keidanren_2025_075.pdf,keidanren_2025_075,keidanren,経済団体,「労働移動の積極的な推進」実現に向けたアクションプラン,2025-11-10,20251110,提言,労働,公開,https://www.keidanren.or.jp/policy/2025/075_honbun.pdf,2026-09-03,ok,労働・雇用|人材・教育,主張・提言
keidanren_2025_074.pdf,keidanren_2025_074,keidanren,経済団体,「ビジネスと人権」に関する行動計画 改定版(原案)についての意見,2025-10-28,20251028,意見,企業社会,公開,https://www.keidanren.or.jp/policy/2025/074.pdf,2026-09-03,ok,多様性・人権・ジェンダー|企業経営・ガバナンス・サステナビリティ|通商・国際経済・国際協力,主張・提言
keidanren_2025_073.txt,keidanren_2025_073,keidanren,経済団体,第32回経団連・韓経協首脳懇談会 共同声明,2025-10-17,20251017,提言,地域,公開,https://www.keidanren.or.jp/policy/2025/073.html,2026-09-03,html_text,通商・国際経済・国際協力|外交・安全保障・経済安全保障,主張・提言
keidanren_2025_071.pdf,keidanren_2025_071,keidanren,経済団体,持続可能な観光立国の実現に向けて,2025-10-14,20251014,提言,国土政策,公開,https://www.keidanren.or.jp/policy/2025/071_honbun.pdf,2026-09-03,ok,地域経済・観光・地方創生|国土・住宅・交通・防災|通商・国際経済・国際協力,主張・提言
keidanren_2025_070.pdf,keidanren_2025_070,keidanren,経済団体,「WTO2.0」の構築に向けて,2025-10-14,20251014,提言,貿易投資,公開,https://www.keidanren.or.jp/policy/2025/070_honbun.pdf,2026-09-03,ok,通商・国際経済・国際協力|外交・安全保障・経済安全保障,主張・提言
keidanren_2025_069.pdf,keidanren_2025_069,keidanren,経済団体,2030年に向けた物流のあり方,2025-10-14,20251014,提言,産業政策,公開,https://www.keidanren.or.jp/policy/2025/069_honbun.pdf,2026-09-03,ok,国土・住宅・交通・防災|産業政策・成長戦略|通商・国際経済・国際協力,主張・提言
keidanren_2025_066.pdf,keidanren_2025_066,keidanren,経済団体,主要政党の政策評価 2025,2025-10-14,20251014,提言,総合政策,公開,https://www.keidanren.or.jp/policy/2025/066.pdf,2026-09-03,ok,政治・統治機構・憲法|マクロ経済・経済財政運営|税制・財政,外部・第三者資料
keidanren_2025_065.pdf,keidanren_2025_065,keidanren,経済団体,政治との連携強化に関する見解,2025-10-14,20251014,提言,総合政策,公開,https://www.keidanren.or.jp/policy/2025/065.pdf,2026-09-03,ok,政治・統治機構・憲法,主張・提言
keidanren_2025_064.pdf,keidanren_2025_064,keidanren,経済団体,上場企業役員ジェンダー・バランスに関する経団連会員企業調査結果（2025年版）,2025-10-14,20251014,提言,企業社会,公開,https://www.keidanren.or.jp/policy/2025/064_kekka.pdf,2026-09-03,ok,多様性・人権・ジェンダー|企業経営・ガバナンス・サステナビリティ,内部調査・会員アンケート
keidanren_2025_072.txt,keidanren_2025_072,keidanren,経済団体,第28回日本トルコ合同経済委員会 共同声明,2025-10-08,20251008,提言,地域,公開,https://www.keidanren.or.jp/policy/2025/072.html,2026-09-03,html_text,通商・国際経済・国際協力,主張・提言
keidanren_2025_068.pdf,keidanren_2025_068,keidanren,経済団体,大学等との産学連携に関するアンケート結果（速報版）,2025-10-06,20251006,資料,企業社会,公開,https://www.keidanren.or.jp/policy/2025/068_kekka.pdf,2026-09-03,ok,人材・教育|イノベーション・科学技術・スタートアップ,内部調査・会員アンケート
keidanren_2025_067.pdf,keidanren_2025_067,keidanren,経済団体,コンテンツ産業支援施策の拡充に向けた緊急メッセージ,2025-10-06,20251006,提言,産業政策,公開,https://www.keidanren.or.jp/policy/2025/067.pdf,2026-09-03,ok,産業政策・成長戦略|通商・国際経済・国際協力,主張・提言
keidanren_2025_063.pdf,keidanren_2025_063,keidanren,経済団体,水素・アンモニアの国際標準戦略に関する基本的考え方,2025-09-30,20250930,提言,産業技術,公開,https://www.keidanren.or.jp/policy/2025/063.pdf,2026-09-03,ok,エネルギー・環境|通商・国際経済・国際協力|産業政策・成長戦略,主張・提言
keidanren_2025_062.txt,keidanren_2025_062,keidanren,経済団体,外国人起業活動促進事業および在留資格「経営・管理」の上陸許可基準等に係る見直しに関する意見,2025-09-24,20250924,意見,産業技術,公開,https://www.keidanren.or.jp/policy/2025/062.html,2026-09-03,html_text,イノベーション・科学技術・スタートアップ|外交・安全保障・経済安全保障|労働・雇用,主張・提言
keidanren_2025_060.pdf,keidanren_2025_060,keidanren,経済団体,令和8年度税制改正に関する提言,2025-09-16,20250916,提言,経済基盤,公開,https://www.keidanren.or.jp/policy/2025/060_honbun.pdf,2026-09-03,ok,税制・財政|企業経営・ガバナンス・サステナビリティ|産業政策・成長戦略,主張・提言
keidanren_2025_056.pdf,keidanren_2025_056,keidanren,経済団体,「人権尊重経営」の推進,2025-09-16,20250916,提言,企業社会,公開,https://www.keidanren.or.jp/policy/2025/056_honbun.pdf,2026-09-03,ok,多様性・人権・ジェンダー|企業経営・ガバナンス・サステナビリティ|通商・国際経済・国際協力,主張・提言
keidanren_2025_059.pdf,keidanren_2025_059,keidanren,経済団体,2025年度規制改革要望,2025-09-16,20250916,要望,産業政策,公開,https://www.keidanren.or.jp/policy/2025/059_honbun.pdf,2026-09-03,ok,行政改革・規制改革|労働・雇用|エネルギー・環境,主張・提言
keidanren_2025_058.pdf,keidanren_2025_058,keidanren,経済団体,AZEC構想の推進に関する第二次提言,2025-09-16,20250916,提言,環境,公開,https://www.keidanren.or.jp/policy/2025/058_honbun.pdf,2026-09-03,ok,エネルギー・環境|通商・国際経済・国際協力|産業政策・成長戦略,主張・提言
keidanren_2025_057.pdf,keidanren_2025_057,keidanren,経済団体,AZEC構想の推進に向けたアンケート結果報告,2025-09-16,20250916,資料,環境,公開,https://www.keidanren.or.jp/policy/2025/057_kekka.pdf,2026-09-03,ok,エネルギー・環境|通商・国際経済・国際協力|産業政策・成長戦略,内部調査・会員アンケート
keidanren_2025_061.pdf,keidanren_2025_061,keidanren,経済団体,「第6次男女共同参画基本計画策定に当たっての基本的な考え方（素案）」に対する意見,2025-09-12,20250912,意見,企業社会,公開,https://www.gender.go.jp/kaigi/senmon/6th/pdf/master_02-10.pdf,2026-09-03,ok,多様性・人権・ジェンダー|社会保障（年金・医療・介護）|こども・子育て・人口,主張・提言
keidanren_2025_055.pdf,keidanren_2025_055,keidanren,経済団体,第26回日本ブラジル経済合同委員会共同声明,2025-09-09,20250909,提言,地域,公開,https://www.keidanren.or.jp/policy/2025/055.pdf,2026-09-03,ok,通商・国際経済・国際協力|エネルギー・環境|農林水産・食料,主張・提言
keidanren_2025_054.txt,keidanren_2025_054,keidanren,経済団体,第12回日印ビジネス・リーダーズ・フォーラム共同声明,2025-08-29,20250829,提言,地域,公開,https://www.keidanren.or.jp/policy/2025/054.html,2026-09-03,html_text,通商・国際経済・国際協力|エネルギー・環境|労働・雇用,活動記録
keidanren_2025_053.pdf,keidanren_2025_053,keidanren,経済団体,2025年春季労使交渉・中小企業業種別妥結結果,2025-08-28,20250828,提言,労働,公開,https://www.keidanren.or.jp/policy/2025/053.pdf,2026-09-03,ok,労働・雇用|中小企業,内部調査・会員アンケート
keidanren_2025_051.pdf,keidanren_2025_051,keidanren,経済団体,2025年夏季賞与・一時金 大手企業業種別妥結結果,2025-08-08,20250808,提言,労働,公開,https://www.keidanren.or.jp/policy/2025/051.pdf,2026-09-03,ok,労働・雇用,内部調査・会員アンケート
keidanren_2025_052.pdf,keidanren_2025_052,keidanren,経済団体,「製造委託等に係る中小受託事業者に対する代金の支払の遅延等の防止に関する法律の運用基準」案に対する意見,2025-08-06,20250806,意見,経済基盤,公開,https://www.keidanren.or.jp/policy/2025/052.pdf,2026-09-03,ok,中小企業|行政改革・規制改革,主張・提言
keidanren_2025_050.pdf,keidanren_2025_050,keidanren,経済団体,2025年春季労使交渉・大手企業業種別妥結結果,2025-08-06,20250806,提言,労働,公開,https://www.keidanren.or.jp/policy/2025/050.pdf,2026-09-03,ok,労働・雇用,内部調査・会員アンケート
keidanren_2025_049.pdf,keidanren_2025_049,keidanren,経済団体,持続的な価値創造が導く日本経済・社会の未来図,2025-07-25,20250725,提言,総合政策,公開,https://www.keidanren.or.jp/policy/2025/049.pdf,2026-09-03,ok,マクロ経済・経済財政運営|産業政策・成長戦略|人材・教育,主張・提言
keidanren_2025_048.pdf,keidanren_2025_048,keidanren,経済団体,「有価証券報告書の株主総会前開示」アンケート結果,2025-07-15,20250715,資料,経済基盤,公開,https://www.keidanren.or.jp/policy/2025/048.pdf,2026-09-03,ok,企業経営・ガバナンス・サステナビリティ|金融・資本市場,内部調査・会員アンケート
keidanren_2025_047.pdf,keidanren_2025_047,keidanren,経済団体,わが国の防衛装備移転のあり方に関する提言,2025-07-15,20250715,提言,産業技術,公開,https://www.keidanren.or.jp/policy/2025/047_honbun.pdf,2026-09-03,ok,外交・安全保障・経済安全保障|産業政策・成長戦略|通商・国際経済・国際協力,主張・提言
keidanren_2025_046.txt,keidanren_2025_046,keidanren,経済団体,第14回アジア・ビジネス・サミット共同声明,2025-07-04,20250704,提言,地域,公開,https://www.keidanren.or.jp/policy/2025/046.html,2026-09-03,html_text,通商・国際経済・国際協力,主張・提言
keidanren_2025_042.pdf,keidanren_2025_042,keidanren,経済団体,EU-CBAMに対する懸念,2025-06-19,20250619,提言,環境,公開,https://www.keidanren.or.jp/policy/2025/042.pdf,2026-09-03,ok,エネルギー・環境|通商・国際経済・国際協力|産業政策・成長戦略,主張・提言
keidanren_2025_043.pdf,keidanren_2025_043,keidanren,経済団体,SDGs達成およびポストSDGsに向けて,2025-06-17,20250617,提言,企業社会,公開,https://www.keidanren.or.jp/policy/2025/043.pdf,2026-09-03,ok,企業経営・ガバナンス・サステナビリティ|通商・国際経済・国際協力|イノベーション・科学技術・スタートアップ,主張・提言
keidanren_2025_041.pdf,keidanren_2025_041,keidanren,経済団体,提言「アフリカの内発的・持続的発展に向け、今こそ日本の積極姿勢を示すべき」,2025-06-17,20250617,提言,地域,公開,https://www.keidanren.or.jp/policy/2025/041_honbun.pdf,2026-09-03,ok,通商・国際経済・国際協力|外交・安全保障・経済安全保障|産業政策・成長戦略,主張・提言
keidanren_2025_039.pdf,keidanren_2025_039,keidanren,経済団体,巨大地震を見据えた防災・減災対策の充実に向けて,2025-06-17,20250617,提言,企業社会,公開,https://www.keidanren.or.jp/policy/2025/039_honbun.pdf,2026-09-03,ok,国土・住宅・交通・防災|デジタル・情報通信|企業経営・ガバナンス・サステナビリティ,主張・提言
keidanren_2025_040.pdf,keidanren_2025_040,keidanren,経済団体,「保険会社向けの総合的な監督指針」の一部改正（案）に対する意見,2025-06-13,20250613,意見,経済基盤,公開,https://www.keidanren.or.jp/policy/2025/040.pdf,2026-09-03,ok,金融・資本市場|行政改革・規制改革,主張・提言
keidanren_2025_038.txt,keidanren_2025_038,keidanren,経済団体,第34回日本メキシコ経済協議会 共同声明,2025-06-11,20250611,提言,地域,公開,https://www.keidanren.or.jp/policy/2025/038.html,2026-09-03,html_text,通商・国際経済・国際協力|エネルギー・環境,主張・提言
keidanren_2025_037.pdf,keidanren_2025_037,keidanren,経済団体,インパクト評価・投融資に係るデータ・指標等についての考え方,2025-05-29,20250529,提言,経済基盤,公開,https://www.keidanren.or.jp/policy/2025/037.pdf,2026-09-03,ok,金融・資本市場|企業経営・ガバナンス・サステナビリティ,主張・提言
keidanren_2025_027.txt,keidanren_2025_027,keidanren,経済団体,「成長と分配の好循環」を実現し公正・公平で持続可能な経済社会を構築する,2025-05-29,20250529,提言,総合政策,公開,https://www.keidanren.or.jp/policy/2025/027.html,2026-09-03,html_text,マクロ経済・経済財政運営|産業政策・成長戦略|社会保障（年金・医療・介護）,主張・提言
keidanren_2025_033.txt,keidanren_2025_033,keidanren,経済団体,B7サミット2025共同提言,2025-05-16,20250516,提言,貿易投資,公開,https://www.keidanren.or.jp/policy/2025/033.html,2026-09-03,html_text,通商・国際経済・国際協力|外交・安全保障・経済安全保障|エネルギー・環境,主張・提言
keidanren_2025_032.pdf,keidanren_2025_032,keidanren,経済団体,有価証券報告書の株主総会前開示について,2025-05-13,20250513,報告書,経済基盤,公開,https://www.keidanren.or.jp/policy/2025/032.pdf,2026-09-03,ok,金融・資本市場|企業経営・ガバナンス・サステナビリティ|行政改革・規制改革,主張・提言
keidanren_2025_026.pdf,keidanren_2025_026,keidanren,経済団体,産業データスペースの構築に向けた第2次提言,2025-05-13,20250513,提言,産業技術,公開,https://www.keidanren.or.jp/policy/2025/026_honbun.pdf,2026-09-03,ok,デジタル・情報通信|産業政策・成長戦略,主張・提言
keidanren_2025_035.pdf,keidanren_2025_035,keidanren,経済団体,「科学技術立国」に向けた国際的な研究者の交流促進に向けて,2025-05-09,20250509,提言,企業社会,公開,https://www.keidanren.or.jp/policy/2025/035.pdf,2026-09-03,ok,イノベーション・科学技術・スタートアップ|人材・教育,主張・提言
keidanren_2025_031.txt,keidanren_2025_031,keidanren,経済団体,書籍『FUTURE DESIGN 2040 成長と分配の好循環 公正・公平で持続可能な社会を目指して』を出版,2025-05-09,20250509,提言,総合政策,公開,https://www.keidanren.or.jp/policy/2025/031.html,2026-09-03,html_text,マクロ経済・経済財政運営|社会保障（年金・医療・介護）|企業経営・ガバナンス・サステナビリティ,主張・提言
keidanren_2025_030.pdf,keidanren_2025_030,keidanren,経済団体,採用と大学教育の未来に関する産学協議会 2024年度報告書,2025-05-09,20250509,報告書,企業社会,公開,https://www.keidanren.or.jp/policy/2025/030.pdf,2026-09-03,ok,人材・教育|労働・雇用,主張・提言
keidanren_2025_029.pdf,keidanren_2025_029,keidanren,経済団体,スチュワードシップ・コード改訂案への意見,2025-04-18,20250418,意見,経済基盤,公開,https://www.keidanren.or.jp/policy/2025/029.pdf,2026-09-03,ok,金融・資本市場|企業経営・ガバナンス・サステナビリティ,主張・提言
keidanren_2025_028.pdf,keidanren_2025_028,keidanren,経済団体,「個人情報保護法の制度的課題に対する考え方（案）について」に対する意見,2025-04-15,20250415,意見,産業技術,公開,https://www.keidanren.or.jp/policy/2025/028.pdf,2026-09-03,ok,デジタル・情報通信|行政改革・規制改革,主張・提言
keidanren_2025_025.pdf,keidanren_2025_025,keidanren,経済団体,「Re:Genesis－科学技術・イノベーションで次代を創る」,2025-04-15,20250415,提言,産業技術,公開,https://www.keidanren.or.jp/policy/2025/025_honbun.pdf,2026-09-03,ok,イノベーション・科学技術・スタートアップ|産業政策・成長戦略,主張・提言
keidanren_2025_024.pdf,keidanren_2025_024,keidanren,経済団体,2030年に向けたインフラ・交通政策のあり方,2025-04-15,20250415,提言,国土政策,公開,https://www.keidanren.or.jp/policy/2025/024_honbun.pdf,2026-09-03,ok,国土・住宅・交通・防災|マクロ経済・経済財政運営|エネルギー・環境,主張・提言
keidanren_2025_023.pdf,keidanren_2025_023,keidanren,経済団体,「女性と健康」に関する調査結果,2025-04-10,20250410,提言,企業社会,公開,https://www.keidanren.or.jp/policy/2025/023.pdf,2026-09-03,ok,多様性・人権・ジェンダー|社会保障（年金・医療・介護）,内部調査・会員アンケート
keidanren_2025_022.pdf,keidanren_2025_022,keidanren,経済団体,2024年度 カーボンニュートラル行動計画 第三者評価委員会 評価報告書,2025-03-31,20250331,報告書,環境,公開,https://www.keidanren.or.jp/policy/2025/022.pdf,2026-09-03,ok,エネルギー・環境|産業政策・成長戦略,外部・第三者資料
keidanren_2025_021.txt,keidanren_2025_021,keidanren,経済団体,日本ブラジル外交関係樹立130周年を機に、今こそ日本メルコスールEPAの早期実現を求める共同声明,2025-03-26,20250326,提言,地域,公開,https://www.keidanren.or.jp/policy/2025/021.html,2026-09-03,html_text,通商・国際経済・国際協力|農林水産・食料|エネルギー・環境,主張・提言
keidanren_2025_020.txt,keidanren_2025_020,keidanren,経済団体,第52回東亜経済人会議 共同声明,2025-03-18,20250318,提言,地域,公開,https://www.keidanren.or.jp/policy/2025/020.html,2026-09-03,html_text,通商・国際経済・国際協力|エネルギー・環境|デジタル・情報通信,活動記録
keidanren_2025_017.pdf,keidanren_2025_017,keidanren,経済団体,循環型社会形成自主行動計画,2025-03-18,20250318,提言,環境,公開,https://www.keidanren.or.jp/policy/2025/017_gaiyo.pdf,2026-09-03,ok,エネルギー・環境|産業政策・成長戦略,内部調査・会員アンケート
keidanren_2025_016.txt,keidanren_2025_016,keidanren,経済団体,日・トルコEPAの速やかな締結を求める,2025-03-18,20250318,提言,地域,公開,https://www.keidanren.or.jp/policy/2025/016.html,2026-09-03,html_text,通商・国際経済・国際協力|産業政策・成長戦略,主張・提言
keidanren_2025_018.pdf,keidanren_2025_018,keidanren,経済団体,企業におけるグローバルタレントマネジメントに関する事例集,2025-03-18,20250318,提言,労働,公開,https://www.keidanren.or.jp/policy/2025/018_jirei.pdf,2026-09-03,ok,人材・教育|労働・雇用|通商・国際経済・国際協力,活動記録
keidanren_2025_019.pdf,keidanren_2025_019,keidanren,経済団体,DSI利益配分メカニズムCOP16決定に関する意見,2025-03-18,20250318,意見,産業技術,公開,https://www.keidanren.or.jp/policy/2025/019.pdf,2026-09-03,ok,エネルギー・環境|産業政策・成長戦略|通商・国際経済・国際協力,主張・提言
keidanren_2025_015.txt,keidanren_2025_015,keidanren,経済団体,サイバー対処能力強化法案及び同整備法案に対する意見,2025-03-10,20250310,意見,産業技術,公開,https://www.keidanren.or.jp/policy/2025/015.html,2026-09-03,html_text,外交・安全保障・経済安全保障|デジタル・情報通信,主張・提言
keidanren_2025_014.pdf,keidanren_2025_014,keidanren,経済団体,2040年を見据えた教育改革,2025-02-18,20250218,提言,企業社会,公開,https://www.keidanren.or.jp/policy/2025/014_honbun.pdf,2026-09-03,ok,人材・教育|イノベーション・科学技術・スタートアップ,主張・提言
keidanren_2025_012.pdf,keidanren_2025_012,keidanren,経済団体,「地球温暖化対策計画（案）」のパブリックコメント募集に対する意見,2025-01-24,20250124,意見,環境,公開,https://www.keidanren.or.jp/policy/2025/012.pdf,2026-09-03,ok,エネルギー・環境|産業政策・成長戦略,主張・提言
keidanren_2025_011.pdf,keidanren_2025_011,keidanren,経済団体,「第7次エネルギー基本計画（案）」のパブリックコメント募集に対する意見,2025-01-24,20250124,意見,環境,公開,https://www.keidanren.or.jp/policy/2025/011.pdf,2026-09-03,ok,エネルギー・環境|産業政策・成長戦略|行政改革・規制改革,主張・提言
keidanren_2025_010.pdf,keidanren_2025_010,keidanren,経済団体,「GX2040ビジョン（案）」のパブリックコメント募集に対する意見,2025-01-24,20250124,意見,環境,公開,https://www.keidanren.or.jp/policy/2025/010.pdf,2026-09-03,ok,エネルギー・環境|産業政策・成長戦略|通商・国際経済・国際協力,主張・提言
keidanren_2025_007.pdf,keidanren_2025_007,keidanren,経済団体,2024年人事・労務に関するトップ・マネジメント調査結果,2025-01-21,20250121,提言,労働,公開,https://www.keidanren.or.jp/policy/2025/007.pdf,2026-09-03,ok,労働・雇用,内部調査・会員アンケート
keidanren_2025_006.txt,keidanren_2025_006,keidanren,経済団体,2025年版 経営労働政策特別委員会報告,2025-01-21,20250121,提言,労働,公開,https://www.keidanren.or.jp/policy/2025/006.html,2026-09-03,html_text,労働・雇用|人材・教育|マクロ経済・経済財政運営,主張・提言
keidanren_2025_005.pdf,keidanren_2025_005,keidanren,経済団体,ハラスメント防止対策に関するアンケート調査結果,2025-01-21,20250121,資料,労働,公開,https://www.keidanren.or.jp/policy/2025/005.pdf,2026-09-03,ok,労働・雇用|多様性・人権・ジェンダー|企業経営・ガバナンス・サステナビリティ,内部調査・会員アンケート
keidanren_2025_004.pdf,keidanren_2025_004,keidanren,経済団体,女性活躍推進（男女間賃金差異の解消等）に関するアンケート調査結果,2025-01-21,20250121,資料,労働,公開,https://www.keidanren.or.jp/policy/2025/004.pdf,2026-09-03,ok,多様性・人権・ジェンダー|労働・雇用,内部調査・会員アンケート
keidanren_2025_009.txt,keidanren_2025_009,keidanren,経済団体,IASB公開草案「持分法会計」へのコメント,2025-01-20,20250120,意見,経済基盤,公開,https://www.keidanren.or.jp/policy/2025/009.html,2026-09-03,html_text,金融・資本市場|企業経営・ガバナンス・サステナビリティ,主張・提言
keidanren_2025_003.txt,keidanren_2025_003,keidanren,経済団体,社会全体における「価格転嫁の商習慣」の定着に向けて,2025-01-16,20250116,提言,経済基盤,公開,https://www.keidanren.or.jp/policy/2025/003.html,2026-09-03,html_text,中小企業|マクロ経済・経済財政運営|産業政策・成長戦略,主張・提言
keidanren_2025_002.txt,keidanren_2025_002,keidanren,経済団体,SSBJ公開草案 ～指標の報告のための算定期間に関する再提案～ へのコメント,2025-01-10,20250110,意見,経済基盤,公開,https://www.keidanren.or.jp/policy/2025/002.html,2026-09-03,html_text,企業経営・ガバナンス・サステナビリティ|エネルギー・環境,主張・提言
keidanren_2025_008.pdf,keidanren_2025_008,keidanren,経済団体,排出量取引制度における国・自治体の調整に関する要望書,2025-01-09,20250109,要望,環境,公開,https://www.keidanren.or.jp/policy/2025/008_youbou1.pdf,2026-09-03,ok,エネルギー・環境|産業政策・成長戦略|行政改革・規制改革,主張・提言
keidanren_2025_001.txt,keidanren_2025_001,keidanren,経済団体,日本製鉄のUSスチール買収計画に対するバイデン大統領の禁止命令に関するコメント,2025-01-06,20250106,意見,地域,公開,https://www.keidanren.or.jp/policy/2025/001.html,2026-09-03,html_text,通商・国際経済・国際協力|外交・安全保障・経済安全保障|産業政策・成長戦略,主張・提言
keidanren_2024_090.pdf,keidanren_2024_090,keidanren,経済団体,2024年年末賞与・一時金 大手企業業種別妥結結果,2024-12-26,20241226,提言,労働,公開,https://www.keidanren.or.jp/policy/2024/090.pdf,2026-07-11,ok,労働・雇用,内部調査・会員アンケート
keidanren_2024_092.txt,keidanren_2024_092,keidanren,経済団体,金融商品取引法施行令等改正案（スタートアップへの資金供給の促進関係）に対する意見,2024-12-25,20241225,意見,経済基盤,公開,https://www.keidanren.or.jp/policy/2024/092.html,2026-07-11,html_text,金融・資本市場|イノベーション・科学技術・スタートアップ|企業経営・ガバナンス・サステナビリティ,主張・提言
keidanren_2024_089.pdf,keidanren_2024_089,keidanren,経済団体,宇宙活動法の見直しに関する提言,2024-12-17,20241217,提言,産業技術,公開,https://www.keidanren.or.jp/policy/2024/089_honbun.pdf,2026-07-11,ok,産業政策・成長戦略|イノベーション・科学技術・スタートアップ|外交・安全保障・経済安全保障,主張・提言
keidanren_2024_088.pdf,keidanren_2024_088,keidanren,経済団体,次期「食料・農業・農村基本計画」に向けた提言,2024-12-17,20241217,提言,産業政策,公開,https://www.keidanren.or.jp/policy/2024/088_honbun.pdf,2026-07-11,ok,農林水産・食料|産業政策・成長戦略|イノベーション・科学技術・スタートアップ,主張・提言
keidanren_2024_084.pdf,keidanren_2024_084,keidanren,経済団体,「金利のある世界」と企業行動のあり方,2024-12-17,20241217,提言,経済政策,公開,https://www.keidanren.or.jp/policy/2024/084_honbun.pdf,2026-07-11,ok,マクロ経済・経済財政運営|企業経営・ガバナンス・サステナビリティ|金融・資本市場,主張・提言
keidanren_2024_083.pdf,keidanren_2024_083,keidanren,経済団体,“金利のある世界”に関するアンケート調査結果,2024-12-17,20241217,資料,経済政策,公開,https://www.keidanren.or.jp/policy/2024/083_kekka.pdf,2026-07-11,ok,マクロ経済・経済財政運営|金融・資本市場,内部調査・会員アンケート
keidanren_2024_087.txt,keidanren_2024_087,keidanren,経済団体,第9回日本ウクライナ経済合同会議メモランダム,2024-12-16,20241216,提言,地域,公開,https://www.keidanren.or.jp/policy/2024/087.html,2026-07-11,html_text,通商・国際経済・国際協力,活動記録
keidanren_2024_086.txt,keidanren_2024_086,keidanren,経済団体,第10回日中企業家及び元政府高官対話 共同声明,2024-12-12,20241212,提言,地域,公開,https://www.keidanren.or.jp/policy/2024/086.html,2026-07-11,html_text,通商・国際経済・国際協力|エネルギー・環境|デジタル・情報通信,活動記録
keidanren_2024_082.pdf,keidanren_2024_082,keidanren,経済団体,FUTURE DESIGN 2040,2024-12-09,20241209,提言,総合政策,公開,https://www.keidanren.or.jp/policy/2024/082_honbun.pdf,2026-07-11,ok,マクロ経済・経済財政運営|産業政策・成長戦略|社会保障（年金・医療・介護）,主張・提言
keidanren_2024_081.txt,keidanren_2024_081,keidanren,経済団体,医師偏在是正に向けた被用者保険関係5団体の意見,2024-11-29,20241129,意見,経済政策,公開,https://www.keidanren.or.jp/policy/2024/081.html,2026-07-11,html_text,社会保障（年金・医療・介護）,主張・提言
keidanren_2024_079.txt,keidanren_2024_079,keidanren,経済団体,日本ブラジル経済合同委員会日伯経済関係の推進に向けた共同声明,2024-11-06,20241106,提言,地域,公開,https://www.keidanren.or.jp/policy/2024/079.html,2026-07-11,html_text,通商・国際経済・国際協力|エネルギー・環境,主張・提言
keidanren_2024_080.txt,keidanren_2024_080,keidanren,経済団体,日本メルコスールEPAの早期実現を求める共同提言,2024-11-05,20241105,提言,地域,公開,https://www.keidanren.or.jp/policy/2024/080.html,2026-07-11,html_text,通商・国際経済・国際協力,主張・提言
keidanren_2024_077.txt,keidanren_2024_077,keidanren,経済団体,第31回 経団連・韓経協首脳懇談会 共同声明,2024-10-18,20241018,提言,地域,公開,https://www.keidanren.or.jp/policy/2024/077.html,2026-07-11,html_text,通商・国際経済・国際協力|外交・安全保障・経済安全保障|イノベーション・科学技術・スタートアップ,主張・提言
keidanren_2024_078.txt,keidanren_2024_078,keidanren,経済団体,第27回日本トルコ合同経済委員会共同声明,2024-10-17,20241017,提言,地域,公開,https://www.keidanren.or.jp/policy/2024/078.html,2026-07-11,html_text,通商・国際経済・国際協力,主張・提言
keidanren_2024_069.pdf,keidanren_2024_069,keidanren,経済団体,上場企業役員ジェンダー・バランスに関する経団連会員企業調査結果（2024年版）,2024-10-16,20241016,提言,企業社会,公開,https://www.keidanren.or.jp/policy/2024/069_kekka.pdf,2026-07-11,ok,多様性・人権・ジェンダー|企業経営・ガバナンス・サステナビリティ,内部調査・会員アンケート
keidanren_2024_076.pdf,keidanren_2024_076,keidanren,経済団体,海外から選ばれるインフラシステムの展開に向けて,2024-10-15,20241015,提言,国際協力,公開,https://www.keidanren.or.jp/policy/2024/076_honbun.pdf,2026-07-11,ok,通商・国際経済・国際協力|産業政策・成長戦略|金融・資本市場,主張・提言
keidanren_2024_075.pdf,keidanren_2024_075,keidanren,経済団体,企業の生物多様性への取組に関するアンケート調査概要,2024-10-15,20241015,資料,環境,公開,https://www.keidanren.or.jp/policy/2024/075_kekka.pdf,2026-07-11,ok,エネルギー・環境|企業経営・ガバナンス・サステナビリティ,内部調査・会員アンケート
keidanren_2024_074.pdf,keidanren_2024_074,keidanren,経済団体,ネイチャーポジティブへの日本経済界の取組みとCBD・COP16への期待,2024-10-15,20241015,提言,環境,公開,https://www.keidanren.or.jp/policy/2024/074_torikumi.pdf,2026-07-11,ok,エネルギー・環境|企業経営・ガバナンス・サステナビリティ|通商・国際経済・国際協力,主張・提言
keidanren_2024_065.pdf,keidanren_2024_065,keidanren,経済団体,政治との連携強化に関する見解,2024-10-15,20241015,提言,総合政策,公開,https://www.keidanren.or.jp/policy/2024/065.pdf,2026-07-11,ok,政治・統治機構・憲法,主張・提言
keidanren_2024_066.pdf,keidanren_2024_066,keidanren,経済団体,主要政党の政策評価 2024,2024-10-15,20241015,提言,総合政策,公開,https://www.keidanren.or.jp/policy/2024/066.pdf,2026-07-11,ok,マクロ経済・経済財政運営|労働・雇用|人材・教育,主張・提言
keidanren_2024_071.pdf,keidanren_2024_071,keidanren,経済団体,エネルギー基本計画の見直しに向けた提言,2024-10-15,20241015,提言,環境,公開,https://www.keidanren.or.jp/policy/2024/071_honbun.pdf,2026-07-11,ok,エネルギー・環境|マクロ経済・経済財政運営,主張・提言
keidanren_2024_072.pdf,keidanren_2024_072,keidanren,経済団体,電力問題に関するアンケート結果,2024-10-15,20241015,資料,環境,公開,https://www.keidanren.or.jp/policy/2024/072_kekka.pdf,2026-07-11,ok,エネルギー・環境|産業政策・成長戦略,内部調査・会員アンケート
keidanren_2024_073.pdf,keidanren_2024_073,keidanren,経済団体,産業データスペースの構築に向けて,2024-10-15,20241015,提言,産業技術,公開,https://www.keidanren.or.jp/policy/2024/073_honbun.pdf,2026-07-11,ok,デジタル・情報通信|産業政策・成長戦略|通商・国際経済・国際協力,主張・提言
keidanren_2024_070.pdf,keidanren_2024_070,keidanren,経済団体,Entertainment Contents ∞ 2024,2024-10-15,20241015,提言,産業政策,公開,https://www.keidanren.or.jp/policy/2024/070_honbun.pdf,2026-07-11,ok,産業政策・成長戦略|通商・国際経済・国際協力|行政改革・規制改革,主張・提言
keidanren_2024_068.txt,keidanren_2024_068,keidanren,経済団体,石破内閣に望む,2024-10-04,20241004,提言,総合政策,公開,https://www.keidanren.or.jp/policy/2024/068.html,2026-07-11,html_text,マクロ経済・経済財政運営|エネルギー・環境|社会保障（年金・医療・介護）,主張・提言
keidanren_2024_067.pdf,keidanren_2024_067,keidanren,経済団体,令和7年度税制改正に関する提言,2024-10-03,20241003,提言,経済基盤,公開,https://www.keidanren.or.jp/policy/2024/067_honbun.pdf,2026-07-11,ok,税制・財政,主張・提言
keidanren_2024_064.pdf,keidanren_2024_064,keidanren,経済団体,次期年金制度改正に向けた基本的見解,2024-09-30,20240930,提言,経済政策,公開,https://www.keidanren.or.jp/policy/2024/064_honbun.pdf,2026-07-11,ok,社会保障（年金・医療・介護）|労働・雇用,主張・提言
keidanren_2024_061.pdf,keidanren_2024_061,keidanren,経済団体,2024年度規制改革要望,2024-09-17,20240917,要望,産業政策,公開,https://www.keidanren.or.jp/policy/2024/061_honbun.pdf,2026-07-11,ok,行政改革・規制改革|産業政策・成長戦略,主張・提言
keidanren_2024_062.txt,keidanren_2024_062,keidanren,経済団体,改正物流効率化法の施行に向けた意見,2024-09-17,20240917,意見,産業政策,公開,https://www.keidanren.or.jp/policy/2024/062.html,2026-07-11,html_text,国土・住宅・交通・防災|産業政策・成長戦略|労働・雇用,主張・提言
keidanren_2024_060.pdf,keidanren_2024_060,keidanren,経済団体,Science to Startup,2024-09-17,20240917,提言,産業技術,公開,https://www.keidanren.or.jp/policy/2024/060_honbun.pdf,2026-07-11,ok,イノベーション・科学技術・スタートアップ|産業政策・成長戦略|人材・教育,主張・提言
keidanren_2024_059.txt,keidanren_2024_059,keidanren,経済団体,日本製鉄のUSスチール買収に関するコメント,2024-09-06,20240906,意見,地域,公開,https://www.keidanren.or.jp/policy/2024/059.html,2026-07-11,html_thin,通商・国際経済・国際協力|産業政策・成長戦略,主張・提言
keidanren_2024_058.pdf,keidanren_2024_058,keidanren,経済団体,2024年春季労使交渉・中小企業業種別妥結結果,2024-08-30,20240830,提言,労働,公開,https://www.keidanren.or.jp/policy/2024/058.pdf,2026-07-11,ok,労働・雇用|中小企業,内部調査・会員アンケート
keidanren_2024_057.pdf,keidanren_2024_057,keidanren,経済団体,2024年夏季賞与・一時金 大手企業業種別妥結結果,2024-08-07,20240807,提言,労働,公開,https://www.keidanren.or.jp/policy/2024/057.pdf,2026-07-11,ok,労働・雇用,内部調査・会員アンケート
keidanren_2024_056.pdf,keidanren_2024_056,keidanren,経済団体,2024年春季労使交渉・大手企業業種別妥結結果,2024-08-05,20240805,提言,労働,公開,https://www.keidanren.or.jp/policy/2024/056.pdf,2026-07-11,ok,労働・雇用,内部調査・会員アンケート
keidanren_2024_055.txt,keidanren_2024_055,keidanren,経済団体,SSBJ基準案へのコメント,2024-07-31,20240731,意見,経済基盤,公開,https://www.keidanren.or.jp/policy/2024/055.html,2026-07-11,html_text,企業経営・ガバナンス・サステナビリティ|エネルギー・環境,主張・提言
keidanren_2024_054.pdf,keidanren_2024_054,keidanren,経済団体,夏季フォーラム2024軽井沢宣言,2024-07-19,20240719,提言,総合政策,公開,https://www.keidanren.or.jp/policy/2024/054.pdf,2026-07-11,ok,イノベーション・科学技術・スタートアップ|エネルギー・環境|デジタル・情報通信,主張・提言
keidanren_2024_052.pdf,keidanren_2024_052,keidanren,経済団体,AZEC構想の推進に関する提言,2024-07-16,20240716,提言,環境,公開,https://www.keidanren.or.jp/policy/2024/052_honbun.pdf,2026-07-11,ok,エネルギー・環境|通商・国際経済・国際協力|産業政策・成長戦略,主張・提言
keidanren_2024_053.txt,keidanren_2024_053,keidanren,経済団体,IASB公開草案「企業結合-開示、のれん及び減損」へのコメント,2024-07-12,20240712,意見,経済基盤,公開,https://www.keidanren.or.jp/policy/2024/053.html,2026-07-11,html_text,企業経営・ガバナンス・サステナビリティ|金融・資本市場,主張・提言
keidanren_2024_050.txt,keidanren_2024_050,keidanren,経済団体,第13回アジア・ビジネス・サミット共同声明,2024-07-05,20240705,提言,地域,公開,https://www.keidanren.or.jp/policy/2024/050.html,2026-07-11,html_text,通商・国際経済・国際協力|イノベーション・科学技術・スタートアップ|エネルギー・環境,主張・提言
keidanren_2024_047.pdf,keidanren_2024_047,keidanren,経済団体,公正・公平で強靭かつ持続可能な貿易投資環境を求める,2024-06-18,20240618,提言,貿易投資,公開,https://www.keidanren.or.jp/policy/2024/047_honbun.pdf,2026-07-11,ok,通商・国際経済・国際協力|外交・安全保障・経済安全保障|エネルギー・環境,主張・提言
keidanren_2024_044.txt,keidanren_2024_044,keidanren,経済団体,選択肢のある社会の実現を目指して,2024-06-18,20240618,提言,企業社会,公開,https://www.keidanren.or.jp/policy/2024/044.html,2026-07-11,html_text,多様性・人権・ジェンダー|政治・統治機構・憲法|労働・雇用,主張・提言
keidanren_2024_049.pdf,keidanren_2024_049,keidanren,経済団体,令和6年能登半島地震 被災者・被災地支援活動の取り組み,2024-06-10,20240610,提言,企業社会,公開,https://www.keidanren.or.jp/policy/2024/049_torikumi.pdf,2026-07-11,ok,国土・住宅・交通・防災|企業経営・ガバナンス・サステナビリティ,活動記録
keidanren_2024_043.txt,keidanren_2024_043,keidanren,経済団体,今こそデフレから完全脱却し、成長と分配の好循環を実現する,2024-05-31,20240531,提言,総合政策,公開,https://www.keidanren.or.jp/policy/2024/043.html,2026-07-11,html_text,マクロ経済・経済財政運営|労働・雇用|社会保障（年金・医療・介護）,主張・提言
keidanren_2024_048.pdf,keidanren_2024_048,keidanren,経済団体,個人情報保護法の3年ごと見直しおよび個人情報保護委員会に対する意見,2024-05-30,20240530,意見,産業技術,公開,https://www.keidanren.or.jp/policy/2024/048.pdf,2026-07-11,ok,デジタル・情報通信|行政改革・規制改革,主張・提言
keidanren_2024_042.txt,keidanren_2024_042,keidanren,経済団体,第8回日中韓ビジネス・サミット共同声明（日本語仮訳）,2024-05-27,20240527,提言,地域,公開,https://www.keidanren.or.jp/policy/2024/042.html,2026-07-11,html_text,通商・国際経済・国際協力|エネルギー・環境|こども・子育て・人口,主張・提言
keidanren_2024_041.txt,keidanren_2024_041,keidanren,経済団体,日韓・韓日未来パートナーシップ基金の活動について,2024-05-24,20240524,提言,地域,公開,https://www.keidanren.or.jp/policy/2024/041.html,2026-07-11,html_text,通商・国際経済・国際協力,活動記録
keidanren_2024_039.txt,keidanren_2024_039,keidanren,経済団体,B7サミット2024共同提言,2024-05-17,20240517,提言,貿易投資,公開,https://www.keidanren.or.jp/policy/2024/039.html,2026-07-11,html_text,通商・国際経済・国際協力,主張・提言
keidanren_2024_038.pdf,keidanren_2024_038,keidanren,経済団体,「企業行動憲章 第2条『公正な事業慣行』改定」および「実行の手引き 第2章改訂」,2024-05-07,20240507,提言,企業社会,公開,https://www.keidanren.or.jp/policy/2024/038.pdf,2026-07-11,ok,企業経営・ガバナンス・サステナビリティ|中小企業,主張・提言
keidanren_2024_035.pdf,keidanren_2024_035,keidanren,経済団体,個人情報保護法の3年ごと見直しに対する意見,2024-04-24,20240424,意見,産業技術,公開,https://www.keidanren.or.jp/policy/2024/035.pdf,2026-07-11,ok,デジタル・情報通信|行政改革・規制改革,主張・提言
keidanren_2024_036.pdf,keidanren_2024_036,keidanren,経済団体,産学連携による高度専門人材育成と、未来志向の採用を目指して,2024-04-23,20240423,提言,企業社会,公開,https://www.keidanren.or.jp/policy/2024/036_honbun.pdf,2026-07-11,ok,人材・教育|イノベーション・科学技術・スタートアップ|労働・雇用,主張・提言
keidanren_2024_034.pdf,keidanren_2024_034,keidanren,経済団体,バイオトランスフォーメーション（BX）実現のための重要施策,2024-04-16,20240416,提言,産業技術,公開,https://www.keidanren.or.jp/policy/2024/034_honbun.pdf,2026-07-11,ok,イノベーション・科学技術・スタートアップ|産業政策・成長戦略|エネルギー・環境,主張・提言
keidanren_2024_032.pdf,keidanren_2024_032,keidanren,経済団体,グローバルサウスとの連携強化に関する提言,2024-04-16,20240416,提言,国際協力,公開,https://www.keidanren.or.jp/policy/2024/032_honbun.pdf,2026-07-11,ok,通商・国際経済・国際協力|外交・安全保障・経済安全保障|産業政策・成長戦略,主張・提言
keidanren_2024_031.pdf,keidanren_2024_031,keidanren,経済団体,日本産業の再飛躍へ,2024-04-16,20240416,提言,産業政策,公開,https://www.keidanren.or.jp/policy/2024/031_honbun.pdf,2026-07-11,ok,産業政策・成長戦略|エネルギー・環境|通商・国際経済・国際協力,主張・提言
keidanren_2024_033.pdf,keidanren_2024_033,keidanren,経済団体,高齢社員のさらなる活躍推進に向けて,2024-04-16,20240416,提言,労働,公開,https://www.keidanren.or.jp/policy/2024/033_honbun.pdf,2026-07-11,ok,労働・雇用|人材・教育,主張・提言
keidanren_2024_029.pdf,keidanren_2024_029,keidanren,経済団体,令和6年能登半島地震経済界における被災者・被災地支援活動〔発災後2か月間の支援状況〕,2024-04-03,20240403,資料,企業社会,公開,https://www.keidanren.or.jp/policy/2024/029_kekka.pdf,2026-07-11,ok,国土・住宅・交通・防災|企業経営・ガバナンス・サステナビリティ,内部調査・会員アンケート
keidanren_2024_030.pdf,keidanren_2024_030,keidanren,経済団体,2023年度 カーボンニュートラル行動計画 第三者評価委員会 評価報告書,2024-04-02,20240402,報告書,環境,公開,https://www.keidanren.or.jp/policy/2024/030.pdf,2026-07-11,ok,エネルギー・環境|産業政策・成長戦略,内部調査・会員アンケート
keidanren_2024_027.pdf,keidanren_2024_027,keidanren,経済団体,地域協創事例集（2024年更新版）,2024-03-27,20240327,提言,国土政策,公開,https://www.keidanren.or.jp/policy/2024/027_jirei.pdf,2026-07-11,ok,地域経済・観光・地方創生|産業政策・成長戦略|エネルギー・環境,主張・提言
keidanren_2024_025.pdf,keidanren_2024_025,keidanren,経済団体,経団連女性エグゼクティブによる米国ミッション,2024-03-21,20240321,提言,企業社会,公開,https://www.keidanren.or.jp/policy/2024/025.pdf,2026-07-11,ok,多様性・人権・ジェンダー|通商・国際経済・国際協力,活動記録
keidanren_2024_017.pdf,keidanren_2024_017,keidanren,経済団体,宇宙基本計画の実行に向けた提言,2024-03-19,20240319,提言,産業技術,公開,https://www.keidanren.or.jp/policy/2024/017_honbun.pdf,2026-07-11,ok,イノベーション・科学技術・スタートアップ|外交・安全保障・経済安全保障|産業政策・成長戦略,主張・提言
keidanren_2024_026.pdf,keidanren_2024_026,keidanren,経済団体,循環型社会形成自主行動計画,2024-03-19,20240319,提言,環境,公開,https://www.keidanren.or.jp/policy/2024/026_gaiyo.pdf,2026-07-11,ok,エネルギー・環境|産業政策・成長戦略,内部調査・会員アンケート
keidanren_2024_022.pdf,keidanren_2024_022,keidanren,経済団体,複雑さを増す世界におけるOECDへの期待,2024-03-19,20240319,提言,貿易投資,公開,https://www.keidanren.or.jp/policy/2024/022_honbun.pdf,2026-07-11,ok,通商・国際経済・国際協力|税制・財政|外交・安全保障・経済安全保障,主張・提言
keidanren_2024_021.txt,keidanren_2024_021,keidanren,経済団体,重要経済安保情報の保護及び活用に関する法律案の早期成立を求める,2024-03-19,20240319,提言,貿易投資,公開,https://www.keidanren.or.jp/policy/2024/021.html,2026-07-11,html_text,外交・安全保障・経済安全保障|政治・統治機構・憲法|産業政策・成長戦略,主張・提言
keidanren_2024_020.pdf,keidanren_2024_020,keidanren,経済団体,成長と分配の好循環の実現に資する経済・財政運営,2024-03-19,20240319,提言,経済政策,公開,https://www.keidanren.or.jp/policy/2024/020_honbun.pdf,2026-07-11,ok,マクロ経済・経済財政運営|税制・財政,主張・提言
keidanren_2024_024.txt,keidanren_2024_024,keidanren,経済団体,「グリーン社会の実現に向けた事業者等の活動に関する独占禁止法上の考え方（改定案）」に対する意見,2024-03-18,20240318,意見,経済基盤,公開,https://www.keidanren.or.jp/policy/2024/024.html,2026-07-11,html_text,エネルギー・環境|産業政策・成長戦略|行政改革・規制改革,主張・提言
keidanren_2024_023.txt,keidanren_2024_023,keidanren,経済団体,景品表示法に基づく「確約手続に関する運用基準（案）」に対する意見,2024-03-18,20240318,意見,経済基盤,公開,https://www.keidanren.or.jp/policy/2024/023.html,2026-07-11,html_text,行政改革・規制改革|企業経営・ガバナンス・サステナビリティ,主張・提言
keidanren_2024_019.txt,keidanren_2024_019,keidanren,経済団体,第51回東亜経済人会議 共同声明,2024-03-14,20240314,提言,地域,公開,https://www.keidanren.or.jp/policy/2024/019.html,2026-07-11,html_text,通商・国際経済・国際協力|エネルギー・環境|産業政策・成長戦略,主張・提言
keidanren_2024_014.pdf,keidanren_2024_014,keidanren,経済団体,博士人材と女性理工系人材の育成・活躍に向けた提言,2024-02-20,20240220,提言,企業社会,公開,https://www.keidanren.or.jp/policy/2024/014_honbun.pdf,2026-07-11,ok,人材・教育|イノベーション・科学技術・スタートアップ|多様性・人権・ジェンダー,主張・提言
keidanren_2024_015.pdf,keidanren_2024_015,keidanren,経済団体,博士人材と女性理工系人材の育成・活躍に関するアンケート結果,2024-02-20,20240220,資料,企業社会,公開,https://www.keidanren.or.jp/policy/2024/015_kekka.pdf,2026-07-11,ok,人材・教育|多様性・人権・ジェンダー|イノベーション・科学技術・スタートアップ,内部調査・会員アンケート
keidanren_2024_013.pdf,keidanren_2024_013,keidanren,経済団体,グローバルな市場創出に向けた国際標準戦略のあり方に関する提言,2024-02-20,20240220,提言,産業技術,公開,https://www.keidanren.or.jp/policy/2024/013_honbun.pdf,2026-07-11,ok,産業政策・成長戦略|通商・国際経済・国際協力|イノベーション・科学技術・スタートアップ,主張・提言
keidanren_2024_012.pdf,keidanren_2024_012,keidanren,経済団体,経済安全保障分野におけるセキュリティ・クリアランス制度等に関する提言,2024-02-20,20240220,提言,貿易投資,公開,https://www.keidanren.or.jp/policy/2024/012_honbun.pdf,2026-07-11,ok,外交・安全保障・経済安全保障|行政改革・規制改革,主張・提言
keidanren_2024_016.txt,keidanren_2024_016,keidanren,経済団体,日米DDE民間作業部会 共同声明2024,2024-02-06,20240206,提言,産業技術,公開,https://www.keidanren.or.jp/policy/2024/016.html,2026-07-11,html_text,デジタル・情報通信|通商・国際経済・国際協力|イノベーション・科学技術・スタートアップ,主張・提言
keidanren_2024_037.pdf,keidanren_2024_037,keidanren,経済団体,個人情報保護法の3年ごと見直しに対する意見,2024-01-31,20240131,意見,産業技術,公開,https://www.keidanren.or.jp/policy/2024/037.pdf,2026-07-11,ok,デジタル・情報通信|行政改革・規制改革,主張・提言
keidanren_2024_011.txt,keidanren_2024_011,keidanren,経済団体,米国によるLNG輸出認可審査の一時停止に関する日米欧経済団体 共同書簡,2024-01-26,20240126,提言,環境,公開,https://www.keidanren.or.jp/policy/2024/011.html,2026-07-11,html_text,エネルギー・環境|通商・国際経済・国際協力,主張・提言
keidanren_2024_009.txt,keidanren_2024_009,keidanren,経済団体,商業登記規則等改正案（株式会社代表者住所の一部非公開化）に対する意見,2024-01-24,20240124,意見,経済基盤,公開,https://www.keidanren.or.jp/policy/2024/009.html,2026-07-11,html_text,行政改革・規制改革|企業経営・ガバナンス・サステナビリティ,主張・提言
keidanren_2024_003.pdf,keidanren_2024_003,keidanren,経済団体,サイバー分野における官民連携に関するNCABと経団連の協力覚書,2024-01-17,20240117,提言,産業技術,公開,https://www.keidanren.or.jp/policy/2024/003.pdf,2026-07-11,ok,デジタル・情報通信|外交・安全保障・経済安全保障|通商・国際経済・国際協力,活動記録
keidanren_2024_008.txt,keidanren_2024_008,keidanren,経済団体,構造的な賃上げによる経済好循環の実現に向けて,2024-01-17,20240117,提言,経済基盤,公開,https://www.keidanren.or.jp/policy/2024/008.html,2026-07-11,html_text,中小企業|労働・雇用|マクロ経済・経済財政運営,主張・提言
keidanren_2024_004.txt,keidanren_2024_004,keidanren,経済団体,2024年版 経営労働政策特別委員会報告,2024-01-16,20240116,提言,労働,公開,https://www.keidanren.or.jp/policy/2024/004.html,2026-07-11,html_text,労働・雇用|人材・教育|中小企業,主張・提言
keidanren_2024_002.pdf,keidanren_2024_002,keidanren,経済団体,役員・従業員へのインセンティブ報酬制度の活用拡大に向けた提言,2024-01-16,20240116,提言,経済基盤,公開,https://www.keidanren.or.jp/policy/2024/002_honbun.pdf,2026-07-11,ok,企業経営・ガバナンス・サステナビリティ|税制・財政|金融・資本市場,主張・提言
keidanren_2024_007.pdf,keidanren_2024_007,keidanren,経済団体,労使自治を軸とした労働法制に関する提言,2024-01-16,20240116,提言,労働,公開,https://www.keidanren.or.jp/policy/2024/007_honbun.pdf,2026-07-11,ok,労働・雇用|行政改革・規制改革,主張・提言
keidanren_2024_005.pdf,keidanren_2024_005,keidanren,経済団体,第3回 企業行動憲章に関するアンケート結果,2024-01-16,20240116,資料,企業社会,公開,https://www.keidanren.or.jp/policy/2024/005_kekka.pdf,2026-07-11,ok,企業経営・ガバナンス・サステナビリティ,内部調査・会員アンケート
keidanren_2024_006.pdf,keidanren_2024_006,keidanren,経済団体,2023年人事・労務に関するトップ・マネジメント調査結果,2024-01-16,20240116,提言,労働,公開,https://www.keidanren.or.jp/policy/2024/006.pdf,2026-07-11,ok,労働・雇用,内部調査・会員アンケート
keidanren_2024_001.txt,keidanren_2024_001,keidanren,経済団体,第30回 経団連・韓経協首脳懇談会 共同声明,2024-01-11,20240111,提言,地域,公開,https://www.keidanren.or.jp/policy/2024/001.html,2026-07-11,html_text,通商・国際経済・国際協力|エネルギー・環境|イノベーション・科学技術・スタートアップ,活動記録
keidanren_2023_089.pdf,keidanren_2023_089,keidanren,経済団体,2023年年末賞与・一時金 大手企業業種別妥結結果,2023-12-26,20231226,提言,労働,公開,https://www.keidanren.or.jp/policy/2023/089.pdf,2026-07-14,ok,労働・雇用,内部調査・会員アンケート
keidanren_2023_088.pdf,keidanren_2023_088,keidanren,経済団体,上場企業役員ジェンダー・バランスに関する経団連会員企業調査結果（2023年版）,2023-12-25,20231225,提言,企業社会,公開,https://www.keidanren.or.jp/policy/2023/088_kekka.pdf,2026-07-14,ok,多様性・人権・ジェンダー|企業経営・ガバナンス・サステナビリティ,内部調査・会員アンケート
keidanren_2023_087.pdf,keidanren_2023_087,keidanren,経済団体,企業の生物多様性への取組に関するアンケート調査結果概要,2023-12-25,20231225,資料,環境,公開,https://www.keidanren.or.jp/policy/2023/087_kekka.pdf,2026-07-14,ok,エネルギー・環境|企業経営・ガバナンス・サステナビリティ,内部調査・会員アンケート
keidanren_2023_085.txt,keidanren_2023_085,keidanren,経済団体,アジア・ゼロエミッション共同体構想に関するASEANビジネス諮問評議会（ASEAN-BAC）、経団連、東アジア・アセアン経済研究センターの共同声明,2023-12-16,20231216,提言,環境,公開,https://www.keidanren.or.jp/policy/2023/085.html,2026-07-14,html_text,エネルギー・環境|通商・国際経済・国際協力,主張・提言
keidanren_2023_082.pdf,keidanren_2023_082,keidanren,経済団体,経団連生物多様性宣言・行動指針,2023-12-12,20231212,提言,環境,公開,https://www.keidanren.or.jp/policy/2023/082_honbun.pdf,2026-07-14,ok,エネルギー・環境|企業経営・ガバナンス・サステナビリティ,主張・提言
keidanren_2023_083.pdf,keidanren_2023_083,keidanren,経済団体,内発型の地域づくりに向けた地域経済活性化,2023-12-12,20231212,提言,国土政策,公開,https://www.keidanren.or.jp/policy/2023/083_honbun.pdf,2026-07-14,ok,地域経済・観光・地方創生|デジタル・情報通信|行政改革・規制改革,主張・提言
keidanren_2023_078.pdf,keidanren_2023_078,keidanren,経済団体,「政策要望等に関するアンケート調査」調査結果,2023-12-12,20231212,資料,経済政策,公開,https://www.keidanren.or.jp/policy/2023/078.pdf,2026-07-14,ok,マクロ経済・経済財政運営|産業政策・成長戦略|エネルギー・環境,内部調査・会員アンケート
keidanren_2023_084.txt,keidanren_2023_084,keidanren,経済団体,第33回日本メキシコ経済協議会 共同声明,2023-12-11,20231211,提言,地域,公開,https://www.keidanren.or.jp/policy/2023/084.html,2026-07-14,html_text,通商・国際経済・国際協力|産業政策・成長戦略|エネルギー・環境,主張・提言
keidanren_2023_081.txt,keidanren_2023_081,keidanren,経済団体,企業会計基準適用指針公開草案 第80号「自己株式及び準備金の額の減少等に関する会計基準の適用指針（案）」へのコメント,2023-12-06,20231206,意見,経済基盤,公開,https://www.keidanren.or.jp/policy/2023/081.html,2026-07-14,html_text,企業経営・ガバナンス・サステナビリティ|金融・資本市場,主張・提言
keidanren_2023_080.txt,keidanren_2023_080,keidanren,経済団体,IAASB公開草案 国際サステナビリティ保証基準 (ISSA) 5000「サステナビリティ保証業務の一般的要求事項」へのコメント,2023-12-01,20231201,意見,経済基盤,公開,https://www.keidanren.or.jp/policy/2023/080.html,2026-07-14,html_text,企業経営・ガバナンス・サステナビリティ|金融・資本市場,主張・提言
keidanren_2023_079.txt,keidanren_2023_079,keidanren,経済団体,日本メルコスールEPAの早期実現を求める,2023-11-29,20231129,提言,地域,公開,https://www.keidanren.or.jp/policy/2023/079.html,2026-07-14,html_text,通商・国際経済・国際協力,主張・提言
keidanren_2023_077.txt,keidanren_2023_077,keidanren,経済団体,令和6年度診療報酬改定に関する要請,2023-11-27,20231127,提言,経済政策,公開,https://www.keidanren.or.jp/policy/2023/077.html,2026-07-14,html_text,社会保障（年金・医療・介護）|税制・財政,主張・提言
keidanren_2023_075.txt,keidanren_2023_075,keidanren,経済団体,第9回日中企業家及び元政府高官対話 共同声明,2023-11-15,20231115,提言,地域,公開,https://www.keidanren.or.jp/policy/2023/075.html,2026-07-14,html_text,通商・国際経済・国際協力|エネルギー・環境|社会保障（年金・医療・介護）,主張・提言
keidanren_2023_074.pdf,keidanren_2023_074,keidanren,経済団体,日ASEAN友好協力50周年に際してのメッセージ,2023-11-14,20231114,提言,地域,公開,https://www.keidanren.or.jp/policy/2023/074.pdf,2026-07-14,ok,通商・国際経済・国際協力|デジタル・情報通信|外交・安全保障・経済安全保障,主張・提言
keidanren_2023_071.txt,keidanren_2023_071,keidanren,経済団体,市場環境の変化に対応した情報通信政策の在り方に関する意見,2023-11-14,20231114,意見,産業技術,公開,https://www.keidanren.or.jp/policy/2023/071.html,2026-07-14,html_text,デジタル・情報通信|外交・安全保障・経済安全保障|行政改革・規制改革,主張・提言
keidanren_2023_073.pdf,keidanren_2023_073,keidanren,経済団体,バイオ医薬品の産業強化に向けて,2023-11-07,20231107,提言,産業技術,公開,https://www.keidanren.or.jp/policy/2023/073_honbun.pdf,2026-07-14,ok,産業政策・成長戦略|イノベーション・科学技術・スタートアップ,主張・提言
keidanren_2023_070.pdf,keidanren_2023_070,keidanren,経済団体,二国間クレジット制度（JCM）の一層の活用に向けてパートナー国・地域の拡大と公的支援の改善・拡充を求める,2023-11-06,20231106,提言,国際協力,公開,https://www.keidanren.or.jp/policy/2023/070_honbun.pdf,2026-07-14,ok,エネルギー・環境|通商・国際経済・国際協力|産業政策・成長戦略,主張・提言
keidanren_2023_068.pdf,keidanren_2023_068,keidanren,経済団体,中長期視点での全世代型社会保障の議論を求める,2023-10-17,20231017,提言,経済政策,公開,https://www.keidanren.or.jp/policy/2023/068_honbun.pdf,2026-07-14,ok,社会保障（年金・医療・介護）|マクロ経済・経済財政運営,主張・提言
keidanren_2023_067.pdf,keidanren_2023_067,keidanren,経済団体,AI活用戦略Ⅱ,2023-10-17,20231017,提言,産業技術,公開,https://www.keidanren.or.jp/policy/2023/067_honbun.pdf,2026-07-14,ok,イノベーション・科学技術・スタートアップ|デジタル・情報通信|産業政策・成長戦略,主張・提言
keidanren_2023_064.pdf,keidanren_2023_064,keidanren,経済団体,政治との連携強化に関する見解,2023-10-17,20231017,提言,総合政策,公開,https://www.keidanren.or.jp/policy/2023/064.pdf,2026-07-14,ok,政治・統治機構・憲法|マクロ経済・経済財政運営,主張・提言
keidanren_2023_065.pdf,keidanren_2023_065,keidanren,経済団体,主要政党の政策評価 2023,2023-10-17,20231017,提言,総合政策,公開,https://www.keidanren.or.jp/policy/2023/065.pdf,2026-07-14,ok,政治・統治機構・憲法|マクロ経済・経済財政運営|産業政策・成長戦略,主張・提言
keidanren_2023_066.pdf,keidanren_2023_066,keidanren,経済団体,サステナブルな商品・サービス選択の推進,2023-10-17,20231017,提言,企業社会,公開,https://www.keidanren.or.jp/policy/2023/066_honbun.pdf,2026-07-14,ok,企業経営・ガバナンス・サステナビリティ,主張・提言
keidanren_2023_063.txt,keidanren_2023_063,keidanren,経済団体,IOSCO市中協議「Consultation on Goodwill」へのコメント,2023-09-20,20230920,意見,経済基盤,公開,https://www.keidanren.or.jp/policy/2023/063.html,2026-07-14,html_text,企業経営・ガバナンス・サステナビリティ|金融・資本市場,主張・提言
keidanren_2023_062.pdf,keidanren_2023_062,keidanren,経済団体,令和6年度税制改正に関する提言,2023-09-12,20230912,提言,経済基盤,公開,https://www.keidanren.or.jp/policy/2023/062_honbun.pdf,2026-07-14,ok,税制・財政,主張・提言
keidanren_2023_061.pdf,keidanren_2023_061,keidanren,経済団体,2023年度規制改革要望,2023-09-12,20230912,要望,産業政策,公開,https://www.keidanren.or.jp/policy/2023/061_honbun.pdf,2026-07-14,ok,行政改革・規制改革|デジタル・情報通信|社会保障（年金・医療・介護）,主張・提言
keidanren_2023_060.txt,keidanren_2023_060,keidanren,経済団体,第1の柱 利益B 公開諮問文書への意見,2023-09-01,20230901,意見,経済基盤,公開,https://www.keidanren.or.jp/policy/2023/060.html,2026-07-14,html_text,税制・財政|通商・国際経済・国際協力,主張・提言
keidanren_2023_059.txt,keidanren_2023_059,keidanren,経済団体,ISSB情報要請「アジェンダの優先度に関する協議」へのコメント,2023-09-01,20230901,意見,経済基盤,公開,https://www.keidanren.or.jp/policy/2023/059.html,2026-07-14,html_text,企業経営・ガバナンス・サステナビリティ|金融・資本市場,主張・提言
keidanren_2023_058.pdf,keidanren_2023_058,keidanren,経済団体,2023年春季労使交渉・中小企業業種別妥結結果,2023-08-10,20230810,提言,労働,公開,https://www.keidanren.or.jp/policy/2023/058.pdf,2026-07-14,ok,労働・雇用|中小企業,内部調査・会員アンケート
keidanren_2023_057.txt,keidanren_2023_057,keidanren,経済団体,「重要な契約」の開示にかかる「企業内容等の開示に関する内閣府令」等の改正案に対する意見,2023-08-10,20230810,意見,経済基盤,公開,https://www.keidanren.or.jp/policy/2023/057.html,2026-07-14,html_text,金融・資本市場|企業経営・ガバナンス・サステナビリティ,主張・提言
keidanren_2023_056.pdf,keidanren_2023_056,keidanren,経済団体,2023年夏季賞与・一時金 大手企業業種別妥結結果,2023-08-09,20230809,提言,労働,公開,https://www.keidanren.or.jp/policy/2023/056.pdf,2026-07-14,ok,労働・雇用,内部調査・会員アンケート
keidanren_2023_055.txt,keidanren_2023_055,keidanren,経済団体,企業会計基準公開草案 第73号「リースに関する会計基準（案）」へのコメント,2023-08-04,20230804,意見,経済基盤,公開,https://www.keidanren.or.jp/policy/2023/055.html,2026-07-14,html_text,金融・資本市場|税制・財政|企業経営・ガバナンス・サステナビリティ,主張・提言
keidanren_2023_054.pdf,keidanren_2023_054,keidanren,経済団体,2023年春季労使交渉・大手企業業種別妥結結果,2023-08-04,20230804,提言,労働,公開,https://www.keidanren.or.jp/policy/2023/054.pdf,2026-07-14,ok,労働・雇用,内部調査・会員アンケート
keidanren_2023_053.pdf,keidanren_2023_053,keidanren,経済団体,夏季フォーラム2023 総括文書,2023-07-21,20230721,提言,総合政策,公開,https://www.keidanren.or.jp/policy/2023/053.pdf,2026-07-14,ok,企業経営・ガバナンス・サステナビリティ|人材・教育|産業政策・成長戦略,主張・提言
keidanren_2023_052.txt,keidanren_2023_052,keidanren,経済団体,金融庁「インパクト投資等に関する検討会」報告書に対する意見,2023-07-10,20230710,意見,経済基盤,公開,https://www.keidanren.or.jp/policy/2023/052.html,2026-07-14,html_text,金融・資本市場|企業経営・ガバナンス・サステナビリティ,主張・提言
keidanren_2023_051.txt,keidanren_2023_051,keidanren,経済団体,日本ブラジル経済合同委員会日伯経済関係の推進に向けた共同声明,2023-07-06,20230706,提言,地域,公開,https://www.keidanren.or.jp/policy/2023/051.html,2026-07-14,html_text,通商・国際経済・国際協力|エネルギー・環境|産業政策・成長戦略,主張・提言
keidanren_2023_050.txt,keidanren_2023_050,keidanren,経済団体,第12回アジア・ビジネス・サミット共同声明,2023-07-05,20230705,提言,地域,公開,https://www.keidanren.or.jp/policy/2023/050.html,2026-07-14,html_text,通商・国際経済・国際協力|デジタル・情報通信|エネルギー・環境,主張・提言
keidanren_2023_044.pdf,keidanren_2023_044,keidanren,経済団体,EUにおけるPFAS規制案へのコメント,2023-06-21,20230621,意見,環境,公開,https://www.keidanren.or.jp/policy/2023/044.pdf,2026-07-14,ok,エネルギー・環境|通商・国際経済・国際協力|産業政策・成長戦略,主張・提言
keidanren_2023_047.txt,keidanren_2023_047,keidanren,経済団体,「情報信託機能の認定に係る指針Ver3.0（案）」に対する意見,2023-06-15,20230615,意見,産業技術,公開,https://www.keidanren.or.jp/policy/2023/047.html,2026-07-14,html_text,デジタル・情報通信|行政改革・規制改革,主張・提言
keidanren_2023_043.txt,keidanren_2023_043,keidanren,経済団体,「国土強靱化基本計画（素案）」に対する意見,2023-06-15,20230615,意見,企業社会,公開,https://www.keidanren.or.jp/policy/2023/043.html,2026-07-14,html_text,国土・住宅・交通・防災|デジタル・情報通信|行政改革・規制改革,主張・提言
keidanren_2023_042.pdf,keidanren_2023_042,keidanren,経済団体,「政策要望等に関するアンケート調査」調査結果,2023-06-13,20230613,資料,経済政策,公開,https://www.keidanren.or.jp/policy/2023/042.pdf,2026-07-14,ok,マクロ経済・経済財政運営|産業政策・成長戦略|エネルギー・環境,内部調査・会員アンケート
keidanren_2023_041.pdf,keidanren_2023_041,keidanren,経済団体,AI活用によるSociety 5.0 for SDGsの実現に向けて,2023-06-09,20230609,提言,産業技術,公開,https://www8.cao.go.jp/cstp/ai/ai_senryaku/2kai/ronten.pdf,2026-07-14,ok,イノベーション・科学技術・スタートアップ|デジタル・情報通信,外部・第三者資料
keidanren_2023_040.pdf,keidanren_2023_040,keidanren,経済団体,「男性の家事・育児」に関するアンケ―ト調査結果,2023-06-05,20230605,提言,労働,公開,https://www.keidanren.or.jp/policy/2023/040.pdf,2026-07-14,ok,こども・子育て・人口|労働・雇用|多様性・人権・ジェンダー,内部調査・会員アンケート
keidanren_2023_039.txt,keidanren_2023_039,keidanren,経済団体,成長と分配の好循環を実現する,2023-05-31,20230531,提言,総合政策,公開,https://www.keidanren.or.jp/policy/2023/039.html,2026-07-14,html_text,マクロ経済・経済財政運営|エネルギー・環境|デジタル・情報通信,主張・提言
keidanren_2023_034.pdf,keidanren_2023_034,keidanren,経済団体,データ利活用・連携による新たな価値創造に向けて,2023-05-16,20230516,提言,産業技術,公開,https://www.keidanren.or.jp/policy/2023/034_honbun.pdf,2026-07-14,ok,デジタル・情報通信|産業政策・成長戦略|イノベーション・科学技術・スタートアップ,主張・提言
keidanren_2023_033.pdf,keidanren_2023_033,keidanren,経済団体,農業の成長産業化に向けた提言,2023-05-16,20230516,提言,産業政策,公開,https://www.keidanren.or.jp/policy/2023/033_honbun.pdf,2026-07-14,ok,農林水産・食料|産業政策・成長戦略|通商・国際経済・国際協力,主張・提言
keidanren_2023_035.pdf,keidanren_2023_035,keidanren,経済団体,DX時代の労働安全衛生のあり方に関する提言,2023-05-16,20230516,提言,労働,公開,https://www.keidanren.or.jp/policy/2023/035_honbun.pdf,2026-07-14,ok,労働・雇用|デジタル・情報通信,主張・提言
keidanren_2023_032.pdf,keidanren_2023_032,keidanren,経済団体,日韓・韓日未来パートナーシップ基金の今後の運営について,2023-05-10,20230510,提言,地域,公開,https://www.keidanren.or.jp/policy/2023/032_chart.pdf,2026-07-14,ok,通商・国際経済・国際協力|外交・安全保障・経済安全保障,活動記録
keidanren_2023_030.pdf,keidanren_2023_030,keidanren,経済団体,サステイナブルな資本主義に向けた好循環の実現,2023-04-26,20230426,提言,経済政策,公開,https://www.keidanren.or.jp/policy/2023/030_honbun.pdf,2026-07-14,ok,マクロ経済・経済財政運営|社会保障（年金・医療・介護）|労働・雇用,主張・提言
keidanren_2023_031.pdf,keidanren_2023_031,keidanren,経済団体,産学協働で取り組む人材育成としての『人への投資』,2023-04-26,20230426,提言,企業社会,公開,https://www.keidanren.or.jp/policy/2023/031_honbun.pdf,2026-07-14,ok,人材・教育|労働・雇用|イノベーション・科学技術・スタートアップ,主張・提言
keidanren_2023_029.txt,keidanren_2023_029,keidanren,経済団体,G7倉敷労働雇用大臣会合 B7・L7 共同声明,2023-04-22,20230422,提言,労働,公開,https://www.keidanren.or.jp/policy/2023/029.html,2026-07-14,html_text,労働・雇用|社会保障（年金・医療・介護）|通商・国際経済・国際協力,外部・第三者資料
keidanren_2023_028.pdf,keidanren_2023_028,keidanren,経済団体,B7東京サミット 共同提言,2023-04-20,20230420,提言,貿易投資,公開,https://www.keidanren.or.jp/policy/2023/028.pdf,2026-07-14,ok,通商・国際経済・国際協力|外交・安全保障・経済安全保障|エネルギー・環境,主張・提言
keidanren_2023_046.pdf,keidanren_2023_046,keidanren,経済団体,「コーポレートガバナンス改革の実質化に向けたアクションプログラム（案）」に対する意見,2023-04-19,20230419,意見,経済基盤,公開,https://www.keidanren.or.jp/policy/2023/046.pdf,2026-07-14,ok,企業経営・ガバナンス・サステナビリティ|金融・資本市場,主張・提言
keidanren_2023_027.pdf,keidanren_2023_027,keidanren,経済団体,Entertainment Contents ∞ 2023,2023-04-11,20230411,提言,産業政策,公開,https://www.keidanren.or.jp/policy/2023/027_honbun.pdf,2026-07-14,ok,産業政策・成長戦略|通商・国際経済・国際協力|人材・教育,主張・提言
keidanren_2023_026.pdf,keidanren_2023_026,keidanren,経済団体,大規模災害に負けない持続可能な社会の構築,2023-04-11,20230411,提言,企業社会,公開,https://www.keidanren.or.jp/policy/2023/026_honbun.pdf,2026-07-14,ok,国土・住宅・交通・防災|デジタル・情報通信|行政改革・規制改革,主張・提言
keidanren_2023_024.pdf,keidanren_2023_024,keidanren,経済団体,2022年度 カーボンニュートラル行動計画 第三者評価委員会 評価報告書,2023-03-31,20230331,報告書,環境,公開,https://www.keidanren.or.jp/policy/2023/024.pdf,2026-07-14,ok,エネルギー・環境|産業政策・成長戦略,外部・第三者資料
keidanren_2023_022.pdf,keidanren_2023_022,keidanren,経済団体,質の高いインターンシップに関する意向調査結果,2023-03-23,20230323,提言,企業社会,公開,https://www.keidanren.or.jp/policy/2023/022.pdf,2026-07-14,ok,人材・教育|労働・雇用,内部調査・会員アンケート
keidanren_2023_020.pdf,keidanren_2023_020,keidanren,経済団体,日韓 未来パートナーシップ宣言,2023-03-16,20230316,提言,地域,公開,https://www.keidanren.or.jp/policy/2023/020_fund.pdf,2026-07-14,ok,通商・国際経済・国際協力|外交・安全保障・経済安全保障,活動記録
keidanren_2023_017.pdf,keidanren_2023_017,keidanren,経済団体,戦略的なインフラシステムの海外展開に向けて,2023-03-14,20230314,提言,国際協力,公開,https://www.keidanren.or.jp/policy/2023/017_honbun.pdf,2026-07-14,ok,通商・国際経済・国際協力|国土・住宅・交通・防災|エネルギー・環境,主張・提言
keidanren_2023_015.pdf,keidanren_2023_015,keidanren,経済団体,バイオトランスフォーメーション（BX）戦略,2023-03-14,20230314,提言,産業技術,公開,https://www.keidanren.or.jp/policy/2023/015_honbun.pdf,2026-07-14,ok,イノベーション・科学技術・スタートアップ|産業政策・成長戦略|エネルギー・環境,主張・提言
keidanren_2023_018.pdf,keidanren_2023_018,keidanren,経済団体,こども・子育て政策の強化に関する考え方,2023-03-14,20230314,提言,経済政策,公開,https://www.keidanren.or.jp/policy/2023/018_honbun.pdf,2026-07-14,ok,こども・子育て・人口|労働・雇用|マクロ経済・経済財政運営,主張・提言
keidanren_2023_019.pdf,keidanren_2023_019,keidanren,経済団体,宇宙基本計画に向けた提言,2023-03-14,20230314,提言,産業技術,公開,https://www.keidanren.or.jp/policy/2023/019_honbun.pdf,2026-07-14,ok,外交・安全保障・経済安全保障|産業政策・成長戦略|イノベーション・科学技術・スタートアップ,主張・提言
keidanren_2023_016.pdf,keidanren_2023_016,keidanren,経済団体,循環型社会形成自主行動計画,2023-03-14,20230314,提言,環境,公開,https://www.keidanren.or.jp/policy/2023/016_gaiyo.pdf,2026-07-14,ok,エネルギー・環境|産業政策・成長戦略,内部調査・会員アンケート
keidanren_2023_014.txt,keidanren_2023_014,keidanren,経済団体,IASB「国際的な税制改革－第2の柱モデルルール（IAS第12号の修正案）」へのコメント,2023-03-10,20230310,意見,経済基盤,公開,https://www.keidanren.or.jp/policy/2023/014.html,2026-07-14,html_text,税制・財政|企業経営・ガバナンス・サステナビリティ,主張・提言
keidanren_2023_012.txt,keidanren_2023_012,keidanren,経済団体,ステルスマーケティング規制に関する指定告示案等に対する意見,2023-02-22,20230222,意見,経済基盤,公開,https://www.keidanren.or.jp/policy/2023/012.html,2026-07-14,html_text,行政改革・規制改革|デジタル・情報通信,主張・提言
keidanren_2023_009.pdf,keidanren_2023_009,keidanren,経済団体,Society 5.0時代のヘルスケアⅣ,2023-02-14,20230214,提言,産業技術,公開,https://www.keidanren.or.jp/policy/2023/009_honbun.pdf,2026-07-14,ok,社会保障（年金・医療・介護）|デジタル・情報通信|イノベーション・科学技術・スタートアップ,主張・提言
keidanren_2023_008.pdf,keidanren_2023_008,keidanren,経済団体,サーキュラー・エコノミーの実現に向けた提言,2023-02-14,20230214,提言,環境,公開,https://www.keidanren.or.jp/policy/2023/008_honbun.pdf,2026-07-14,ok,エネルギー・環境|産業政策・成長戦略|行政改革・規制改革,主張・提言
keidanren_2023_010.txt,keidanren_2023_010,keidanren,経済団体,「グリーン社会の実現に向けた事業者等の活動に関する独占禁止法上の考え方（案）」に対する意見,2023-02-13,20230213,意見,経済基盤,公開,https://www.keidanren.or.jp/policy/2023/010.html,2026-07-14,html_text,エネルギー・環境|行政改革・規制改革|企業経営・ガバナンス・サステナビリティ,主張・提言
keidanren_2023_007.txt,keidanren_2023_007,keidanren,経済団体,公開市中協議「第2の柱 GloBE情報申告」に対する意見,2023-02-03,20230203,意見,経済基盤,公開,https://www.keidanren.or.jp/policy/2023/007.html,2026-07-14,html_text,税制・財政|通商・国際経済・国際協力,主張・提言
keidanren_2023_006.txt,keidanren_2023_006,keidanren,経済団体,公開市中協議「第2の柱 GloBEルールの税の安定性」に対する意見,2023-02-03,20230203,意見,経済基盤,公開,https://www.keidanren.or.jp/policy/2023/006.html,2026-07-14,html_text,税制・財政|通商・国際経済・国際協力,主張・提言
keidanren_2023_005.txt,keidanren_2023_005,keidanren,経済団体,デジタル課税 第1の柱 利益B 公開諮問文書への意見,2023-01-25,20230125,意見,経済基盤,公開,https://www.keidanren.or.jp/policy/2023/005.html,2026-07-14,html_text,税制・財政|通商・国際経済・国際協力,主張・提言
keidanren_2023_004.txt,keidanren_2023_004,keidanren,経済団体,「GX実現に向けた基本方針」パブリックコメント募集に対する意見,2023-01-20,20230120,意見,環境,公開,https://www.keidanren.or.jp/policy/2023/004.html,2026-07-14,html_text,エネルギー・環境|産業政策・成長戦略,主張・提言
keidanren_2023_002.txt,keidanren_2023_002,keidanren,経済団体,2023年版 経営労働政策特別委員会報告,2023-01-17,20230117,提言,労働,公開,https://www.keidanren.or.jp/policy/2023/002.html,2026-07-14,html_text,労働・雇用|人材・教育|中小企業,主張・提言
keidanren_2023_003.pdf,keidanren_2023_003,keidanren,経済団体,2022年人事・労務に関するトップ・マネジメント調査結果,2023-01-17,20230117,提言,労働,公開,https://www.keidanren.or.jp/policy/2023/003.pdf,2026-07-14,ok,労働・雇用,内部調査・会員アンケート
keidanren_2023_001.txt,keidanren_2023_001,keidanren,経済団体,「パートナーシップ構築宣言」の実効性向上に向けて,2023-01-13,20230113,提言,経済基盤,公開,https://www.keidanren.or.jp/policy/2023/001.html,2026-07-14,html_text,中小企業|企業経営・ガバナンス・サステナビリティ|労働・雇用,主張・提言
keidanren_2022_109.txt,keidanren_2022_109,keidanren,経済団体,「人を対象とする生命科学・医学系研究に関する倫理指針の一部を改正する件」に対する意見,2022-12-27,20221227,意見,産業技術,公開,https://www.keidanren.or.jp/policy/2022/109.html,2026-07-14,html_text,イノベーション・科学技術・スタートアップ|デジタル・情報通信,主張・提言
keidanren_2022_108.pdf,keidanren_2022_108,keidanren,経済団体,2022年年末賞与・一時金 大手企業業種別妥結結果,2022-12-22,20221222,提言,労働,公開,https://www.keidanren.or.jp/policy/2022/108.pdf,2026-07-14,ok,労働・雇用,内部調査・会員アンケート
keidanren_2022_103.txt,keidanren_2022_103,keidanren,経済団体,開発協力大綱の改定に関する意見,2022-12-13,20221213,意見,国際協力,公開,https://www.keidanren.or.jp/policy/2022/103.html,2026-07-14,html_text,通商・国際経済・国際協力|外交・安全保障・経済安全保障|エネルギー・環境,主張・提言
keidanren_2022_104.pdf,keidanren_2022_104,keidanren,経済団体,中東湾岸諸国との戦略的関係強化を求める,2022-12-13,20221213,提言,地域,公開,https://www.keidanren.or.jp/policy/2022/104_honbun.pdf,2026-07-14,ok,通商・国際経済・国際協力|エネルギー・環境|外交・安全保障・経済安全保障,主張・提言
keidanren_2022_105.pdf,keidanren_2022_105,keidanren,経済団体,「企業行動憲章 実行の手引き」第9版の改訂について,2022-12-13,20221213,提言,企業社会,公開,https://www.keidanren.or.jp/policy/cgcb/2022kaitei.pdf,2026-07-14,ok,企業経営・ガバナンス・サステナビリティ|多様性・人権・ジェンダー|エネルギー・環境,主張・提言
keidanren_2022_106.pdf,keidanren_2022_106,keidanren,経済団体,「政策要望等に関するアンケート調査」調査結果,2022-12-13,20221213,資料,経済政策,公開,https://www.keidanren.or.jp/policy/2022/106.pdf,2026-07-14,ok,マクロ経済・経済財政運営|産業政策・成長戦略|エネルギー・環境,内部調査・会員アンケート
keidanren_2022_107.txt,keidanren_2022_107,keidanren,経済団体,「サイバーセキュリティ経営ガイドライン Ver3.0 (案) 」に対する意見,2022-12-06,20221206,意見,産業技術,公開,https://www.keidanren.or.jp/policy/2022/107.html,2026-07-14,html_text,デジタル・情報通信|企業経営・ガバナンス・サステナビリティ|産業政策・成長戦略,主張・提言
keidanren_2022_102.pdf,keidanren_2022_102,keidanren,経済団体,次期SIPに対する意見,2022-12-01,20221201,意見,産業技術,公開,https://www.imi.europa.eu/sites/default/files/uploads/documents/apply-for-funding/call-documents/imi2/IMI2_JU_Guidelines_for_reporting_in_kind_and_financial_contributions_by_%20Members_other_%20than_the_%20Union_%20and_%20Associated_Partners_0.pdf,2026-07-14,error,イノベーション・科学技術・スタートアップ|産業政策・成長戦略,主張・提言
keidanren_2022_101.txt,keidanren_2022_101,keidanren,経済団体,医療保険制度改革に向けた被用者保険関係5団体の意見,2022-12-01,20221201,意見,経済政策,公開,https://www.keidanren.or.jp/policy/2022/101.html,2026-07-14,html_text,社会保障（年金・医療・介護）|税制・財政,主張・提言
keidanren_2022_100.txt,keidanren_2022_100,keidanren,経済団体,第8回日中企業家及び元政府高官対話 共同声明,2022-11-28,20221128,提言,地域,公開,https://www.keidanren.or.jp/policy/2022/100.html,2026-07-14,html_text,通商・国際経済・国際協力|外交・安全保障・経済安全保障|エネルギー・環境,主張・提言
keidanren_2022_096.pdf,keidanren_2022_096,keidanren,経済団体,web3推進戦略,2022-11-15,20221115,提言,産業技術,公開,https://www.keidanren.or.jp/policy/2022/096_honbun.pdf,2026-07-14,ok,イノベーション・科学技術・スタートアップ|デジタル・情報通信|産業政策・成長戦略,主張・提言
keidanren_2022_097.pdf,keidanren_2022_097,keidanren,経済団体,司令塔機能を強化し、新たな感染症に備える,2022-11-15,20221115,提言,企業社会,公開,https://www.keidanren.or.jp/policy/2022/097_honbun.pdf,2026-07-14,ok,社会保障（年金・医療・介護）|政治・統治機構・憲法|行政改革・規制改革,主張・提言
keidanren_2022_110.pdf,keidanren_2022_110,keidanren,経済団体,企業と投資家との建設的な対話の深化に向けて,2022-11-15,20221115,提言,経済基盤,公開,https://www.keidanren.or.jp/policy/2022/110.pdf,2026-07-14,needs_ocr,企業経営・ガバナンス・サステナビリティ|金融・資本市場,主張・提言
keidanren_2022_099.txt,keidanren_2022_099,keidanren,経済団体,B20インドネシアが各分野の共同提言を策定,2022-11-14,20221114,提言,貿易投資,公開,https://www.keidanren.or.jp/policy/2022/099.html,2026-07-14,html_text,通商・国際経済・国際協力|産業政策・成長戦略,活動記録
keidanren_2022_098.txt,keidanren_2022_098,keidanren,経済団体,市中協議文書「第1の柱 利益A 執行および税の安定性に係るプログレスレポート」への意見,2022-11-11,20221111,意見,経済基盤,公開,https://www.keidanren.or.jp/policy/2022/098.html,2026-07-14,html_text,税制・財政|通商・国際経済・国際協力,主張・提言
keidanren_2022_094.pdf,keidanren_2022_094,keidanren,経済団体,会社法施行規則及び会社計算規則による株式会社の各種書類のひな型（改訂版）,2022-11-01,20221101,提言,経済基盤,公開,https://www.keidanren.or.jp/policy/2022/094.pdf,2026-07-14,ok,企業経営・ガバナンス・サステナビリティ|行政改革・規制改革,主張・提言
keidanren_2022_093.txt,keidanren_2022_093,keidanren,経済団体,「民事執行・民事保全・倒産及び家事事件等に関する手続（IT化関係）の見直しに関する中間試案」に対する意見,2022-10-24,20221024,意見,経済基盤,公開,https://www.keidanren.or.jp/policy/2022/093.html,2026-07-14,html_text,行政改革・規制改革|デジタル・情報通信|企業経営・ガバナンス・サステナビリティ,主張・提言
keidanren_2022_092.txt,keidanren_2022_092,keidanren,経済団体,次世代医療基盤法見直しに関する意見,2022-10-21,20221021,意見,産業技術,公開,https://www.keidanren.or.jp/policy/2022/092.html,2026-07-14,html_text,イノベーション・科学技術・スタートアップ|デジタル・情報通信|社会保障（年金・医療・介護）,主張・提言
keidanren_2022_091.txt,keidanren_2022_091,keidanren,経済団体,東北経済連合会・日本経済団体連合会 共同宣言,2022-10-18,20221018,提言,国土政策,公開,https://www.keidanren.or.jp/policy/2022/091.html,2026-07-14,html_text,イノベーション・科学技術・スタートアップ|地域経済・観光・地方創生|産業政策・成長戦略,主張・提言
keidanren_2022_089.pdf,keidanren_2022_089,keidanren,経済団体,産業技術立国への再挑戦,2022-10-11,20221011,提言,産業政策,公開,https://www.keidanren.or.jp/policy/2022/089_honbun.pdf,2026-07-14,ok,イノベーション・科学技術・スタートアップ|産業政策・成長戦略|外交・安全保障・経済安全保障,主張・提言
keidanren_2022_088.pdf,keidanren_2022_088,keidanren,経済団体,「次期教育振興基本計画」策定に向けた提言,2022-10-11,20221011,提言,企業社会,公開,https://www.keidanren.or.jp/policy/2022/088_honbun.pdf,2026-07-14,ok,人材・教育|イノベーション・科学技術・スタートアップ|デジタル・情報通信,主張・提言
keidanren_2022_085.pdf,keidanren_2022_085,keidanren,経済団体,政治との連携強化に関する見解,2022-10-11,20221011,提言,総合政策,公開,https://www.keidanren.or.jp/policy/2022/085.pdf,2026-07-14,ok,政治・統治機構・憲法|マクロ経済・経済財政運営,主張・提言
keidanren_2022_086.pdf,keidanren_2022_086,keidanren,経済団体,主要政党の政策評価 2022,2022-10-11,20221011,提言,総合政策,公開,https://www.keidanren.or.jp/policy/2022/086.pdf,2026-07-14,ok,政治・統治機構・憲法|産業政策・成長戦略|デジタル・情報通信,外部・第三者資料
keidanren_2022_087.pdf,keidanren_2022_087,keidanren,経済団体,経団連サイバーセキュリティ経営宣言 2.0,2022-10-11,20221011,提言,産業技術,公開,https://www.keidanren.or.jp/policy/2022/087.pdf,2026-07-14,ok,デジタル・情報通信|企業経営・ガバナンス・サステナビリティ|外交・安全保障・経済安全保障,主張・提言
keidanren_2022_090.pdf,keidanren_2022_090,keidanren,経済団体,副業・兼業に関するアンケ―ト調査結果,2022-10-11,20221011,提言,労働,公開,https://www.keidanren.or.jp/policy/2022/090.pdf,2026-07-14,ok,労働・雇用,内部調査・会員アンケート
keidanren_2022_083.pdf,keidanren_2022_083,keidanren,経済団体,循環経済パートナーシップ（J4CE：ジェイフォース）注目事例集2022発表式を開催,2022-09-16,20220916,提言,環境,公開,https://j4ce.env.go.jp/publications/J4CE_2022_NoteworthyCases_J.pdf,2026-07-14,ok,エネルギー・環境|産業政策・成長戦略,活動記録
keidanren_2022_082.txt,keidanren_2022_082,keidanren,経済団体,日本ブラジル経済合同委員会日伯経済関係の推進に向けた共同声明,2022-09-14,20220914,提言,地域,公開,https://www.keidanren.or.jp/policy/2022/082.html,2026-07-14,html_text,通商・国際経済・国際協力,主張・提言
keidanren_2022_081.pdf,keidanren_2022_081,keidanren,経済団体,自由で開かれた国際経済秩序の再構築に向けて,2022-09-13,20220913,提言,貿易投資,公開,https://www.keidanren.or.jp/policy/2022/081_honbun.pdf,2026-07-14,ok,通商・国際経済・国際協力|外交・安全保障・経済安全保障,主張・提言
keidanren_2022_079.pdf,keidanren_2022_079,keidanren,経済団体,令和5年度税制改正に関する提言,2022-09-13,20220913,提言,経済基盤,公開,https://www.keidanren.or.jp/policy/2022/079_honbun.pdf,2026-07-14,ok,税制・財政,主張・提言
keidanren_2022_078.pdf,keidanren_2022_078,keidanren,経済団体,2022年度規制改革要望,2022-09-13,20220913,要望,産業政策,公開,https://www.keidanren.or.jp/policy/2022/078_honbun.pdf,2026-07-14,ok,行政改革・規制改革|労働・雇用|税制・財政,主張・提言
keidanren_2022_080.pdf,keidanren_2022_080,keidanren,経済団体,Society 5.0時代の海洋政策,2022-09-13,20220913,提言,産業政策,公開,https://www.keidanren.or.jp/policy/2022/080_honbun.pdf,2026-07-14,ok,産業政策・成長戦略|エネルギー・環境|国土・住宅・交通・防災,主張・提言
keidanren_2022_077.pdf,keidanren_2022_077,keidanren,経済団体,「『選ばれる国』になるために―共生社会実現へのアジェンダ」シンポジウム（開催報告）,2022-08-10,20220810,提言,産業政策,公開,https://www.keidanren.or.jp/policy/2022/077_shiryo1.pdf,2026-07-14,ok,多様性・人権・ジェンダー|労働・雇用|外交・安全保障・経済安全保障,活動記録
keidanren_2022_076.txt,keidanren_2022_076,keidanren,経済団体,市中協議文書「第1の柱 利益Aプログレスレポート」への意見,2022-08-10,20220810,意見,経済基盤,公開,https://www.keidanren.or.jp/policy/2022/076.html,2026-07-14,html_text,税制・財政|通商・国際経済・国際協力,主張・提言
keidanren_2022_075.pdf,keidanren_2022_075,keidanren,経済団体,2022年春季労使交渉・中小企業業種別妥結結果,2022-08-09,20220809,提言,労働,公開,https://www.keidanren.or.jp/policy/2022/075.pdf,2026-07-14,ok,労働・雇用|中小企業,内部調査・会員アンケート
keidanren_2022_074.pdf,keidanren_2022_074,keidanren,経済団体,2022年夏季賞与・一時金 大手企業業種別妥結結果,2022-08-05,20220805,提言,労働,公開,https://www.keidanren.or.jp/policy/2022/074.pdf,2026-07-14,ok,労働・雇用,内部調査・会員アンケート
keidanren_2022_073.txt,keidanren_2022_073,keidanren,経済団体,ISSB「サステナビリティ関連財務情報の開示に関する全般的要求事項案」及び「気候関連開示基準案」へのコメント,2022-07-29,20220729,意見,経済基盤,公開,https://www.keidanren.or.jp/policy/2022/073.html,2026-07-14,html_text,企業経営・ガバナンス・サステナビリティ|金融・資本市場,主張・提言
keidanren_2022_072.pdf,keidanren_2022_072,keidanren,経済団体,2022年春季労使交渉・大手企業業種別妥結結果,2022-07-27,20220727,提言,労働,公開,https://www.keidanren.or.jp/policy/2022/072.pdf,2026-07-14,ok,労働・雇用,内部調査・会員アンケート
keidanren_2022_071.pdf,keidanren_2022_071,keidanren,経済団体,サステイナブルな資本主義を実践する,2022-07-22,20220722,提言,総合政策,公開,https://www.keidanren.or.jp/policy/2022/071.pdf,2026-07-14,ok,産業政策・成長戦略|イノベーション・科学技術・スタートアップ|地域経済・観光・地方創生,主張・提言
keidanren_2022_068.pdf,keidanren_2022_068,keidanren,経済団体,宇宙基本計画の実行に向けた提言,2022-07-19,20220719,提言,産業技術,公開,https://www.keidanren.or.jp/policy/2022/068_honbun.pdf,2026-07-14,ok,外交・安全保障・経済安全保障|産業政策・成長戦略|イノベーション・科学技術・スタートアップ,主張・提言
keidanren_2022_069.pdf,keidanren_2022_069,keidanren,経済団体,企業向けワーケーション導入ガイド,2022-07-19,20220719,提言,国土政策,公開,https://www.keidanren.or.jp/policy/2022/069_guide.pdf,2026-07-14,ok,労働・雇用|地域経済・観光・地方創生,主張・提言
keidanren_2022_070.pdf,keidanren_2022_070,keidanren,経済団体,ライフ・サービス・トランスフォーメーション,2022-07-19,20220719,提言,産業政策,公開,https://www.keidanren.or.jp/policy/2022/070_honbun.pdf,2026-07-14,ok,産業政策・成長戦略|こども・子育て・人口|デジタル・情報通信,主張・提言
keidanren_2022_067.txt,keidanren_2022_067,keidanren,経済団体,第29回 経団連・全経連首脳懇談会 共同声明,2022-07-04,20220704,提言,地域,公開,https://www.keidanren.or.jp/policy/2022/067.html,2026-07-14,html_text,通商・国際経済・国際協力|外交・安全保障・経済安全保障,活動記録
keidanren_2022_066.txt,keidanren_2022_066,keidanren,経済団体,B7サミット2022共同提言,2022-06-20,20220620,提言,貿易投資,公開,https://www.keidanren.or.jp/policy/2022/066.html,2026-07-14,html_text,通商・国際経済・国際協力|外交・安全保障・経済安全保障|エネルギー・環境,主張・提言
keidanren_2022_064.pdf,keidanren_2022_064,keidanren,経済団体,新型コロナウイルス感染予防対策ガイドラインの四訂について,2022-06-17,20220617,提言,企業社会,公開,https://www.keidanren.or.jp/policy/2022/064_sanko.pdf,2026-07-14,ok,企業経営・ガバナンス・サステナビリティ|労働・雇用,主張・提言
keidanren_2022_060.pdf,keidanren_2022_060,keidanren,経済団体,“インパクト指標”を活用し、パーパス起点の対話を促進する,2022-06-14,20220614,提言,経済基盤,公開,https://www.keidanren.or.jp/policy/2022/060_honbun.pdf,2026-07-14,ok,企業経営・ガバナンス・サステナビリティ|イノベーション・科学技術・スタートアップ|金融・資本市場,主張・提言
keidanren_2022_059.pdf,keidanren_2022_059,keidanren,経済団体,「政策要望等に関するアンケート調査」調査結果,2022-06-14,20220614,資料,経済政策,公開,https://www.keidanren.or.jp/policy/2022/059.pdf,2026-07-14,ok,マクロ経済・経済財政運営|産業政策・成長戦略|人材・教育,内部調査・会員アンケート
keidanren_2022_057.pdf,keidanren_2022_057,keidanren,経済団体,日本における入国制限措置に関する共同声明,2022-06-10,20220610,提言,貿易投資,公開,https://www.keidanren.or.jp/policy/2022/057.pdf,2026-07-14,ok,通商・国際経済・国際協力|外交・安全保障・経済安全保障,主張・提言
keidanren_2022_063.txt,keidanren_2022_063,keidanren,経済団体,「モバイル・エコシステムに関する競争評価 中間報告」及び「新たな顧客接点（ボイスアシスタント及びウェアラブル）に関する競争評価 中間報告」への意見,2022-06-10,20220610,意見,産業技術,公開,https://www.keidanren.or.jp/policy/2022/063.html,2026-07-14,html_text,デジタル・情報通信|行政改革・規制改革|産業政策・成長戦略,主張・提言
keidanren_2022_055.txt,keidanren_2022_055,keidanren,経済団体,サステイナブルな資本主義を実践する,2022-06-01,20220601,提言,総合政策,公開,https://www.keidanren.or.jp/policy/2022/055.html,2026-07-14,html_text,エネルギー・環境|産業政策・成長戦略|デジタル・情報通信,主張・提言
keidanren_2022_054.txt,keidanren_2022_054,keidanren,経済団体,SEC「気候関連開示規則案」に対するコメント,2022-05-31,20220531,意見,経済基盤,公開,https://www.keidanren.or.jp/policy/2022/054.html,2026-07-14,html_text,エネルギー・環境|金融・資本市場|企業経営・ガバナンス・サステナビリティ,主張・提言
keidanren_2022_053.txt,keidanren_2022_053,keidanren,経済団体,「情報信託機能の認定に係る指針Ver2.2（案）」への意見,2022-05-25,20220525,意見,産業技術,公開,https://www.keidanren.or.jp/policy/2022/053.html,2026-07-14,html_text,デジタル・情報通信|イノベーション・科学技術・スタートアップ,主張・提言
keidanren_2022_043.pdf,keidanren_2022_043,keidanren,経済団体,グリーントランスフォーメーション（GX）に向けて,2022-05-17,20220517,提言,環境,公開,https://www.keidanren.or.jp/policy/2022/043_honbun.pdf,2026-07-14,ok,エネルギー・環境|産業政策・成長戦略|イノベーション・科学技術・スタートアップ,主張・提言
keidanren_2022_048.pdf,keidanren_2022_048,keidanren,経済団体,アフリカの内発的・持続的発展に貢献する,2022-05-17,20220517,提言,地域,公開,https://www.keidanren.or.jp/policy/2022/048_honbun.pdf,2026-07-14,ok,通商・国際経済・国際協力|産業政策・成長戦略|エネルギー・環境,主張・提言
keidanren_2022_047.pdf,keidanren_2022_047,keidanren,経済団体,再改訂コーポレートガバナンス・コードの実効性の向上,2022-05-16,20220516,提言,経済基盤,公開,https://www.keidanren.or.jp/policy/2022/047.pdf,2026-07-14,ok,企業経営・ガバナンス・サステナビリティ,主張・提言
keidanren_2022_044.pdf,keidanren_2022_044,keidanren,経済団体,2021年「夏季・冬季 賞与・一時金調査結果」の概要,2022-04-27,20220427,提言,労働,公開,https://www.keidanren.or.jp/policy/2022/044.pdf,2026-07-14,ok,労働・雇用,内部調査・会員アンケート
keidanren_2022_045.txt,keidanren_2022_045,keidanren,経済団体,NISTのCSF改定案に対する意見,2022-04-25,20220425,意見,産業技術,公開,https://www.keidanren.or.jp/policy/2022/045.html,2026-07-14,html_text,デジタル・情報通信|外交・安全保障・経済安全保障,主張・提言
keidanren_2022_040.pdf,keidanren_2022_040,keidanren,経済団体,「循環経済パートナーシップ（J4CE：ジェイフォース）2021年度活動報告」の公表,2022-04-19,20220419,提言,環境,公開,https://www.keidanren.or.jp/policy/2022/040_J4CE2021.pdf,2026-07-14,ok,エネルギー・環境|産業政策・成長戦略,活動記録
keidanren_2022_039.pdf,keidanren_2022_039,keidanren,経済団体,産学協働による自律的なキャリア形成の推進,2022-04-18,20220418,提言,企業社会,公開,https://www.keidanren.or.jp/policy/2022/039_honbun.pdf,2026-07-14,ok,人材・教育|イノベーション・科学技術・スタートアップ|労働・雇用,主張・提言
keidanren_2022_032.pdf,keidanren_2022_032,keidanren,経済団体,Society 5.0の扉を開く,2022-04-12,20220412,提言,産業技術,公開,https://www.keidanren.or.jp/policy/2022/032_honbun.pdf,2026-07-14,ok,デジタル・情報通信|行政改革・規制改革|産業政策・成長戦略,主張・提言
keidanren_2022_034.txt,keidanren_2022_034,keidanren,経済団体,ソフトパワーを通じた「日本力」の発揮を,2022-04-12,20220412,提言,産業政策,公開,https://www.keidanren.or.jp/policy/2022/034.html,2026-07-14,html_text,産業政策・成長戦略|通商・国際経済・国際協力|人材・教育,主張・提言
keidanren_2022_035.pdf,keidanren_2022_035,keidanren,経済団体,防衛計画の大綱に向けた提言,2022-04-12,20220412,提言,産業技術,公開,https://www.keidanren.or.jp/policy/2022/035_honbun.pdf,2026-07-14,ok,外交・安全保障・経済安全保障|産業政策・成長戦略,主張・提言
keidanren_2022_036.pdf,keidanren_2022_036,keidanren,経済団体,エンゲージメントと労働生産性の向上に資するテレワークの活用,2022-04-12,20220412,提言,労働,公開,https://www.keidanren.or.jp/policy/2022/036_honbun.pdf,2026-07-14,ok,労働・雇用|デジタル・情報通信|人材・教育,主張・提言
keidanren_2022_037.pdf,keidanren_2022_037,keidanren,経済団体,2020年ドバイ国際博覧会（ドバイ万博）視察報告,2022-04-12,20220412,提言,国土政策,公開,https://www.keidanren.or.jp/policy/2022/037.pdf,2026-07-14,ok,通商・国際経済・国際協力|地域経済・観光・地方創生,活動記録
keidanren_2022_033.txt,keidanren_2022_033,keidanren,経済団体,公開市中協議「第2の柱 実施フレームワーク」に対する意見,2022-04-11,20220411,意見,経済基盤,公開,https://www.keidanren.or.jp/policy/2022/033.html,2026-07-14,html_text,税制・財政|通商・国際経済・国際協力,主張・提言
keidanren_2022_030.pdf,keidanren_2022_030,keidanren,経済団体,デジタル化とグローバル化を踏まえた競争法のあり方,2022-03-31,20220331,提言,経済基盤,公開,https://www.keidanren.or.jp/policy/2022/030_honbun.pdf,2026-07-14,ok,行政改革・規制改革|デジタル・情報通信|通商・国際経済・国際協力,主張・提言
keidanren_2022_029.pdf,keidanren_2022_029,keidanren,経済団体,2021年度 カーボンニュートラル行動計画 第三者評価委員会 評価報告書,2022-03-30,20220330,報告書,環境,公開,https://www.keidanren.or.jp/policy/2022/029.pdf,2026-07-14,ok,エネルギー・環境|産業政策・成長戦略,外部・第三者資料
keidanren_2022_022.pdf,keidanren_2022_022,keidanren,経済団体,次なる波に備えつつ、出口戦略に舵を切れ,2022-03-15,20220315,提言,企業社会,公開,https://www.keidanren.or.jp/policy/2022/022_honbun.pdf,2026-07-14,ok,社会保障（年金・医療・介護）|マクロ経済・経済財政運営,主張・提言
keidanren_2022_024.pdf,keidanren_2022_024,keidanren,経済団体,スタートアップ躍進ビジョン,2022-03-15,20220315,提言,産業技術,公開,https://www.keidanren.or.jp/policy/2022/024_honbun.pdf,2026-07-14,ok,イノベーション・科学技術・スタートアップ|税制・財政|人材・教育,主張・提言
keidanren_2022_023.pdf,keidanren_2022_023,keidanren,経済団体,戦略的なインフラシステムの海外展開に向けて,2022-03-15,20220315,提言,国際協力,公開,https://www.keidanren.or.jp/policy/2022/023_honbun.pdf,2026-07-14,ok,通商・国際経済・国際協力|産業政策・成長戦略|国土・住宅・交通・防災,主張・提言
keidanren_2022_027.pdf,keidanren_2022_027,keidanren,経済団体,循環型社会形成自主行動計画,2022-03-15,20220315,提言,環境,公開,https://www.keidanren.or.jp/policy/2022/027_gaiyo.pdf,2026-07-14,ok,エネルギー・環境|産業政策・成長戦略,内部調査・会員アンケート
keidanren_2022_026.pdf,keidanren_2022_026,keidanren,経済団体,2021年9月度 退職金・年金に関する実態調査結果,2022-03-15,20220315,提言,労働,公開,https://www.keidanren.or.jp/policy/2022/026.pdf,2026-07-14,ok,社会保障（年金・医療・介護）|労働・雇用,内部調査・会員アンケート
keidanren_2022_025.txt,keidanren_2022_025,keidanren,経済団体,経済安全保障推進法案の早期成立を求める,2022-03-14,20220314,提言,貿易投資,公開,https://www.keidanren.or.jp/policy/2022/025.html,2026-07-14,html_text,外交・安全保障・経済安全保障|行政改革・規制改革|産業政策・成長戦略,主張・提言
keidanren_2022_016.pdf,keidanren_2022_016,keidanren,経済団体,Innovating Migration Policies,2022-02-15,20220215,提言,産業政策,公開,https://www.keidanren.or.jp/policy/2022/016_honbun.pdf,2026-07-14,ok,労働・雇用|人材・教育|デジタル・情報通信,主張・提言
keidanren_2022_015.pdf,keidanren_2022_015,keidanren,経済団体,経済安全保障法制に関する意見,2022-02-09,20220209,意見,貿易投資,公開,https://www.keidanren.or.jp/policy/2022/015_honbun.pdf,2026-07-14,ok,外交・安全保障・経済安全保障|産業政策・成長戦略|通商・国際経済・国際協力,主張・提言
keidanren_2022_014.pdf,keidanren_2022_014,keidanren,経済団体,経団連SDGs特設サイト「Keidanren SDGs」のリニューアル,2022-02-07,20220207,提言,企業社会,公開,https://www.keidanren.or.jp/policy/2022/014_shiryo.pdf,2026-07-14,ok,企業経営・ガバナンス・サステナビリティ|イノベーション・科学技術・スタートアップ,活動記録
keidanren_2022_012.txt,keidanren_2022_012,keidanren,経済団体,総務省『電気通信事業ガバナンス検討会報告書（案）』に対する意見,2022-02-04,20220204,意見,産業技術,公開,https://www.keidanren.or.jp/policy/2022/012.html,2026-07-14,html_text,デジタル・情報通信|行政改革・規制改革,主張・提言
keidanren_2022_011.txt,keidanren_2022_011,keidanren,経済団体,IFRS第9号「金融商品」分類及び測定の適用後レビューへのコメント,2022-01-28,20220128,意見,経済基盤,公開,https://www.keidanren.or.jp/policy/2022/011.html,2026-07-14,html_text,金融・資本市場|企業経営・ガバナンス・サステナビリティ,主張・提言
keidanren_2022_007.txt,keidanren_2022_007,keidanren,経済団体,2022年版 経営労働政策特別委員会報告,2022-01-18,20220118,提言,労働,公開,https://www.keidanren.or.jp/policy/2022/007.html,2026-07-14,html_text,労働・雇用|人材・教育|多様性・人権・ジェンダー,主張・提言
keidanren_2022_006.pdf,keidanren_2022_006,keidanren,経済団体,持続可能でレジリエントな観光への革新,2022-01-18,20220118,提言,国土政策,公開,https://www.keidanren.or.jp/policy/2022/006_honbun.pdf,2026-07-14,ok,地域経済・観光・地方創生|デジタル・情報通信|産業政策・成長戦略,主張・提言
keidanren_2022_005.pdf,keidanren_2022_005,keidanren,経済団体,Society 5.0時代のヘルスケアⅢ,2022-01-18,20220118,提言,産業技術,公開,https://www.keidanren.or.jp/policy/2022/005_honbun.pdf,2026-07-14,ok,社会保障（年金・医療・介護）|デジタル・情報通信|イノベーション・科学技術・スタートアップ,主張・提言
keidanren_2022_003.pdf,keidanren_2022_003,keidanren,経済団体,新しい時代に対応した大学教育改革の推進,2022-01-18,20220118,提言,企業社会,公開,https://www.keidanren.or.jp/policy/2022/003_honbun.pdf,2026-07-14,ok,人材・教育|労働・雇用|イノベーション・科学技術・スタートアップ,主張・提言
keidanren_2022_004.pdf,keidanren_2022_004,keidanren,経済団体,採用と大学改革への期待に関するアンケート結果,2022-01-18,20220118,資料,企業社会,公開,https://www.keidanren.or.jp/policy/2022/004_kekka.pdf,2026-07-14,ok,人材・教育|労働・雇用,内部調査・会員アンケート
keidanren_2022_008.pdf,keidanren_2022_008,keidanren,経済団体,2021年人事・労務に関するトップ・マネジメント調査結果,2022-01-18,20220118,提言,労働,公開,https://www.keidanren.or.jp/policy/2022/008.pdf,2026-07-14,ok,労働・雇用|人材・教育,内部調査・会員アンケート
keidanren_2022_009.pdf,keidanren_2022_009,keidanren,経済団体,2021年6月度「定期賃金調査結果」の概要,2022-01-18,20220118,提言,労働,公開,https://www.keidanren.or.jp/policy/2022/009.pdf,2026-07-14,ok,労働・雇用,内部調査・会員アンケート
keidanren_2022_010.pdf,keidanren_2022_010,keidanren,経済団体,2021年1～6月実施分「昇給・ベースアップ実施状況調査結果」の概要,2022-01-18,20220118,資料,労働,公開,https://www.keidanren.or.jp/policy/2022/010.pdf,2026-07-14,ok,労働・雇用,内部調査・会員アンケート
keidanren_2022_002.txt,keidanren_2022_002,keidanren,経済団体,IASB公開草案「IFRS基準における開示要求－試験的アプローチ IFRS第13号及びIAS第19号の修正案」へのコメント,2022-01-12,20220112,意見,経済基盤,公開,https://www.keidanren.or.jp/policy/2022/002.html,2026-07-14,html_text,企業経営・ガバナンス・サステナビリティ|金融・資本市場,主張・提言
keidanren_2021_121.pdf,keidanren_2021_121,keidanren,経済団体,『電気通信事業ガバナンスの在り方と実施すべき措置』に対する意見,2021-12-28,20211228,意見,産業技術,公開,https://www.keidanren.or.jp/policy/2021/121.pdf,2026-07-14,ok,デジタル・情報通信|行政改革・規制改革,主張・提言
keidanren_2021_122.txt,keidanren_2021_122,keidanren,経済団体,「学校教育情報化推進計画」策定に向けた意見,2021-12-24,20211224,意見,企業社会,公開,https://www.keidanren.or.jp/policy/2021/122.html,2026-07-14,html_text,人材・教育|デジタル・情報通信,主張・提言
keidanren_2021_120.pdf,keidanren_2021_120,keidanren,経済団体,通信販売の申込み段階における表示についてのガイドライン（案）に関する意見,2021-12-23,20211223,意見,企業社会,公開,https://www.keidanren.or.jp/policy/2021/120.pdf,2026-07-14,ok,デジタル・情報通信|行政改革・規制改革|産業政策・成長戦略,主張・提言
keidanren_2021_119.pdf,keidanren_2021_119,keidanren,経済団体,2021年年末賞与・一時金 大手企業業種別妥結結果,2021-12-22,20211222,提言,労働,公開,https://www.keidanren.or.jp/policy/2021/119.pdf,2026-07-14,ok,労働・雇用,内部調査・会員アンケート
keidanren_2021_118.txt,keidanren_2021_118,keidanren,経済団体,第7回日中企業家及び元政府高官対話 共同声明,2021-12-21,20211221,提言,地域,公開,https://www.keidanren.or.jp/policy/2021/118.html,2026-07-14,html_text,通商・国際経済・国際協力|外交・安全保障・経済安全保障|エネルギー・環境,主張・提言
keidanren_2021_116.pdf,keidanren_2021_116,keidanren,経済団体,2021年版 経済・産業の動向と当面の政策課題に関する報告書,2021-12-14,20211214,報告書,経済政策,公開,https://www.keidanren.or.jp/policy/2021/116_honbun.pdf,2026-07-14,ok,マクロ経済・経済財政運営|産業政策・成長戦略,主張・提言
keidanren_2021_117.pdf,keidanren_2021_117,keidanren,経済団体,事業リスク及び政策要望に関するアンケート調査結果,2021-12-14,20211214,資料,経済政策,公開,https://www.keidanren.or.jp/policy/2021/117.pdf,2026-07-14,ok,マクロ経済・経済財政運営|産業政策・成長戦略|エネルギー・環境,内部調査・会員アンケート
keidanren_2021_115.pdf,keidanren_2021_115,keidanren,経済団体,企業行動憲章 実行の手引き「第4章 人権の尊重」の改訂 および「人権を尊重する経営のためのハンドブック」の策定,2021-12-14,20211214,提言,企業社会,公開,https://www.keidanren.or.jp/policy/cgcb/2021point.pdf,2026-07-14,ok,多様性・人権・ジェンダー|企業経営・ガバナンス・サステナビリティ,主張・提言
keidanren_2021_114.pdf,keidanren_2021_114,keidanren,経済団体,職場のハラスメント防止に関するアンケート結果,2021-12-14,20211214,資料,労働,公開,https://www.keidanren.or.jp/policy/2021/114.pdf,2026-07-14,ok,労働・雇用|多様性・人権・ジェンダー,内部調査・会員アンケート
keidanren_2021_124.txt,keidanren_2021_124,keidanren,経済団体,「人を対象とする生命科学・医学系研究に関する倫理指針」一部改正案（概要）に対する意見,2021-12-07,20211207,意見,産業技術,公開,https://www.keidanren.or.jp/policy/2021/124.html,2026-07-14,html_text,イノベーション・科学技術・スタートアップ|デジタル・情報通信,主張・提言
keidanren_2021_108.txt,keidanren_2021_108,keidanren,経済団体,令和4年度診療報酬改定に関する要請,2021-11-24,20211124,提言,経済政策,公開,https://www.keidanren.or.jp/policy/2021/108.html,2026-07-14,html_text,社会保障（年金・医療・介護）|マクロ経済・経済財政運営,主張・提言
keidanren_2021_107.pdf,keidanren_2021_107,keidanren,経済団体,2021年3月卒「新規学卒者決定初任給調査結果」の概要,2021-11-17,20211117,提言,労働,公開,https://www.keidanren.or.jp/policy/2021/107.pdf,2026-07-14,ok,労働・雇用,内部調査・会員アンケート
keidanren_2021_101.pdf,keidanren_2021_101,keidanren,経済団体,感染症対策と両立する社会経済活動の継続に向けて,2021-11-16,20211116,提言,企業社会,公開,https://www.keidanren.or.jp/policy/2021/101_honbun.pdf,2026-07-14,ok,社会保障（年金・医療・介護）|マクロ経済・経済財政運営|行政改革・規制改革,主張・提言
keidanren_2021_106.txt,keidanren_2021_106,keidanren,経済団体,国際的な意見発信や国内基準の開発を担うサステナビリティ基準委員会（仮称）の設立を求める,2021-11-16,20211116,意見,経済基盤,公開,https://www.keidanren.or.jp/policy/2021/106.html,2026-07-14,html_text,金融・資本市場|企業経営・ガバナンス・サステナビリティ,主張・提言
keidanren_2021_105.pdf,keidanren_2021_105,keidanren,経済団体,地域協創アクションプログラム・事例集,2021-11-16,20211116,提言,国土政策,公開,https://www.keidanren.or.jp/policy/2021/105_shousai.pdf,2026-07-14,ok,地域経済・観光・地方創生|産業政策・成長戦略|国土・住宅・交通・防災,主張・提言
keidanren_2021_104.pdf,keidanren_2021_104,keidanren,経済団体,DFFT推進に向けたデータ流通政策,2021-11-16,20211116,提言,産業技術,公開,https://www.keidanren.or.jp/policy/2021/104_honbun.pdf,2026-07-14,ok,デジタル・情報通信|通商・国際経済・国際協力|産業政策・成長戦略,主張・提言
keidanren_2021_095.txt,keidanren_2021_095,keidanren,経済団体,GIGAスクール構想の確実な実施に向けた緊急提言,2021-11-16,20211116,提言,産業技術,公開,https://www.keidanren.or.jp/policy/2021/095.html,2026-07-14,html_text,人材・教育|デジタル・情報通信,主張・提言
keidanren_2021_103.txt,keidanren_2021_103,keidanren,経済団体,新内閣に望む,2021-11-11,20211111,提言,総合政策,公開,https://www.keidanren.or.jp/policy/2021/103.html,2026-07-14,html_text,マクロ経済・経済財政運営|産業政策・成長戦略|エネルギー・環境,主張・提言
keidanren_2021_100.txt,keidanren_2021_100,keidanren,経済団体,日本ブラジル経済合同委員会日本メルコスールEPA実現に向けた共同声明,2021-11-10,20211110,提言,地域,公開,https://www.keidanren.or.jp/policy/2021/100.html,2026-07-14,html_text,通商・国際経済・国際協力|外交・安全保障・経済安全保障,主張・提言
keidanren_2021_098.pdf,keidanren_2021_098,keidanren,経済団体,日米IED民間作業部会共同声明2021,2021-11-05,20211105,提言,産業技術,公開,https://www.keidanren.or.jp/policy/2021/098_JP.pdf,2026-07-14,ok,デジタル・情報通信|通商・国際経済・国際協力|産業政策・成長戦略,活動記録
keidanren_2021_097.txt,keidanren_2021_097,keidanren,経済団体,「消費者裁判手続特例法等に関する検討会」報告書に対する意見,2021-11-04,20211104,意見,経済基盤,公開,https://www.keidanren.or.jp/policy/2021/097.html,2026-07-14,html_text,企業経営・ガバナンス・サステナビリティ|行政改革・規制改革,主張・提言
keidanren_2021_096.pdf,keidanren_2021_096,keidanren,経済団体,COP26に向けた提言,2021-10-21,20211021,提言,環境,公開,https://www.meti.go.jp/press/2021/06/20210618005/20210618005-3.pdf,2026-07-14,error,エネルギー・環境|外交・安全保障・経済安全保障,主張・提言
keidanren_2021_094.txt,keidanren_2021_094,keidanren,経済団体,新型コロナウイルス感染予防対策ガイドラインの三訂について,2021-10-15,20211015,提言,企業社会,公開,https://www.keidanren.or.jp/policy/2021/094.html,2026-07-14,html_text,企業経営・ガバナンス・サステナビリティ|労働・雇用,主張・提言
keidanren_2021_091.pdf,keidanren_2021_091,keidanren,経済団体,今後の医療・介護制度改革に向けて,2021-10-12,20211012,提言,経済政策,公開,https://www.keidanren.or.jp/policy/2021/091_honbun.pdf,2026-07-14,ok,社会保障（年金・医療・介護）|税制・財政,主張・提言
keidanren_2021_092.pdf,keidanren_2021_092,keidanren,経済団体,公的統計の改善に向けた提言,2021-10-12,20211012,提言,経済政策,公開,https://www.keidanren.or.jp/policy/2021/092_honbun.pdf,2026-07-14,ok,行政改革・規制改革|デジタル・情報通信,主張・提言
keidanren_2021_087.pdf,keidanren_2021_087,keidanren,経済団体,政治との連携強化に関する見解,2021-10-12,20211012,提言,総合政策,公開,https://www.keidanren.or.jp/policy/2021/087.pdf,2026-07-14,ok,政治・統治機構・憲法|マクロ経済・経済財政運営,主張・提言
keidanren_2021_088.pdf,keidanren_2021_088,keidanren,経済団体,主要政党の政策評価 2021,2021-10-12,20211012,提言,総合政策,公開,https://www.keidanren.or.jp/policy/2021/088.pdf,2026-07-14,ok,政治・統治機構・憲法|マクロ経済・経済財政運営|エネルギー・環境,外部・第三者資料
keidanren_2021_093.pdf,keidanren_2021_093,keidanren,経済団体,B20イタリアが各分野の共同提言を策定,2021-10-12,20211012,提言,貿易投資,公開,https://www.b20italy2021.org/wp-content/uploads/2021/10/B20_Final-Communique_Web.pdf,2026-07-14,ok,通商・国際経済・国際協力|デジタル・情報通信|産業政策・成長戦略,外部・第三者資料
keidanren_2021_090.pdf,keidanren_2021_090,keidanren,経済団体,副業・兼業の促進,2021-10-12,20211012,提言,労働,公開,https://www.keidanren.or.jp/policy/2021/090_honbun.pdf,2026-07-14,ok,労働・雇用|企業経営・ガバナンス・サステナビリティ,主張・提言
keidanren_2021_083.txt,keidanren_2021_083,keidanren,経済団体,第6次エネルギー基本計画（案）パブリックコメント募集に対する意見,2021-10-04,20211004,意見,環境,公開,https://www.keidanren.or.jp/policy/2021/083.html,2026-07-14,html_text,エネルギー・環境,主張・提言
keidanren_2021_084.txt,keidanren_2021_084,keidanren,経済団体,地球温暖化対策計画（案）パブリックコメント募集に対する意見,2021-10-04,20211004,意見,環境,公開,https://www.keidanren.or.jp/policy/2021/084.html,2026-07-14,html_text,エネルギー・環境|産業政策・成長戦略,主張・提言
keidanren_2021_085.txt,keidanren_2021_085,keidanren,経済団体,パリ協定に基づく成長戦略としての長期戦略（案）パブリックコメント募集に対する意見,2021-10-04,20211004,意見,環境,公開,https://www.keidanren.or.jp/policy/2021/085.html,2026-07-14,html_text,エネルギー・環境|税制・財政|産業政策・成長戦略,主張・提言
keidanren_2021_081.pdf,keidanren_2021_081,keidanren,経済団体,夏季フォーラム2021 総括提言,2021-10-01,20211001,提言,総合政策,公開,https://www.keidanren.or.jp/policy/2021/081.pdf,2026-07-14,ok,マクロ経済・経済財政運営|デジタル・情報通信|エネルギー・環境,主張・提言
keidanren_2021_080.txt,keidanren_2021_080,keidanren,経済団体,IASB情報要請「第3次アジェンダ協議」へのコメント,2021-09-24,20210924,意見,経済基盤,公開,https://www.keidanren.or.jp/policy/2021/080.html,2026-07-14,html_text,金融・資本市場|企業経営・ガバナンス・サステナビリティ,主張・提言
keidanren_2021_075.pdf,keidanren_2021_075,keidanren,経済団体,Withコロナにおける社会経済活動の活性化に向けた提言,2021-09-14,20210914,提言,企業社会,公開,https://www.keidanren.or.jp/policy/2021/075_honbun.pdf,2026-07-14,ok,社会保障（年金・医療・介護）|マクロ経済・経済財政運営,主張・提言
keidanren_2021_076.txt,keidanren_2021_076,keidanren,経済団体,第12回WTO閣僚会議に期待する,2021-09-14,20210914,提言,貿易投資,公開,https://www.keidanren.or.jp/policy/2021/076.html,2026-07-14,html_text,通商・国際経済・国際協力,主張・提言
keidanren_2021_077.pdf,keidanren_2021_077,keidanren,経済団体,令和4年度税制改正に関する提言,2021-09-14,20210914,提言,経済基盤,公開,https://www.keidanren.or.jp/policy/2021/077_honbun.pdf,2026-07-14,ok,税制・財政,主張・提言
keidanren_2021_078.pdf,keidanren_2021_078,keidanren,経済団体,2021年度規制改革要望,2021-09-14,20210914,要望,産業政策,公開,https://www.keidanren.or.jp/policy/2021/078_honbun.pdf,2026-07-14,ok,行政改革・規制改革|産業政策・成長戦略|デジタル・情報通信,主張・提言
keidanren_2021_079.pdf,keidanren_2021_079,keidanren,経済団体,コロナ禍を受けた消費者の行動や意識の変化と企業の取組み,2021-09-14,20210914,提言,企業社会,公開,https://www.keidanren.or.jp/policy/2021/079.pdf,2026-07-14,ok,企業経営・ガバナンス・サステナビリティ|産業政策・成長戦略,主張・提言
keidanren_2021_073.txt,keidanren_2021_073,keidanren,経済団体,令和3年改正個人情報保護法民間部門ガイドライン案に対する意見,2021-09-06,20210906,意見,産業技術,公開,https://www.keidanren.or.jp/policy/2021/073.html,2026-07-14,html_text,デジタル・情報通信|行政改革・規制改革,主張・提言
keidanren_2021_072.txt,keidanren_2021_072,keidanren,経済団体,循環経済パートナーシップ（J4CE：ジェイフォース）「注目事例集発刊・WEBサイト開設発表式」,2021-09-02,20210902,提言,環境,公開,https://www.keidanren.or.jp/policy/2021/072.html,2026-07-14,html_text,エネルギー・環境|産業政策・成長戦略,活動記録
keidanren_2021_071.pdf,keidanren_2021_071,keidanren,経済団体,ロシアのビジネス環境等に関するアンケート（2021年度）結果,2021-09-02,20210902,資料,地域,公開,https://www.keidanren.or.jp/policy/2021/071.pdf,2026-07-14,ok,通商・国際経済・国際協力,内部調査・会員アンケート
keidanren_2021_070.pdf,keidanren_2021_070,keidanren,経済団体,次期SIPに対する意見,2021-08-20,20210820,意見,産業技術,公開,https://www.keidanren.or.jp/policy/2021/070.pdf,2026-07-14,ok,イノベーション・科学技術・スタートアップ|産業政策・成長戦略,主張・提言
keidanren_2021_123.txt,keidanren_2021_123,keidanren,経済団体,産業財産権関係料金の見直しに対する意見,2021-08-11,20210811,意見,産業技術,公開,https://www.keidanren.or.jp/policy/2021/123.html,2026-07-14,html_text,イノベーション・科学技術・スタートアップ|産業政策・成長戦略|税制・財政,主張・提言
keidanren_2021_069.txt,keidanren_2021_069,keidanren,経済団体,欧州AI規制法案に対する意見,2021-08-06,20210806,意見,産業技術,公開,https://www.keidanren.or.jp/policy/2021/069.html,2026-07-14,html_text,イノベーション・科学技術・スタートアップ|通商・国際経済・国際協力|デジタル・情報通信,主張・提言
keidanren_2021_068.pdf,keidanren_2021_068,keidanren,経済団体,2021年春季労使交渉・中小企業業種別妥結結果,2021-08-06,20210806,提言,労働,公開,https://www.keidanren.or.jp/policy/2021/068.pdf,2026-07-14,ok,労働・雇用|中小企業,内部調査・会員アンケート
keidanren_2021_067.pdf,keidanren_2021_067,keidanren,経済団体,2021年夏季賞与・一時金 大手企業業種別妥結結果,2021-08-05,20210805,提言,労働,公開,https://www.keidanren.or.jp/policy/2021/067.pdf,2026-07-14,ok,労働・雇用,内部調査・会員アンケート
keidanren_2021_065.pdf,keidanren_2021_065,keidanren,経済団体,2021年春季労使交渉・大手企業業種別妥結結果,2021-07-30,20210730,提言,労働,公開,https://www.keidanren.or.jp/policy/2021/065.pdf,2026-07-14,ok,労働・雇用,内部調査・会員アンケート
keidanren_2021_082.pdf,keidanren_2021_082,keidanren,経済団体,エネルギー基本計画（素案）について,2021-07-30,20210730,提言,環境,公開,https://www.keidanren.or.jp/policy/2021/082.pdf,2026-07-14,ok,エネルギー・環境,主張・提言
keidanren_2021_064.txt,keidanren_2021_064,keidanren,経済団体,IFRS財団市中協議文書「IFRSサステナビリティ基準を設定する国際サステナビリティ基準審議会を設立するためのIFRS財団定款の的を絞った修正案」に対する意見,2021-07-21,20210721,意見,経済基盤,公開,https://www.keidanren.or.jp/policy/2021/064.html,2026-07-14,html_text,企業経営・ガバナンス・サステナビリティ|金融・資本市場,主張・提言
keidanren_2021_063.pdf,keidanren_2021_063,keidanren,経済団体,宇宙基本計画の実行に向けた提言,2021-07-13,20210713,提言,産業技術,公開,https://www.keidanren.or.jp/policy/2021/063_honbun.pdf,2026-07-14,ok,産業政策・成長戦略|イノベーション・科学技術・スタートアップ|外交・安全保障・経済安全保障,主張・提言
keidanren_2021_062.pdf,keidanren_2021_062,keidanren,経済団体,全員参加によるサイバーセキュリティの実現に向けて,2021-07-13,20210713,提言,産業技術,公開,https://www.keidanren.or.jp/policy/2021/062_honbun.pdf,2026-07-14,ok,デジタル・情報通信|外交・安全保障・経済安全保障|人材・教育,主張・提言
keidanren_2021_058.pdf,keidanren_2021_058,keidanren,経済団体,ワクチン接種記録（ワクチンパスポート）の早期活用を求める,2021-06-24,20210624,提言,企業社会,公開,https://www.keidanren.or.jp/policy/2021/058_honbun.pdf,2026-07-14,ok,通商・国際経済・国際協力|デジタル・情報通信|社会保障（年金・医療・介護）,主張・提言
keidanren_2021_057.pdf,keidanren_2021_057,keidanren,経済団体,グリーン成長の実現に向けた緊急提言,2021-06-15,20210615,提言,環境,公開,https://www.keidanren.or.jp/policy/2021/057_honbun.pdf,2026-07-14,ok,エネルギー・環境|産業政策・成長戦略|イノベーション・科学技術・スタートアップ,主張・提言
keidanren_2021_056.pdf,keidanren_2021_056,keidanren,経済団体,新時代の日ASEAN関係,2021-06-15,20210615,提言,地域,公開,https://www.keidanren.or.jp/policy/2021/056_honbun.pdf,2026-07-14,ok,通商・国際経済・国際協力|産業政策・成長戦略|デジタル・情報通信,主張・提言
keidanren_2021_055.pdf,keidanren_2021_055,keidanren,経済団体,報告書「SDGsへの取組みの測定・評価に関する現状と課題」,2021-06-15,20210615,報告書,企業社会,公開,https://www.keidanren.or.jp/policy/2021/055_honbun.pdf,2026-07-14,ok,企業経営・ガバナンス・サステナビリティ,主張・提言
keidanren_2021_054.txt,keidanren_2021_054,keidanren,経済団体,SEC「気候変動開示（Climate Disclosure）に関する意見募集」に対するコメント,2021-06-13,20210613,意見,経済基盤,公開,https://www.keidanren.or.jp/policy/2021/054.html,2026-07-14,html_text,企業経営・ガバナンス・サステナビリティ|エネルギー・環境|金融・資本市場,主張・提言
keidanren_2021_050.txt,keidanren_2021_050,keidanren,経済団体,英国のCPTPP加入交渉の開始にあたって,2021-06-02,20210602,提言,貿易投資,公開,https://www.keidanren.or.jp/policy/2021/050.html,2026-07-14,html_text,通商・国際経済・国際協力,主張・提言
keidanren_2021_048.txt,keidanren_2021_048,keidanren,経済団体,「。新成長戦略」でサステイナブルな資本主義を目指す,2021-06-01,20210601,提言,総合政策,公開,https://www.keidanren.or.jp/policy/2021/048.html,2026-07-14,html_text,産業政策・成長戦略|デジタル・情報通信|通商・国際経済・国際協力,主張・提言
keidanren_2021_049.pdf,keidanren_2021_049,keidanren,経済団体,新型コロナウイルスワクチン接種に関する緊急提言,2021-06-01,20210601,提言,企業社会,公開,https://www.keidanren.or.jp/policy/2021/049.pdf,2026-07-14,ok,社会保障（年金・医療・介護）|マクロ経済・経済財政運営,主張・提言
keidanren_2021_047.txt,keidanren_2021_047,keidanren,経済団体,改正公益通報者保護法に基づく体制整備に係る指針案等に対する意見,2021-05-31,20210531,意見,経済基盤,公開,https://www.keidanren.or.jp/policy/2021/047.html,2026-07-14,html_text,企業経営・ガバナンス・サステナビリティ|行政改革・規制改革,主張・提言
keidanren_2021_045.txt,keidanren_2021_045,keidanren,経済団体,B7サミット2021共同提言,2021-05-13,20210513,提言,貿易投資,公開,https://www.keidanren.or.jp/policy/2021/045.html,2026-07-14,html_text,通商・国際経済・国際協力|エネルギー・環境|デジタル・情報通信,主張・提言
keidanren_2021_043.txt,keidanren_2021_043,keidanren,経済団体,コーポレートガバナンス・コード改訂案への意見,2021-05-07,20210507,意見,経済基盤,公開,https://www.keidanren.or.jp/policy/2021/043.html,2026-07-14,html_text,企業経営・ガバナンス・サステナビリティ|金融・資本市場,主張・提言
keidanren_2021_041.txt,keidanren_2021_041,keidanren,経済団体,「民事訴訟法の改正に関する中間試案」に対する意見,2021-05-07,20210507,意見,経済基盤,公開,https://www.keidanren.or.jp/policy/2021/041.html,2026-07-14,html_text,行政改革・規制改革|デジタル・情報通信,主張・提言
keidanren_2021_042.txt,keidanren_2021_042,keidanren,経済団体,「仲裁法等の改正に関する中間試案」に対する意見,2021-05-07,20210507,意見,経済基盤,公開,https://www.keidanren.or.jp/policy/2021/042.html,2026-07-14,html_text,政治・統治機構・憲法|通商・国際経済・国際協力|企業経営・ガバナンス・サステナビリティ,主張・提言
keidanren_2021_040.pdf,keidanren_2021_040,keidanren,経済団体,ポスト・コロナを見据えた新たな大学教育と産学連携の推進,2021-04-19,20210419,提言,企業社会,公開,https://www.keidanren.or.jp/policy/2021/040_honbun.pdf,2026-07-14,ok,人材・教育|イノベーション・科学技術・スタートアップ|産業政策・成長戦略,主張・提言
keidanren_2021_038.pdf,keidanren_2021_038,keidanren,経済団体,2020年「夏季・冬季 賞与・一時金調査結果」の概要,2021-04-16,20210416,提言,労働,公開,https://www.keidanren.or.jp/policy/2021/038.pdf,2026-07-14,ok,労働・雇用,内部調査・会員アンケート
keidanren_2021_037.txt,keidanren_2021_037,keidanren,経済団体,「クライメート・トランジション・ファイナンスに関する基本指針」（案）に対するコメント,2021-04-16,20210416,意見,環境,公開,https://www.keidanren.or.jp/policy/2021/037.html,2026-07-14,html_text,エネルギー・環境|金融・資本市場,主張・提言
keidanren_2021_036.txt,keidanren_2021_036,keidanren,経済団体,新型コロナウイルス感染予防対策ガイドラインの再訂について,2021-04-13,20210413,提言,企業社会,公開,https://www.keidanren.or.jp/policy/2021/036.html,2026-07-14,html_text,企業経営・ガバナンス・サステナビリティ|労働・雇用,主張・提言
keidanren_2021_007.pdf,keidanren_2021_007,keidanren,経済団体,経団連低炭素社会実行計画 2020年度フォローアップ結果,2021-03-31,20210331,提言,環境,公開,https://www.keidanren.or.jp/policy/2021/007_point.pdf,2026-07-14,ok,エネルギー・環境|産業政策・成長戦略,内部調査・会員アンケート
keidanren_2021_033.pdf,keidanren_2021_033,keidanren,経済団体,2020年度 低炭素社会実行計画 第三者評価委員会 評価報告書,2021-03-31,20210331,報告書,環境,公開,https://www.keidanren.or.jp/policy/2021/033.pdf,2026-07-14,ok,エネルギー・環境|産業政策・成長戦略,外部・第三者資料
keidanren_2021_025.pdf,keidanren_2021_025,keidanren,経済団体,Society 5.0 with Carbon Neutral 実現に向けた電力政策,2021-03-16,20210316,提言,環境,公開,https://www.keidanren.or.jp/policy/2021/025_honbun.pdf,2026-07-14,ok,エネルギー・環境|産業政策・成長戦略|イノベーション・科学技術・スタートアップ,主張・提言
keidanren_2021_027.pdf,keidanren_2021_027,keidanren,経済団体,Society 5.0時代の学びⅡ,2021-03-16,20210316,提言,産業技術,公開,https://www.keidanren.or.jp/policy/2021/027_honbun.pdf,2026-07-14,ok,人材・教育|デジタル・情報通信|イノベーション・科学技術・スタートアップ,主張・提言
keidanren_2021_026.txt,keidanren_2021_026,keidanren,経済団体,自由で開かれた国際経済秩序の再構築に向けて緊密な協調を求める,2021-03-16,20210316,提言,貿易投資,公開,https://www.keidanren.or.jp/policy/2021/026.html,2026-07-14,html_text,通商・国際経済・国際協力|デジタル・情報通信|外交・安全保障・経済安全保障,主張・提言
keidanren_2021_028.pdf,keidanren_2021_028,keidanren,経済団体,戦略的なインフラシステムの海外展開に向けて,2021-03-16,20210316,提言,国際協力,公開,https://www.keidanren.or.jp/policy/2021/028_honbun.pdf,2026-07-14,ok,通商・国際経済・国際協力|産業政策・成長戦略|外交・安全保障・経済安全保障,主張・提言
keidanren_2021_029.pdf,keidanren_2021_029,keidanren,経済団体,循環型社会形成自主行動計画,2021-03-16,20210316,提言,環境,公開,https://www.keidanren.or.jp/policy/2021/029_gaiyo.pdf,2026-07-14,ok,エネルギー・環境|産業政策・成長戦略,内部調査・会員アンケート
keidanren_2021_030.pdf,keidanren_2021_030,keidanren,経済団体,2030年30％へのチャレンジ#Here We Go 203030,2021-03-15,20210315,提言,企業社会,公開,https://www.keidanren.or.jp/policy/2021/030_shiryo.pdf,2026-07-14,ok,多様性・人権・ジェンダー|企業経営・ガバナンス・サステナビリティ|人材・教育,主張・提言
keidanren_2021_031.pdf,keidanren_2021_031,keidanren,経済団体,「民間PHR事業者による健診等情報の取扱いに関する基本的指針」（案）に対する意見,2021-03-12,20210312,意見,産業技術,公開,https://www.keidanren.or.jp/policy/2021/031.pdf,2026-07-14,ok,デジタル・情報通信|社会保障（年金・医療・介護）|イノベーション・科学技術・スタートアップ,主張・提言
keidanren_2021_024.pdf,keidanren_2021_024,keidanren,経済団体,会社法施行規則及び会社計算規則による株式会社の各種書類のひな型（改訂版）,2021-03-09,20210309,提言,経済基盤,公開,https://www.keidanren.or.jp/policy/2021/024.pdf,2026-07-14,ok,企業経営・ガバナンス・サステナビリティ|行政改革・規制改革,主張・提言
keidanren_2021_022.pdf,keidanren_2021_022,keidanren,経済団体,「プログラムの医療機器該当性に関するガイドライン」（案）に対する意見,2021-03-04,20210304,意見,産業技術,公開,https://www.keidanren.or.jp/policy/2021/022.pdf,2026-07-14,ok,イノベーション・科学技術・スタートアップ|産業政策・成長戦略|行政改革・規制改革,主張・提言
keidanren_2021_020.txt,keidanren_2021_020,keidanren,経済団体,循環経済パートナーシップの創設について,2021-03-02,20210302,提言,環境,公開,https://www.keidanren.or.jp/policy/2021/020.html,2026-07-14,html_text,エネルギー・環境|産業政策・成長戦略|通商・国際経済・国際協力,活動記録
keidanren_2021_021.pdf,keidanren_2021_021,keidanren,経済団体,エネルギー基本計画に対する経団連の考え方,2021-02-24,20210224,提言,環境,公開,https://www.keidanren.or.jp/policy/2021/021.pdf,2026-07-14,ok,エネルギー・環境|産業政策・成長戦略,主張・提言
keidanren_2021_019.txt,keidanren_2021_019,keidanren,経済団体,「第９次水質総量削減の在り方について（総量削減専門委員会報告案）」に対する意見,2021-02-22,20210222,意見,環境,公開,https://www.keidanren.or.jp/policy/2021/019.html,2026-07-14,html_text,エネルギー・環境|産業政策・成長戦略,主張・提言
keidanren_2021_016.pdf,keidanren_2021_016,keidanren,経済団体,非常事態に対してレジリエントな経済社会の構築に向けて,2021-02-16,20210216,提言,企業社会,公開,https://www.keidanren.or.jp/policy/2021/016_honbun.pdf,2026-07-14,ok,国土・住宅・交通・防災|企業経営・ガバナンス・サステナビリティ|デジタル・情報通信,主張・提言
keidanren_2021_017.pdf,keidanren_2021_017,keidanren,経済団体,「大学等が実施するリカレント教育に関するアンケート調査」結果報告,2021-02-16,20210216,資料,企業社会,公開,https://www.keidanren.or.jp/policy/2021/017.pdf,2026-07-14,ok,人材・教育|労働・雇用,内部調査・会員アンケート
keidanren_2021_015.pdf,keidanren_2021_015,keidanren,経済団体,AI社会実装アーキテクチャー検討会 中間報告書「我が国のAIガバナンスの在り方 ver.1.0」に対する意見,2021-02-12,20210212,意見,産業技術,公開,https://www.keidanren.or.jp/policy/2021/015.pdf,2026-07-14,ok,デジタル・情報通信|イノベーション・科学技術・スタートアップ|行政改革・規制改革,主張・提言
keidanren_2021_014.txt,keidanren_2021_014,keidanren,経済団体,「第6期科学技術・イノベーション基本計画」（答申素案）への意見,2021-02-10,20210210,意見,産業技術,公開,https://www.keidanren.or.jp/policy/2021/014.html,2026-07-14,html_text,イノベーション・科学技術・スタートアップ|人材・教育|外交・安全保障・経済安全保障,主張・提言
keidanren_2021_012.txt,keidanren_2021_012,keidanren,経済団体,欧州委員会“Data Governance Act”に対する意見,2021-01-29,20210129,意見,産業技術,公開,https://www.keidanren.or.jp/policy/2021/012.html,2026-07-14,html_text,デジタル・情報通信|通商・国際経済・国際協力,主張・提言
keidanren_2021_011.pdf,keidanren_2021_011,keidanren,経済団体,緊急事態宣言下におけるテレワーク等の実施状況調査結果,2021-01-29,20210129,資料,企業社会,公開,https://www.keidanren.or.jp/policy/2021/011.pdf,2026-07-14,ok,労働・雇用|デジタル・情報通信,内部調査・会員アンケート
keidanren_2021_010.txt,keidanren_2021_010,keidanren,経済団体,「スタートアップとの事業連携に関する指針」（案）への意見,2021-01-25,20210125,意見,経済基盤,公開,https://www.keidanren.or.jp/policy/2021/010.html,2026-07-14,html_text,イノベーション・科学技術・スタートアップ|産業政策・成長戦略|行政改革・規制改革,主張・提言
keidanren_2021_009.txt,keidanren_2021_009,keidanren,経済団体,令和２年改正個人情報保護法政令・規則案に対する意見,2021-01-25,20210125,意見,産業技術,公開,https://www.keidanren.or.jp/policy/2021/009.html,2026-07-14,html_text,デジタル・情報通信|行政改革・規制改革,主張・提言
keidanren_2021_008.pdf,keidanren_2021_008,keidanren,経済団体,「循環経済パートナーシップ」の立ち上げに関する合意について,2021-01-20,20210120,提言,環境,公開,https://www.keidanren.or.jp/policy/2021/008.pdf,2026-07-14,ok,エネルギー・環境|産業政策・成長戦略,活動記録
keidanren_2021_003.txt,keidanren_2021_003,keidanren,経済団体,2021年版 経営労働政策特別委員会報告,2021-01-19,20210119,提言,労働,公開,https://www.keidanren.or.jp/policy/2021/003.html,2026-07-14,html_text,労働・雇用|人材・教育|企業経営・ガバナンス・サステナビリティ,主張・提言
keidanren_2021_004.pdf,keidanren_2021_004,keidanren,経済団体,2020年人事・労務に関するトップ・マネジメント調査結果,2021-01-19,20210119,提言,労働,公開,https://www.keidanren.or.jp/policy/2021/004.pdf,2026-07-14,ok,労働・雇用,内部調査・会員アンケート
keidanren_2021_005.pdf,keidanren_2021_005,keidanren,経済団体,2020年1～6月実施分「昇給・ベースアップ実施状況調査結果」の概要,2021-01-19,20210119,資料,労働,公開,https://www.keidanren.or.jp/policy/2021/005.pdf,2026-07-14,ok,労働・雇用,内部調査・会員アンケート
keidanren_2021_006.pdf,keidanren_2021_006,keidanren,経済団体,2020年6月度「定期賃金調査結果」の概要,2021-01-19,20210119,提言,労働,公開,https://www.keidanren.or.jp/policy/2021/006.pdf,2026-07-14,ok,労働・雇用,内部調査・会員アンケート
keidanren_2021_002.txt,keidanren_2021_002,keidanren,経済団体,「個人情報保護制度の見直しに関する最終報告」に対する意見,2021-01-15,20210115,意見,産業技術,公開,https://www.keidanren.or.jp/policy/2021/002.html,2026-07-14,html_text,デジタル・情報通信|行政改革・規制改革,主張・提言
keidanren_2020_132.txt,keidanren_2020_132,keidanren,経済団体,IASBディスカッションペーパー「企業結合－開示、のれん及び減損」へのコメント,2020-12-28,20201228,意見,経済基盤,公開,https://www.keidanren.or.jp/policy/2020/132.html,2026-07-14,html_text,企業経営・ガバナンス・サステナビリティ|金融・資本市場,主張・提言
keidanren_2020_130.pdf,keidanren_2020_130,keidanren,経済団体,2020年年末賞与・一時金 大手企業業種別妥結結果,2020-12-22,20201222,提言,労働,公開,https://www.keidanren.or.jp/policy/2020/130.pdf,2026-07-14,ok,労働・雇用,内部調査・会員アンケート
keidanren_2020_131.txt,keidanren_2020_131,keidanren,経済団体,「図書館関係の権利制限規定の見直し（デジタル・ネットワーク対応）に関する中間まとめ」に関する意見,2020-12-21,20201221,意見,産業技術,公開,https://www.keidanren.or.jp/policy/2020/131.html,2026-07-14,html_text,デジタル・情報通信|イノベーション・科学技術・スタートアップ,主張・提言
keidanren_2020_128.pdf,keidanren_2020_128,keidanren,経済団体,IFRS財団 市中協議文書「サステナビリティ報告」に対する意見,2020-12-18,20201218,意見,経済基盤,公開,https://www.keidanren.or.jp/policy/2020/128_shiryo.pdf,2026-07-14,ok,企業経営・ガバナンス・サステナビリティ|金融・資本市場,主張・提言
keidanren_2020_129.pdf,keidanren_2020_129,keidanren,経済団体,第64回 福利厚生費調査結果報告,2020-12-18,20201218,提言,労働,公開,https://www.keidanren.or.jp/policy/2020/129_honbun.pdf,2026-07-14,ok,労働・雇用,内部調査・会員アンケート
keidanren_2020_127.pdf,keidanren_2020_127,keidanren,経済団体,経団連と防衛装備庁との意見交換について,2020-12-17,20201217,意見,産業技術,公開,https://www.keidanren.or.jp/policy/2020/127.pdf,2026-07-14,ok,外交・安全保障・経済安全保障|産業政策・成長戦略,活動記録
keidanren_2020_126.pdf,keidanren_2020_126,keidanren,経済団体,報告書「経済・産業の動向と見通し及び当面の政策課題」,2020-12-15,20201215,報告書,経済政策,公開,https://www.keidanren.or.jp/policy/2020/126_honbun.pdf,2026-07-14,ok,マクロ経済・経済財政運営|労働・雇用|産業政策・成長戦略,外部・第三者資料
keidanren_2020_125.pdf,keidanren_2020_125,keidanren,経済団体,ポストコロナにおけるデジタルエコノミー政策のあり方,2020-12-15,20201215,提言,産業技術,公開,https://www.keidanren.or.jp/policy/2020/125_honbun.pdf,2026-07-14,ok,デジタル・情報通信|行政改革・規制改革|産業政策・成長戦略,主張・提言
keidanren_2020_123.pdf,keidanren_2020_123,keidanren,経済団体,2050年カーボンニュートラル（Society 5.0 with Carbon Neutral）実現に向けて,2020-12-15,20201215,提言,環境,公開,https://www.keidanren.or.jp/policy/2020/123_honbun.pdf,2026-07-14,ok,エネルギー・環境|産業政策・成長戦略|イノベーション・科学技術・スタートアップ,主張・提言
keidanren_2020_124.txt,keidanren_2020_124,keidanren,経済団体,電子化に伴う課税上の課題第1の柱及び第2の柱の青写真に係る公開諮問文書に対する意見,2020-12-14,20201214,意見,経済基盤,公開,https://www.keidanren.or.jp/policy/2020/124.html,2026-07-14,html_text,税制・財政|通商・国際経済・国際協力,主張・提言
keidanren_2020_120.pdf,keidanren_2020_120,keidanren,経済団体,次期「総合物流施策大綱」に対する意見,2020-12-04,20201204,意見,産業政策,公開,https://www.keidanren.or.jp/policy/2020/120_honbun.pdf,2026-07-14,ok,国土・住宅・交通・防災|デジタル・情報通信|産業政策・成長戦略,主張・提言
keidanren_2020_121.pdf,keidanren_2020_121,keidanren,経済団体,2020年3月卒「新規学卒者決定初任給調査結果」の概要,2020-12-04,20201204,提言,労働,公開,https://www.keidanren.or.jp/policy/2020/121.pdf,2026-07-14,ok,労働・雇用,内部調査・会員アンケート
keidanren_2020_119.txt,keidanren_2020_119,keidanren,経済団体,第6回日中企業家及び元政府高官対話 共同声明,2020-12-02,20201202,提言,地域,公開,https://www.keidanren.or.jp/policy/2020/119.html,2026-07-14,html_text,通商・国際経済・国際協力|外交・安全保障・経済安全保障|エネルギー・環境,主張・提言
keidanren_2020_118.txt,keidanren_2020_118,keidanren,経済団体,新型コロナウイルス感染予防対策ガイドラインの改訂について,2020-12-01,20201201,提言,企業社会,公開,https://www.keidanren.or.jp/policy/2020/118.html,2026-07-14,html_text,企業経営・ガバナンス・サステナビリティ|労働・雇用,主張・提言
keidanren_2020_117.txt,keidanren_2020_117,keidanren,経済団体,サプライチェーン・サイバーセキュリティ確保に向けた共同宣言,2020-11-19,20201119,提言,産業技術,公開,https://www.keidanren.or.jp/policy/2020/117.html,2026-07-14,html_text,デジタル・情報通信|産業政策・成長戦略|中小企業,主張・提言
keidanren_2020_108.pdf,keidanren_2020_108,keidanren,経済団体,。新成長戦略,2020-11-17,20201117,提言,総合政策,公開,https://www.keidanren.or.jp/policy/2020/108_honbun.pdf,2026-07-14,ok,産業政策・成長戦略|マクロ経済・経済財政運営|エネルギー・環境,主張・提言
keidanren_2020_111.pdf,keidanren_2020_111,keidanren,経済団体,with/postコロナの地方活性化,2020-11-17,20201117,提言,国土政策,公開,https://www.keidanren.or.jp/policy/2020/111_honbun.pdf,2026-07-14,ok,地域経済・観光・地方創生|デジタル・情報通信|国土・住宅・交通・防災,主張・提言
keidanren_2020_109.pdf,keidanren_2020_109,keidanren,経済団体,次期「社会資本整備重点計画」・「交通政策基本計画」に対する意見,2020-11-17,20201117,意見,国土政策,公開,https://www.keidanren.or.jp/policy/2020/109_honbun.pdf,2026-07-14,ok,国土・住宅・交通・防災|デジタル・情報通信|マクロ経済・経済財政運営,主張・提言
keidanren_2020_110.pdf,keidanren_2020_110,keidanren,経済団体,Society 5.0に向けて求められる初等中等教育改革 第二次提言,2020-11-17,20201117,提言,企業社会,公開,https://www.keidanren.or.jp/policy/2020/110_honbun.pdf,2026-07-14,ok,人材・教育|デジタル・情報通信|イノベーション・科学技術・スタートアップ,主張・提言
keidanren_2020_114.pdf,keidanren_2020_114,keidanren,経済団体,Society 5.0時代の働き方事例集,2020-11-17,20201117,提言,労働,公開,https://www.keidanren.or.jp/policy/2020/114_jirei11.pdf,2026-07-14,ok,労働・雇用|デジタル・情報通信|企業経営・ガバナンス・サステナビリティ,主張・提言
keidanren_2020_115.pdf,keidanren_2020_115,keidanren,経済団体,最新技術を活用した労災防止対策事例集,2020-11-17,20201117,提言,労働,公開,https://www.keidanren.or.jp/policy/2020/115.pdf,2026-07-14,ok,労働・雇用|イノベーション・科学技術・スタートアップ,活動記録
keidanren_2020_116.pdf,keidanren_2020_116,keidanren,経済団体,2019年度福利厚生費調査結果の概要,2020-11-17,20201117,提言,労働,公開,https://www.keidanren.or.jp/policy/2020/116.pdf,2026-07-14,ok,労働・雇用|企業経営・ガバナンス・サステナビリティ,内部調査・会員アンケート
keidanren_2020_112.txt,keidanren_2020_112,keidanren,経済団体,令和二年度第三次補正予算案に向けたEdTech緊急提言,2020-11-13,20201113,提言,産業技術,公開,https://www.keidanren.or.jp/policy/2020/112.html,2026-07-14,html_text,人材・教育|デジタル・情報通信|イノベーション・科学技術・スタートアップ,主張・提言
keidanren_2020_113.pdf,keidanren_2020_113,keidanren,経済団体,グリーン成長の実現に向けて,2020-11-12,20201112,提言,環境,公開,https://www.keidanren.or.jp/policy/2020/113.pdf,2026-07-14,ok,エネルギー・環境|イノベーション・科学技術・スタートアップ|産業政策・成長戦略,主張・提言
keidanren_2020_106.txt,keidanren_2020_106,keidanren,経済団体,第11回アジア・ビジネス・サミット共同声明,2020-11-06,20201106,提言,地域,公開,https://www.keidanren.or.jp/policy/2020/106.html,2026-07-14,html_text,通商・国際経済・国際協力|産業政策・成長戦略|エネルギー・環境,主張・提言
keidanren_2020_105.pdf,keidanren_2020_105,keidanren,経済団体,雇用調整助成金特例措置のさらなる延長に関する要望,2020-11-04,20201104,要望,労働,公開,https://www.keidanren.or.jp/policy/2020/105.pdf,2026-07-14,ok,労働・雇用|マクロ経済・経済財政運営|税制・財政,主張・提言
keidanren_2020_104.txt,keidanren_2020_104,keidanren,経済団体,医療保険制度の改革に向けた被用者保険関係５団体の意見,2020-11-04,20201104,意見,経済政策,公開,https://www.keidanren.or.jp/policy/2020/104.html,2026-07-14,html_text,社会保障（年金・医療・介護）,主張・提言
keidanren_2020_103.txt,keidanren_2020_103,keidanren,経済団体,真の全世代型社会保障に向けた制度改革の実現を,2020-10-30,20201030,提言,経済政策,公開,https://www.keidanren.or.jp/policy/2020/103.html,2026-07-14,html_text,社会保障（年金・医療・介護）|こども・子育て・人口|税制・財政,主張・提言
keidanren_2020_102.pdf,keidanren_2020_102,keidanren,経済団体,「ポストコロナ時代を見据えたダイバーシティ＆インクルージョン推進」に関するアンケート結果,2020-10-29,20201029,資料,企業社会,公開,https://www.keidanren.or.jp/policy/2020/102.pdf,2026-07-14,ok,多様性・人権・ジェンダー|企業経営・ガバナンス・サステナビリティ|労働・雇用,内部調査・会員アンケート
keidanren_2020_099.pdf,keidanren_2020_099,keidanren,経済団体,「科学技術・イノベーション基本計画」策定に向けて,2020-10-13,20201013,提言,産業技術,公開,https://www.keidanren.or.jp/policy/2020/099_honbun.pdf,2026-07-14,ok,イノベーション・科学技術・スタートアップ|産業政策・成長戦略|デジタル・情報通信,主張・提言
keidanren_2020_093.pdf,keidanren_2020_093,keidanren,経済団体,ポストコロナを展望した少子化対策の推進に向けて,2020-10-13,20201013,提言,経済政策,公開,https://www.keidanren.or.jp/policy/2020/093_honbun.pdf,2026-07-14,ok,こども・子育て・人口|労働・雇用|地域経済・観光・地方創生,主張・提言
keidanren_2020_092.pdf,keidanren_2020_092,keidanren,経済団体,株主総会におけるオンラインの更なる活用についての提言,2020-10-13,20201013,提言,経済基盤,公開,https://www.keidanren.or.jp/policy/2020/092_honbun.pdf,2026-07-14,ok,企業経営・ガバナンス・サステナビリティ|デジタル・情報通信,主張・提言
keidanren_2020_091.pdf,keidanren_2020_091,keidanren,経済団体,改訂 Society 5.0の実現に向けた規制・制度改革に関する提言,2020-10-13,20201013,提言,産業政策,公開,https://www.keidanren.or.jp/policy/2020/091_honbun.pdf,2026-07-14,ok,行政改革・規制改革|デジタル・情報通信|イノベーション・科学技術・スタートアップ,主張・提言
keidanren_2020_096.pdf,keidanren_2020_096,keidanren,経済団体,政治との連携強化に関する見解,2020-10-13,20201013,提言,総合政策,公開,https://www.keidanren.or.jp/policy/2020/096.pdf,2026-07-14,ok,政治・統治機構・憲法|マクロ経済・経済財政運営,主張・提言
keidanren_2020_097.pdf,keidanren_2020_097,keidanren,経済団体,主要政党の政策評価 2020,2020-10-13,20201013,提言,総合政策,公開,https://www.keidanren.or.jp/policy/2020/097.pdf,2026-07-14,ok,政治・統治機構・憲法|マクロ経済・経済財政運営|社会保障（年金・医療・介護）,外部・第三者資料
keidanren_2020_098.pdf,keidanren_2020_098,keidanren,経済団体,第２回 企業行動憲章に関するアンケート調査結果,2020-10-13,20201013,資料,企業社会,公開,https://www.keidanren.or.jp/policy/2020/098_honbun.pdf,2026-07-14,ok,企業経営・ガバナンス・サステナビリティ,内部調査・会員アンケート
keidanren_2020_100.txt,keidanren_2020_100,keidanren,経済団体,ワーケーションの推進に向けたモデル事業の実施に関する覚書,2020-10-12,20201012,提言,国土政策,公開,https://www.keidanren.or.jp/policy/2020/100.html,2026-07-14,html_text,地域経済・観光・地方創生|労働・雇用,主張・提言
keidanren_2020_095.pdf,keidanren_2020_095,keidanren,経済団体,B20サウジアラビアが各分野の共同提言を策定,2020-10-09,20201009,提言,貿易投資,公開,https://www.b20saudiarabia.org.sa/wp-content/uploads/2020/09/Policy-recomendations-to-the-G20_IMG_update_Chair_compressed-min.pdf,2026-07-14,error,通商・国際経済・国際協力,活動記録
keidanren_2020_094.pdf,keidanren_2020_094,keidanren,経済団体,気候変動分野のサステナブル・ファイナンスに関する基本的考え方と今後のアクション,2020-10-09,20201009,提言,環境,公開,https://www.keidanren.or.jp/policy/2020/094_honbun.pdf,2026-07-14,ok,エネルギー・環境|金融・資本市場|産業政策・成長戦略,主張・提言
keidanren_2020_090.txt,keidanren_2020_090,keidanren,経済団体,東北経済連合会・日本経済団体連合会 共同宣言,2020-10-06,20201006,提言,国土政策,公開,https://www.keidanren.or.jp/policy/2020/090.html,2026-07-14,html_text,地域経済・観光・地方創生|デジタル・情報通信|国土・住宅・交通・防災,主張・提言
keidanren_2020_088.txt,keidanren_2020_088,keidanren,経済団体,会社法施行規則改正案への意見,2020-09-30,20200930,意見,経済基盤,公開,https://www.keidanren.or.jp/policy/2020/088.html,2026-07-14,html_text,企業経営・ガバナンス・サステナビリティ|行政改革・規制改革,主張・提言
keidanren_2020_087.txt,keidanren_2020_087,keidanren,経済団体,IASB公開草案「全般的な表示及び開示」に対する意見,2020-09-30,20200930,意見,経済基盤,公開,https://www.keidanren.or.jp/policy/2020/087.html,2026-07-14,html_text,企業経営・ガバナンス・サステナビリティ|金融・資本市場,主張・提言
keidanren_2020_086.txt,keidanren_2020_086,keidanren,経済団体,新内閣に望む,2020-09-29,20200929,提言,総合政策,公開,https://www.keidanren.or.jp/policy/2020/086.html,2026-07-14,html_text,マクロ経済・経済財政運営|産業政策・成長戦略|デジタル・情報通信,主張・提言
keidanren_2020_084.pdf,keidanren_2020_084,keidanren,経済団体,環境と成長の好循環に向けたコロナ後の経済社会の再設計（Redesign）,2020-09-24,20200924,提言,環境,公開,https://www.keidanren.or.jp/policy/2020/084.pdf,2026-07-14,ok,エネルギー・環境|企業経営・ガバナンス・サステナビリティ|産業政策・成長戦略,主張・提言
keidanren_2020_085.txt,keidanren_2020_085,keidanren,経済団体,「個人情報保護制度の見直しに向けた中間整理」に対する意見,2020-09-24,20200924,意見,産業技術,公開,https://www.keidanren.or.jp/policy/2020/085.html,2026-07-14,html_text,デジタル・情報通信|行政改革・規制改革,主張・提言
keidanren_2020_083.pdf,keidanren_2020_083,keidanren,経済団体,デジタル庁の創設に向けた緊急提言,2020-09-23,20200923,提言,産業技術,公開,https://www.keidanren.or.jp/policy/2020/083.pdf,2026-07-14,ok,デジタル・情報通信|行政改革・規制改革,主張・提言
keidanren_2020_082.pdf,keidanren_2020_082,keidanren,経済団体,EdTech推進に向けた新内閣への緊急提言,2020-09-18,20200918,提言,産業技術,公開,https://www.keidanren.or.jp/policy/2020/082_honbun.pdf,2026-07-14,ok,人材・教育|デジタル・情報通信,主張・提言
keidanren_2020_076.pdf,keidanren_2020_076,keidanren,経済団体,令和３年度税制改正に関する提言,2020-09-15,20200915,提言,経済基盤,公開,https://www.keidanren.or.jp/policy/2020/076_honbun.pdf,2026-07-14,ok,税制・財政,主張・提言
keidanren_2020_075.pdf,keidanren_2020_075,keidanren,経済団体,企業と投資家による建設的対話の促進に向けて,2020-09-15,20200915,提言,経済基盤,公開,https://www.keidanren.or.jp/policy/2020/075_honbun.pdf,2026-07-14,ok,企業経営・ガバナンス・サステナビリティ|金融・資本市場,主張・提言
keidanren_2020_079.pdf,keidanren_2020_079,keidanren,経済団体,Society 5.0時代のサプライチェーン,2020-09-15,20200915,提言,産業政策,公開,https://www.keidanren.or.jp/policy/2020/079_honbun.pdf,2026-07-14,ok,産業政策・成長戦略|デジタル・情報通信|中小企業,主張・提言
keidanren_2020_078.pdf,keidanren_2020_078,keidanren,経済団体,社会貢献活動に関するアンケート調査結果,2020-09-15,20200915,資料,企業社会,公開,https://www.keidanren.or.jp/policy/2020/078_honbun.pdf,2026-07-14,ok,企業経営・ガバナンス・サステナビリティ,内部調査・会員アンケート
keidanren_2020_080.pdf,keidanren_2020_080,keidanren,経済団体,2021年度入社対象 新卒採用活動に関するアンケート結果,2020-09-15,20200915,資料,労働,公開,https://www.keidanren.or.jp/policy/2020/080.pdf,2026-07-14,ok,人材・教育|労働・雇用,内部調査・会員アンケート
keidanren_2020_081.pdf,keidanren_2020_081,keidanren,経済団体,2020年 労働時間等実態調査,2020-09-15,20200915,提言,労働,公開,https://www.keidanren.or.jp/policy/2020/081.pdf,2026-07-14,ok,労働・雇用,内部調査・会員アンケート
keidanren_2020_077.txt,keidanren_2020_077,keidanren,経済団体,"欧州委員会 ""Proposal for a legal act of the European Parliament and the Council laying down requirements for Artificial Intelligence"" に対するインセプション・インパクト・アセスメントへの意見",2020-09-10,20200910,意見,産業技術,公開,https://www.keidanren.or.jp/policy/2020/077.html,2026-07-14,html_text,イノベーション・科学技術・スタートアップ|デジタル・情報通信|通商・国際経済・国際協力,主張・提言
keidanren_2020_073.pdf,keidanren_2020_073,keidanren,経済団体,ロシアのビジネス環境等に関するアンケート（2020年度）結果,2020-09-02,20200902,資料,地域,公開,https://www.keidanren.or.jp/policy/2020/073.pdf,2026-07-14,ok,通商・国際経済・国際協力,内部調査・会員アンケート
keidanren_2020_072.pdf,keidanren_2020_072,keidanren,経済団体,雇用調整助成金 新型コロナウイルス感染症特例措置の延長に関する要望,2020-08-19,20200819,要望,労働,公開,https://www.keidanren.or.jp/policy/2020/072.pdf,2026-07-14,ok,労働・雇用|マクロ経済・経済財政運営,主張・提言
keidanren_2020_071.pdf,keidanren_2020_071,keidanren,経済団体,2020年春季労使交渉・中小企業業種別妥結結果,2020-08-07,20200807,提言,労働,公開,https://www.keidanren.or.jp/policy/2020/071.pdf,2026-07-14,ok,労働・雇用|中小企業,内部調査・会員アンケート
keidanren_2020_070.pdf,keidanren_2020_070,keidanren,経済団体,2020年夏季賞与・一時金 大手企業業種別妥結結果,2020-08-05,20200805,提言,労働,公開,https://www.keidanren.or.jp/policy/2020/070.pdf,2026-07-14,ok,労働・雇用,内部調査・会員アンケート
keidanren_2020_069.pdf,keidanren_2020_069,keidanren,経済団体,2020年春季労使交渉・大手企業業種別妥結結果,2020-08-03,20200803,提言,労働,公開,https://www.keidanren.or.jp/policy/2020/069.pdf,2026-07-14,ok,労働・雇用,内部調査・会員アンケート
keidanren_2020_068.txt,keidanren_2020_068,keidanren,経済団体,日英経済パートナーシップ協定の実現を求める,2020-07-31,20200731,提言,貿易投資,公開,https://www.keidanren.or.jp/policy/2020/068.html,2026-07-14,html_text,通商・国際経済・国際協力,主張・提言
keidanren_2020_067.txt,keidanren_2020_067,keidanren,経済団体,「デジタル広告市場の競争評価 中間報告」に対する意見,2020-07-27,20200727,意見,産業技術,公開,https://www.keidanren.or.jp/policy/2020/067.html,2026-07-14,html_text,デジタル・情報通信|行政改革・規制改革,主張・提言
keidanren_2020_066.txt,keidanren_2020_066,keidanren,経済団体,経団連夏季フォーラム2020 マニフェスト,2020-07-16,20200716,提言,総合政策,公開,https://www.keidanren.or.jp/policy/2020/066.html,2026-07-14,html_text,デジタル・情報通信|産業政策・成長戦略|エネルギー・環境,主張・提言
keidanren_2020_065.pdf,keidanren_2020_065,keidanren,経済団体,新型コロナウイルス感染症と両立する経済活動の再加速に向けて,2020-07-16,20200716,提言,総合政策,公開,https://www.keidanren.or.jp/policy/2020/065_honbun.pdf,2026-07-14,ok,マクロ経済・経済財政運営|産業政策・成長戦略|労働・雇用,主張・提言
keidanren_2020_064.pdf,keidanren_2020_064,keidanren,経済団体,コロナの下での自由で開かれた貿易投資の実現,2020-07-14,20200714,提言,貿易投資,公開,https://www.keidanren.or.jp/policy/2020/064_honbun.pdf,2026-07-14,ok,通商・国際経済・国際協力|産業政策・成長戦略,主張・提言
keidanren_2020_063.pdf,keidanren_2020_063,keidanren,経済団体,Society 5.0に向けて求められる初等中等教育改革 第一次提言,2020-07-14,20200714,提言,企業社会,公開,https://www.keidanren.or.jp/policy/2020/063_honbun.pdf,2026-07-14,ok,人材・教育|デジタル・情報通信|イノベーション・科学技術・スタートアップ,主張・提言
keidanren_2020_062.pdf,keidanren_2020_062,keidanren,経済団体,Society 5.0時代のヘルスケアⅡ,2020-07-14,20200714,提言,産業技術,公開,https://www.keidanren.or.jp/policy/2020/062_honbun.pdf,2026-07-14,ok,社会保障（年金・医療・介護）|デジタル・情報通信|イノベーション・科学技術・スタートアップ,主張・提言
keidanren_2020_061.pdf,keidanren_2020_061,keidanren,経済団体,「書面、押印、対面」を原則とした制度・慣行・意識の抜本的見直しに向けた共同宣言,2020-07-08,20200708,提言,産業技術,公開,https://www.keidanren.or.jp/policy/2020/061.pdf,2026-07-14,ok,行政改革・規制改革|デジタル・情報通信,主張・提言
keidanren_2020_059.txt,keidanren_2020_059,keidanren,経済団体,「AI・IoT技術の時代にふさわしい特許制度の在り方－中間とりまとめ－（案）」についての意見,2020-06-30,20200630,意見,産業技術,公開,https://www.keidanren.or.jp/policy/2020/059.html,2026-07-14,html_text,イノベーション・科学技術・スタートアップ|産業政策・成長戦略,主張・提言
keidanren_2020_055.pdf,keidanren_2020_055,keidanren,経済団体,経団連生物多様性宣言イニシアチブ,2020-06-11,20200611,提言,環境,公開,https://www.keidanren.or.jp/policy/2020/055.pdf,2026-07-14,ok,エネルギー・環境|企業経営・ガバナンス・サステナビリティ,主張・提言
keidanren_2020_054.txt,keidanren_2020_054,keidanren,経済団体,欧州委員会“White Paper on Artificial Intelligence:a European approach to excellence and trust”への意見,2020-06-10,20200610,意見,産業技術,公開,https://www.keidanren.or.jp/policy/2020/054.html,2026-07-14,html_text,イノベーション・科学技術・スタートアップ|デジタル・情報通信|通商・国際経済・国際協力,主張・提言
keidanren_2020_052.txt,keidanren_2020_052,keidanren,経済団体,「チャレンジ・ゼロ」,2020-06-08,20200608,提言,環境,公開,https://www.keidanren.or.jp/policy/2020/052.html,2026-07-14,html_text,エネルギー・環境|イノベーション・科学技術・スタートアップ|企業経営・ガバナンス・サステナビリティ,主張・提言
keidanren_2020_051.txt,keidanren_2020_051,keidanren,経済団体,新型コロナウイルスを克服し、新たな成長を実現する,2020-06-02,20200602,提言,総合政策,公開,https://www.keidanren.or.jp/policy/2020/051.html,2026-07-14,html_text,マクロ経済・経済財政運営|産業政策・成長戦略|デジタル・情報通信,主張・提言
keidanren_2020_050.txt,keidanren_2020_050,keidanren,経済団体,欧州委員会“A European strategy for data”への意見,2020-05-30,20200530,意見,産業技術,公開,https://www.keidanren.or.jp/policy/2020/050.html,2026-07-14,html_text,デジタル・情報通信|通商・国際経済・国際協力,主張・提言
keidanren_2020_048.txt,keidanren_2020_048,keidanren,経済団体,９月入学移行に関する考え方,2020-05-29,20200529,提言,企業社会,公開,https://www.keidanren.or.jp/policy/2020/048.html,2026-07-14,html_text,人材・教育|労働・雇用,主張・提言
keidanren_2020_049.txt,keidanren_2020_049,keidanren,経済団体,現在、就職活動をしている学生の皆さんへ,2020-05-29,20200529,提言,企業社会,公開,https://www.keidanren.or.jp/policy/2020/049.html,2026-07-14,html_text,人材・教育|労働・雇用,主張・提言
keidanren_2020_056.pdf,keidanren_2020_056,keidanren,経済団体,Society 5.0 for SDGs国際展開のためのデジタル共創,2020-05-29,20200529,提言,国際協力,公開,https://www.keidanren.or.jp/policy/2020/056.pdf,2026-07-14,ok,通商・国際経済・国際協力|デジタル・情報通信|イノベーション・科学技術・スタートアップ,主張・提言
keidanren_2020_047.pdf,keidanren_2020_047,keidanren,経済団体,少子化対策の今後の推進に向けて,2020-05-26,20200526,提言,経済政策,公開,http://acsa.jp/images/babysitter/2020/special_measures20200430.pdf,2026-07-14,ok,こども・子育て・人口,外部・第三者資料
keidanren_2020_045.txt,keidanren_2020_045,keidanren,経済団体,新型コロナウイルス感染拡大に伴うスタートアップ支援策を求める,2020-05-19,20200519,提言,産業技術,公開,https://www.keidanren.or.jp/policy/2020/045.html,2026-07-14,html_text,イノベーション・科学技術・スタートアップ|中小企業|企業経営・ガバナンス・サステナビリティ,主張・提言
keidanren_2020_038.pdf,keidanren_2020_038,keidanren,経済団体,Digital Transformation (DX),2020-05-19,20200519,提言,産業技術,公開,https://www.keidanren.or.jp/policy/2020/038_honbun.pdf,2026-07-14,ok,デジタル・情報通信|産業政策・成長戦略|イノベーション・科学技術・スタートアップ,主張・提言
keidanren_2020_042.txt,keidanren_2020_042,keidanren,経済団体,「調査協力減算制度の運用方針」（案）に対する意見,2020-05-15,20200515,意見,経済基盤,公開,https://www.keidanren.or.jp/policy/2020/042.html,2026-07-14,html_text,行政改革・規制改革|企業経営・ガバナンス・サステナビリティ,主張・提言
keidanren_2020_043.txt,keidanren_2020_043,keidanren,経済団体,「事業者と弁護士との間で秘密に行われた通信の内容が記録されている物件の取扱指針」（案）に対する意見,2020-05-15,20200515,意見,経済基盤,公開,https://www.keidanren.or.jp/policy/2020/043.html,2026-07-14,html_text,行政改革・規制改革|企業経営・ガバナンス・サステナビリティ,主張・提言
keidanren_2020_044.txt,keidanren_2020_044,keidanren,経済団体,「独占禁止法審査手続に関する指針」の一部改定（案）に対する意見,2020-05-15,20200515,意見,経済基盤,公開,https://www.keidanren.or.jp/policy/2020/044.html,2026-07-14,html_text,企業経営・ガバナンス・サステナビリティ|行政改革・規制改革,主張・提言
keidanren_2020_041.txt,keidanren_2020_041,keidanren,経済団体,大企業などの資金繰り対策に関する要望,2020-05-14,20200514,要望,経済基盤,公開,https://www.keidanren.or.jp/policy/2020/041.html,2026-07-14,html_text,金融・資本市場|マクロ経済・経済財政運営|中小企業,主張・提言
keidanren_2020_040.txt,keidanren_2020_040,keidanren,経済団体,「新型コロナウイルス感染予防対策ガイドライン」について,2020-05-14,20200514,提言,企業社会,公開,https://www.keidanren.or.jp/policy/2020/040.html,2026-07-14,html_text,企業経営・ガバナンス・サステナビリティ|労働・雇用,主張・提言
keidanren_2020_039.pdf,keidanren_2020_039,keidanren,経済団体,雇用調整助成金の助成上限額引き上げに関する要望,2020-05-12,20200512,要望,労働,公開,https://www.keidanren.or.jp/policy/2020/039.pdf,2026-07-14,ok,労働・雇用|マクロ経済・経済財政運営,主張・提言
keidanren_2020_036.pdf,keidanren_2020_036,keidanren,経済団体,緊急事態宣言の発令に伴う新型コロナウイルス感染症拡大防止策各社の対応に関するフォローアップ調査結果,2020-04-21,20200421,提言,企業社会,公開,https://www.keidanren.or.jp/policy/2020/036.pdf,2026-07-14,ok,労働・雇用,内部調査・会員アンケート
keidanren_2020_035.txt,keidanren_2020_035,keidanren,経済団体,労使メッセージ「感染拡大防止のための行動変容を」,2020-04-20,20200420,提言,労働,公開,https://www.keidanren.or.jp/policy/2020/035.html,2026-07-14,html_text,労働・雇用,主張・提言
keidanren_2020_032.txt,keidanren_2020_032,keidanren,経済団体,スタートアップと大企業による協創を促進する契約実務の普及に向けて,2020-04-02,20200402,提言,産業技術,公開,https://www.keidanren.or.jp/policy/2020/032.html,2026-07-14,html_text,イノベーション・科学技術・スタートアップ|企業経営・ガバナンス・サステナビリティ,主張・提言
keidanren_2020_028.pdf,keidanren_2020_028,keidanren,経済団体,Society 5.0に向けた大学教育と採用に関する考え方,2020-03-31,20200331,提言,企業社会,公開,https://www.keidanren.or.jp/policy/2020/028_honbun.pdf,2026-07-14,ok,人材・教育|イノベーション・科学技術・スタートアップ,主張・提言
keidanren_2020_029.txt,keidanren_2020_029,keidanren,経済団体,新型コロナウイルス感染症に伴う2021年度入社対象者の採用選考への対応について,2020-03-31,20200331,提言,企業社会,公開,https://www.keidanren.or.jp/policy/2020/029.html,2026-07-14,html_text,人材・教育|労働・雇用,主張・提言
keidanren_2020_031.txt,keidanren_2020_031,keidanren,経済団体,新型コロナウイルス対策に関する緊急提言,2020-03-30,20200330,提言,企業社会,公開,https://www.keidanren.or.jp/policy/2020/031.html,2026-07-14,html_text,マクロ経済・経済財政運営|エネルギー・環境|デジタル・情報通信,主張・提言
keidanren_2020_030.pdf,keidanren_2020_030,keidanren,経済団体,2019年「夏季・冬季 賞与・一時金調査結果」の概要,2020-03-30,20200330,提言,労働,公開,https://www.keidanren.or.jp/policy/2020/030.pdf,2026-07-14,ok,労働・雇用,内部調査・会員アンケート
keidanren_2020_027.pdf,keidanren_2020_027,keidanren,経済団体,2019年度 低炭素社会実行計画 第三者評価委員会 評価報告書,2020-03-27,20200327,報告書,環境,公開,https://www.keidanren.or.jp/policy/2020/027.pdf,2026-07-14,ok,エネルギー・環境|産業政策・成長戦略,外部・第三者資料
keidanren_2020_026.pdf,keidanren_2020_026,keidanren,経済団体,ESG投資の進化、Society 5.0の実現、そしてSDGsの達成へ,2020-03-26,20200326,提言,経済基盤,公開,https://www.keidanren.or.jp/policy/2020/026_overview.pdf,2026-07-14,ok,金融・資本市場|イノベーション・科学技術・スタートアップ|企業経営・ガバナンス・サステナビリティ,主張・提言
keidanren_2020_023.pdf,keidanren_2020_023,keidanren,経済団体,Society 5.0の実現に向けた規制・制度改革に関する提言,2020-03-17,20200317,提言,産業政策,公開,https://www.keidanren.or.jp/policy/2020/023_honbun.pdf,2026-07-14,ok,行政改革・規制改革|デジタル・情報通信|産業政策・成長戦略,主張・提言
keidanren_2020_024.pdf,keidanren_2020_024,keidanren,経済団体,戦略的なインフラシステムの海外展開に向けて,2020-03-17,20200317,提言,国際協力,公開,https://www.keidanren.or.jp/policy/2020/024_honbun.pdf,2026-07-14,ok,通商・国際経済・国際協力|産業政策・成長戦略|国土・住宅・交通・防災,主張・提言
keidanren_2020_025.pdf,keidanren_2020_025,keidanren,経済団体,経団連サイバーセキュリティ経営宣言に関する取組み,2020-03-17,20200317,提言,産業技術,公開,https://www.keidanren.or.jp/policy/2020/025_honbun.pdf,2026-07-14,ok,デジタル・情報通信|企業経営・ガバナンス・サステナビリティ|産業政策・成長戦略,主張・提言
keidanren_2020_020.pdf,keidanren_2020_020,keidanren,経済団体,循環型社会形成自主行動計画,2020-03-17,20200317,提言,環境,公開,https://www.keidanren.or.jp/policy/2020/020_gaiyo.pdf,2026-07-14,ok,エネルギー・環境|産業政策・成長戦略,内部調査・会員アンケート
keidanren_2020_022.pdf,keidanren_2020_022,keidanren,経済団体,EdTechを活用したSociety 5.0時代の学び,2020-03-17,20200317,提言,産業技術,公開,https://www.keidanren.or.jp/policy/2020/022_honbun.pdf,2026-07-14,ok,人材・教育|デジタル・情報通信|イノベーション・科学技術・スタートアップ,主張・提言
keidanren_2020_021.pdf,keidanren_2020_021,keidanren,経済団体,Society 5.0時代を切り拓く人材の育成,2020-03-17,20200317,提言,労働,公開,https://www.keidanren.or.jp/policy/2020/021_honbun.pdf,2026-07-14,ok,人材・教育|労働・雇用|イノベーション・科学技術・スタートアップ,主張・提言
keidanren_2020_018.pdf,keidanren_2020_018,keidanren,経済団体,経団連「新型コロナウイルス感染症拡大防止対策各社の対応に関するフォローアップ調査」結果,2020-03-09,20200309,提言,企業社会,公開,https://www.keidanren.or.jp/policy/2020/018.pdf,2026-07-14,ok,労働・雇用,内部調査・会員アンケート
keidanren_2020_017.txt,keidanren_2020_017,keidanren,経済団体,国別報告事項の2020年レビューに関する公開諮問文書に対する意見,2020-03-06,20200306,意見,経済基盤,公開,https://www.keidanren.or.jp/policy/2020/017.html,2026-07-14,html_text,税制・財政|通商・国際経済・国際協力,主張・提言
keidanren_2020_016.txt,keidanren_2020_016,keidanren,経済団体,第16回日本ロシア経済合同会議 メモランダム,2020-02-18,20200218,提言,地域,公開,https://www.keidanren.or.jp/policy/2020/016.html,2026-07-14,html_text,通商・国際経済・国際協力|地域経済・観光・地方創生,活動記録
keidanren_2020_015.txt,keidanren_2020_015,keidanren,経済団体,新たな「食料・農業・農村基本計画」に対する意見,2020-02-18,20200218,意見,産業政策,公開,https://www.keidanren.or.jp/policy/2020/015.html,2026-07-14,html_text,農林水産・食料|産業政策・成長戦略|イノベーション・科学技術・スタートアップ,主張・提言
keidanren_2020_014.pdf,keidanren_2020_014,keidanren,経済団体,生物多様性に関するアンケート＜2019年度調査結果＞,2020-02-18,20200218,資料,環境,公開,https://www.keidanren.or.jp/policy/2020/014_kekka.pdf,2026-07-14,ok,エネルギー・環境|企業経営・ガバナンス・サステナビリティ,内部調査・会員アンケート
keidanren_2020_012.pdf,keidanren_2020_012,keidanren,経済団体,災害被災地支援活動に関する調査結果,2020-02-05,20200205,提言,企業社会,公開,https://www.keidanren.or.jp/policy/2020/012.pdf,2026-07-14,ok,国土・住宅・交通・防災|企業経営・ガバナンス・サステナビリティ,内部調査・会員アンケート
keidanren_2020_011.txt,keidanren_2020_011,keidanren,経済団体,総合資源エネルギー調査会 基本政策分科会 再生可能エネルギー主力電源化制度改革小委員会 中間取りまとめ（案）に対する意見,2020-01-24,20200124,意見,環境,公開,https://www.keidanren.or.jp/policy/2020/011.html,2026-07-14,html_text,エネルギー・環境,主張・提言
keidanren_2020_010.txt,keidanren_2020_010,keidanren,経済団体,総合資源エネルギー調査会 基本政策分科会 持続可能な電力システム構築小委員会 中間取りまとめ（案）に対する意見,2020-01-24,20200124,意見,環境,公開,https://www.keidanren.or.jp/policy/2020/010.html,2026-07-14,html_text,エネルギー・環境|行政改革・規制改革,主張・提言
keidanren_2020_009.txt,keidanren_2020_009,keidanren,経済団体,2020年版 経営労働政策特別委員会報告,2020-01-21,20200121,提言,労働,公開,https://www.keidanren.or.jp/policy/2020/009.html,2026-07-14,html_text,労働・雇用|人材・教育|中小企業,主張・提言
keidanren_2020_008.pdf,keidanren_2020_008,keidanren,経済団体,人材育成に関するアンケート調査結果,2020-01-21,20200121,資料,労働,公開,https://www.keidanren.or.jp/policy/2020/008.pdf,2026-07-14,ok,人材・教育|労働・雇用,内部調査・会員アンケート
keidanren_2020_005.pdf,keidanren_2020_005,keidanren,経済団体,2019年人事・労務に関するトップ・マネジメント調査結果,2020-01-21,20200121,提言,労働,公開,https://www.keidanren.or.jp/policy/2020/005.pdf,2026-07-14,ok,労働・雇用|人材・教育,内部調査・会員アンケート
keidanren_2020_006.pdf,keidanren_2020_006,keidanren,経済団体,2019年6月度「定期賃金調査結果」の概要,2020-01-21,20200121,提言,労働,公開,https://www.keidanren.or.jp/policy/2020/006.pdf,2026-07-14,ok,労働・雇用,内部調査・会員アンケート
keidanren_2020_007.pdf,keidanren_2020_007,keidanren,経済団体,2019年1～6月実施分「昇給・ベースアップ実施状況調査結果」の概要,2020-01-21,20200121,資料,労働,公開,https://www.keidanren.or.jp/policy/2020/007.pdf,2026-07-14,ok,労働・雇用,内部調査・会員アンケート
keidanren_2020_004.pdf,keidanren_2020_004,keidanren,経済団体,「デジタル・プラットフォーマー取引透明化法案（仮称）の方向性」への意見,2020-01-20,20200120,意見,産業技術,公開,https://www.keidanren.or.jp/policy/2020/004.pdf,2026-07-14,ok,デジタル・情報通信|行政改革・規制改革|産業政策・成長戦略,主張・提言
keidanren_2020_001.txt,keidanren_2020_001,keidanren,経済団体,日米欧経済団体による三極貿易大臣会合に向けた共同声明,2020-01-14,20200114,提言,貿易投資,公開,https://www.keidanren.or.jp/policy/2020/001.html,2026-07-14,html_text,通商・国際経済・国際協力,主張・提言
keidanren_2020_003.pdf,keidanren_2020_003,keidanren,経済団体,個人情報保護法 いわゆる３年ごと見直し制度改正大綱に対する意見,2020-01-14,20200114,意見,産業技術,公開,https://www.keidanren.or.jp/policy/2020/003.pdf,2026-07-14,ok,デジタル・情報通信|行政改革・規制改革,主張・提言
keidanren_2019_116.pdf,keidanren_2019_116,keidanren,経済団体,2019年年末賞与・一時金 大手企業業種別妥結結果,2019-12-25,20191225,提言,労働,公開,https://www.keidanren.or.jp/policy/2019/116.pdf,2026-07-14,ok,労働・雇用,内部調査・会員アンケート
keidanren_2019_115.txt,keidanren_2019_115,keidanren,経済団体,第７回 日中韓ビジネス・サミット 共同声明,2019-12-24,20191224,提言,地域,公開,https://www.keidanren.or.jp/policy/2019/115.html,2026-07-14,html_text,通商・国際経済・国際協力|エネルギー・環境|社会保障（年金・医療・介護）,主張・提言
keidanren_2019_114.pdf,keidanren_2019_114,keidanren,経済団体,第63回 福利厚生費調査結果報告,2019-12-23,20191223,提言,労働,公開,https://www.keidanren.or.jp/policy/2019/114_honbun.pdf,2026-07-14,ok,労働・雇用|企業経営・ガバナンス・サステナビリティ,内部調査・会員アンケート
keidanren_2019_112.txt,keidanren_2019_112,keidanren,経済団体,経済成長と安全・安心に向けた主体的・戦略的な宇宙開発利用の推進,2019-12-17,20191217,提言,産業技術,公開,https://www.keidanren.or.jp/policy/2019/112.html,2026-07-14,html_text,イノベーション・科学技術・スタートアップ|産業政策・成長戦略|外交・安全保障・経済安全保障,主張・提言
keidanren_2019_113.txt,keidanren_2019_113,keidanren,経済団体,第8回日本ウクライナ経済合同会議メモランダム,2019-12-16,20191216,提言,地域,公開,https://www.keidanren.or.jp/policy/2019/113.html,2026-07-14,html_text,通商・国際経済・国際協力,活動記録
keidanren_2019_111.txt,keidanren_2019_111,keidanren,経済団体,「今後の石綿飛散防止の在り方について（答申案）」に対する意見,2019-12-12,20191212,意見,環境,公開,https://www.keidanren.or.jp/policy/2019/111.html,2026-07-14,html_text,エネルギー・環境|国土・住宅・交通・防災|行政改革・規制改革,主張・提言
keidanren_2019_108.pdf,keidanren_2019_108,keidanren,経済団体,Society 5.0時代の働き方事例集,2019-12-12,20191212,提言,労働,公開,https://www.keidanren.or.jp/policy/2020/114_jirei11.pdf,2026-07-14,ok,労働・雇用|デジタル・情報通信|企業経営・ガバナンス・サステナビリティ,活動記録
keidanren_2019_109.pdf,keidanren_2019_109,keidanren,経済団体,「チャレンジ・ゼロ」,2019-12-09,20191209,提言,環境,公開,https://www.keidanren.or.jp/policy/2019/109.pdf,2026-07-14,ok,エネルギー・環境|イノベーション・科学技術・スタートアップ|産業政策・成長戦略,主張・提言
keidanren_2019_107.txt,keidanren_2019_107,keidanren,経済団体,「プラスチック製買物袋の有料化のあり方について（案）」等に関するコメント,2019-12-05,20191205,意見,環境,公開,https://www.keidanren.or.jp/policy/2019/107.html,2026-07-14,html_text,エネルギー・環境|産業政策・成長戦略,主張・提言
keidanren_2019_105.txt,keidanren_2019_105,keidanren,経済団体,経済の電子化に伴う課税上の課題に対する第２の柱“GloBE” (Global Anti-Base Erosion Proposal) に関する公開諮問文書に対する意見,2019-12-02,20191202,意見,経済基盤,公開,https://www.keidanren.or.jp/policy/2019/105.html,2026-07-14,html_text,税制・財政|通商・国際経済・国際協力,主張・提言
keidanren_2019_104.txt,keidanren_2019_104,keidanren,経済団体,令和2年度診療報酬改定に関する要請,2019-11-27,20191127,提言,経済政策,公開,https://www.keidanren.or.jp/policy/2019/104.html,2026-07-14,html_text,社会保障（年金・医療・介護）|税制・財政,主張・提言
keidanren_2019_098.pdf,keidanren_2019_098,keidanren,経済団体,経済成長・財政・社会保障の一体改革による安心の確保に向けて,2019-11-19,20191119,提言,経済政策,公開,https://www.keidanren.or.jp/policy/2019/098_honbun.pdf,2026-07-14,ok,社会保障（年金・医療・介護）|マクロ経済・経済財政運営|税制・財政,主張・提言
keidanren_2019_102.pdf,keidanren_2019_102,keidanren,経済団体,2018年度福利厚生費調査結果の概要,2019-11-19,20191119,提言,労働,公開,https://www.keidanren.or.jp/policy/2019/102.pdf,2026-07-14,ok,労働・雇用|企業経営・ガバナンス・サステナビリティ,内部調査・会員アンケート
keidanren_2019_101.txt,keidanren_2019_101,keidanren,経済団体,第28回 経団連・全経連首脳懇談会 共同声明,2019-11-15,20191115,提言,地域,公開,https://www.keidanren.or.jp/policy/2019/101.html,2026-07-14,html_text,通商・国際経済・国際協力|外交・安全保障・経済安全保障,主張・提言
keidanren_2019_097.txt,keidanren_2019_097,keidanren,経済団体,経済の電子化に伴う課税上の課題に対する第１の柱における統合的アプローチに関する公開諮問文書に対する意見,2019-11-12,20191112,意見,経済基盤,公開,https://www.keidanren.or.jp/policy/2019/097.html,2026-07-14,html_text,税制・財政|通商・国際経済・国際協力,主張・提言
keidanren_2019_096.txt,keidanren_2019_096,keidanren,経済団体,Society 5.0時代の人材育成に向けた義務教育の抜本的ICT化を求める緊急提言,2019-11-12,20191112,提言,産業技術,公開,https://www.keidanren.or.jp/policy/2019/096.html,2026-07-14,html_text,人材・教育|デジタル・情報通信|イノベーション・科学技術・スタートアップ,主張・提言
keidanren_2019_095.pdf,keidanren_2019_095,keidanren,経済団体,人権を尊重する経営の推進と我が国の行動計画（NAP）に対する意見,2019-11-11,20191111,意見,企業社会,公開,https://www.keidanren.or.jp/policy/2019/095_honbun.pdf,2026-07-14,ok,多様性・人権・ジェンダー|企業経営・ガバナンス・サステナビリティ,主張・提言
keidanren_2019_093.pdf,keidanren_2019_093,keidanren,経済団体,医療保険制度の改革に向けた被用者保険関係５団体の意見,2019-11-08,20191108,意見,経済政策,公開,https://www.keidanren.or.jp/policy/2019/093_sanko.pdf,2026-07-14,ok,社会保障（年金・医療・介護）,主張・提言
keidanren_2019_090.txt,keidanren_2019_090,keidanren,経済団体,「企業結合審査に関する独占禁止法の運用指針」改定案及び「企業結合審査の手続に関する対応方針」改定案に対する意見,2019-11-05,20191105,意見,経済基盤,公開,https://www.keidanren.or.jp/policy/2019/090.html,2026-07-14,html_text,行政改革・規制改革|企業経営・ガバナンス・サステナビリティ,主張・提言
keidanren_2019_091.txt,keidanren_2019_091,keidanren,経済団体,侵害コンテンツのダウンロード違法化への意見,2019-10-30,20191030,意見,産業技術,公開,https://www.keidanren.or.jp/policy/2019/091.html,2026-07-14,html_text,デジタル・情報通信|産業政策・成長戦略,主張・提言
keidanren_2019_092.txt,keidanren_2019_092,keidanren,経済団体,知財裁判所のさらなる充実・強化を求める,2019-10-30,20191030,提言,産業技術,公開,https://www.keidanren.or.jp/policy/2019/092.html,2026-07-14,html_text,行政改革・規制改革|イノベーション・科学技術・スタートアップ|政治・統治機構・憲法,主張・提言
keidanren_2019_088.pdf,keidanren_2019_088,keidanren,経済団体,2019年3月卒「新規学卒者決定初任給調査結果」の概要,2019-10-29,20191029,提言,労働,公開,https://www.keidanren.or.jp/policy/2019/088.pdf,2026-07-14,ok,労働・雇用|人材・教育,内部調査・会員アンケート
keidanren_2019_086.txt,keidanren_2019_086,keidanren,経済団体,第10回アジア・ビジネス・サミット共同声明,2019-10-17,20191017,提言,地域,公開,https://www.keidanren.or.jp/policy/2019/086.html,2026-07-14,html_text,通商・国際経済・国際協力|中小企業|デジタル・情報通信,主張・提言
keidanren_2019_083.pdf,keidanren_2019_083,keidanren,経済団体,Society 5.0の実現に向けた個人データ保護と活用のあり方,2019-10-15,20191015,提言,産業技術,公開,https://www.keidanren.or.jp/policy/2019/083_honbun.pdf,2026-07-14,ok,デジタル・情報通信|産業政策・成長戦略|通商・国際経済・国際協力,主張・提言
keidanren_2019_084.pdf,keidanren_2019_084,keidanren,経済団体,政治との連携強化に関する見解,2019-10-15,20191015,提言,総合政策,公開,https://www.keidanren.or.jp/policy/2019/084.pdf,2026-07-14,ok,政治・統治機構・憲法|マクロ経済・経済財政運営,主張・提言
keidanren_2019_085.pdf,keidanren_2019_085,keidanren,経済団体,主要政党の政策評価 2019,2019-10-15,20191015,提言,総合政策,公開,https://www.keidanren.or.jp/policy/2019/085.pdf,2026-07-14,ok,政治・統治機構・憲法|労働・雇用|税制・財政,外部・第三者資料
keidanren_2019_082.txt,keidanren_2019_082,keidanren,経済団体,投資関連協定に関する提言,2019-10-15,20191015,提言,貿易投資,公開,https://www.keidanren.or.jp/policy/2019/082.html,2026-07-14,html_text,通商・国際経済・国際協力,主張・提言
keidanren_2019_081.txt,keidanren_2019_081,keidanren,経済団体,日米IED民間作業部会共同声明2019,2019-10-09,20191009,提言,産業技術,公開,https://www.keidanren.or.jp/policy/2019/081.html,2026-07-14,html_text,デジタル・情報通信|通商・国際経済・国際協力|外交・安全保障・経済安全保障,主張・提言
keidanren_2019_078.txt,keidanren_2019_078,keidanren,経済団体,世界中の投資家や起業家を惹きつけるエコシステムの構築に向けて,2019-10-02,20191002,提言,産業技術,公開,https://www.keidanren.or.jp/policy/2019/078.html,2026-07-14,html_text,イノベーション・科学技術・スタートアップ|外交・安全保障・経済安全保障|金融・資本市場,主張・提言
keidanren_2019_077.pdf,keidanren_2019_077,keidanren,経済団体,「デジタル・プラットフォーマーと個人情報等を提供する消費者との取引における優越的地位の濫用に関する独占禁止法上の考え方（案）」に対する意見,2019-09-30,20190930,意見,経済基盤,公開,https://www.keidanren.or.jp/policy/2019/077.pdf,2026-07-14,ok,デジタル・情報通信|行政改革・規制改革|産業政策・成長戦略,主張・提言
keidanren_2019_072.pdf,keidanren_2019_072,keidanren,経済団体,Society 5.0時代の東京,2019-09-17,20190917,提言,国土政策,公開,https://www.keidanren.or.jp/policy/2019/072_honbun.pdf,2026-07-14,ok,地域経済・観光・地方創生|デジタル・情報通信|イノベーション・科学技術・スタートアップ,主張・提言
keidanren_2019_073.pdf,keidanren_2019_073,keidanren,経済団体,雇用保険制度見直しに関する提言,2019-09-17,20190917,提言,労働,公開,https://www.keidanren.or.jp/policy/2019/073_honbun.pdf,2026-07-14,ok,労働・雇用|税制・財政,主張・提言
keidanren_2019_074.pdf,keidanren_2019_074,keidanren,経済団体,令和２年度税制改正に関する提言,2019-09-17,20190917,提言,経済基盤,公開,https://www.keidanren.or.jp/policy/2019/074_honbun.pdf,2026-07-14,ok,税制・財政,主張・提言
keidanren_2019_076.pdf,keidanren_2019_076,keidanren,経済団体,2019年労働時間等実態調査 集計結果,2019-09-17,20190917,資料,労働,公開,https://www.keidanren.or.jp/policy/2019/076.pdf,2026-07-14,ok,労働・雇用,内部調査・会員アンケート
keidanren_2019_071.txt,keidanren_2019_071,keidanren,経済団体,新内閣に望む,2019-09-11,20190911,提言,総合政策,公開,https://www.keidanren.or.jp/policy/2019/071.html,2026-07-14,html_text,マクロ経済・経済財政運営|産業政策・成長戦略|通商・国際経済・国際協力,主張・提言
keidanren_2019_069.txt,keidanren_2019_069,keidanren,経済団体,サステナブル・ファイナンスをめぐる動向に対する課題認識,2019-09-04,20190904,提言,環境,公開,https://www.keidanren.or.jp/policy/2019/069.html,2026-07-14,html_text,エネルギー・環境|金融・資本市場|通商・国際経済・国際協力,主張・提言
keidanren_2019_068.pdf,keidanren_2019_068,keidanren,経済団体,ロシアのビジネス環境等に関するアンケート（2019年度）結果,2019-09-04,20190904,資料,地域,公開,https://www.keidanren.or.jp/policy/2019/068.pdf,2026-07-14,ok,通商・国際経済・国際協力|税制・財政,内部調査・会員アンケート
keidanren_2019_067.txt,keidanren_2019_067,keidanren,経済団体,英国のEU離脱に関する経済団体共同声明,2019-09-03,20190903,提言,地域,公開,https://www.keidanren.or.jp/policy/2019/067.html,2026-07-14,html_text,通商・国際経済・国際協力|外交・安全保障・経済安全保障,主張・提言
keidanren_2019_065.pdf,keidanren_2019_065,keidanren,経済団体,2019年春季労使交渉・中小企業業種別妥結結果,2019-08-08,20190808,提言,労働,公開,https://www.keidanren.or.jp/policy/2019/065.pdf,2026-07-14,ok,労働・雇用|中小企業,内部調査・会員アンケート
keidanren_2019_064.pdf,keidanren_2019_064,keidanren,経済団体,スタートアップの成長を促進する上場市場のあり方について,2019-08-05,20190805,提言,産業技術,公開,https://www.jpx.co.jp/equities/improvements/market-structure/nlsgeu000003pd3t-att/nlsgeu000003wftx.pdf,2026-07-14,ok,金融・資本市場|イノベーション・科学技術・スタートアップ|企業経営・ガバナンス・サステナビリティ,主張・提言
keidanren_2019_063.pdf,keidanren_2019_063,keidanren,経済団体,2019年夏季賞与・一時金 大手企業業種別妥結結果,2019-08-02,20190802,提言,労働,公開,https://www.keidanren.or.jp/policy/2019/063.pdf,2026-07-14,ok,労働・雇用,内部調査・会員アンケート
keidanren_2019_062.pdf,keidanren_2019_062,keidanren,経済団体,5月20日改正労働者派遣法説明会での質問に対する厚生労働省の回答,2019-08-01,20190801,提言,労働,公開,https://www.keidanren.or.jp/policy/2019/062.pdf,2026-07-14,ok,労働・雇用,外部・第三者資料
keidanren_2019_061.txt,keidanren_2019_061,keidanren,経済団体,第22回 日本ブラジル経済合同委員会日メルコスールＥＰＡに向けた共同声明,2019-07-29,20190729,提言,地域,公開,https://www.keidanren.or.jp/policy/2019/061.html,2026-07-14,html_text,通商・国際経済・国際協力,主張・提言
keidanren_2019_060.pdf,keidanren_2019_060,keidanren,経済団体,経団連 夏季フォーラム2019 総括文書,2019-07-19,20190719,提言,総合政策,公開,https://www.keidanren.or.jp/policy/2019/060.pdf,2026-07-14,ok,マクロ経済・経済財政運営|イノベーション・科学技術・スタートアップ|人材・教育,主張・提言
keidanren_2019_059.pdf,keidanren_2019_059,keidanren,経済団体,地域経済活性化に資する地方分権改革のあり方,2019-07-16,20190716,提言,国土政策,公開,https://www.keidanren.or.jp/policy/2019/059_gaiyo.pdf,2026-07-14,ok,地域経済・観光・地方創生|行政改革・規制改革|国土・住宅・交通・防災,主張・提言
keidanren_2019_058.pdf,keidanren_2019_058,keidanren,経済団体,2019年春季労使交渉・大手企業業種別妥結結果,2019-07-16,20190716,提言,労働,公開,https://www.keidanren.or.jp/policy/2019/058.pdf,2026-07-14,ok,労働・雇用,内部調査・会員アンケート
keidanren_2019_057.txt,keidanren_2019_057,keidanren,経済団体,第５回日中企業家及び元政府高官対話 共同声明,2019-07-11,20190711,提言,地域,公開,https://www.keidanren.or.jp/policy/2019/057.html,2026-07-14,html_text,通商・国際経済・国際協力|産業政策・成長戦略|エネルギー・環境,主張・提言
keidanren_2019_055.txt,keidanren_2019_055,keidanren,経済団体,Ｂ７エクス＝アン＝プロヴァンス・サミット共同声明,2019-07-06,20190706,提言,貿易投資,公開,https://www.keidanren.or.jp/policy/2019/055.html,2026-07-14,html_text,通商・国際経済・国際協力|エネルギー・環境|外交・安全保障・経済安全保障,外部・第三者資料
keidanren_2019_054.txt,keidanren_2019_054,keidanren,経済団体,「情報信託機能の認定スキームの在り方に関する検討会 取りまとめ（案）」への意見,2019-07-04,20190704,意見,産業技術,公開,https://www.keidanren.or.jp/policy/2019/054.html,2026-07-14,html_text,デジタル・情報通信|産業政策・成長戦略,主張・提言
keidanren_2019_050.pdf,keidanren_2019_050,keidanren,経済団体,「産業構造審議会製造産業分科会化学物質政策小委員会制度構築ワーキンググループ、中央環境審議会環境保健部会化学物質対策小委員会（化管法見直し合同会合）取りまとめ（案）」に対する意見,2019-06-13,20190613,意見,環境,公開,https://www.keidanren.or.jp/policy/2019/050.pdf,2026-07-14,ok,エネルギー・環境|産業政策・成長戦略|行政改革・規制改革,主張・提言
keidanren_2019_047.pdf,keidanren_2019_047,keidanren,経済団体,「Society 5.0 for SDGs」の実現に向けた経団連・東京大学・GPIFの共同研究開始について,2019-06-10,20190610,提言,経済基盤,公開,https://www.keidanren.or.jp/policy/2019/047_pressrelease.pdf,2026-07-14,ok,イノベーション・科学技術・スタートアップ|金融・資本市場|企業経営・ガバナンス・サステナビリティ,活動記録
keidanren_2019_046.txt,keidanren_2019_046,keidanren,経済団体,第１０回 日本コロンビア経済合同委員会 共同声明,2019-06-04,20190604,提言,地域,公開,https://www.keidanren.or.jp/policy/2019/046.html,2026-07-14,html_text,通商・国際経済・国際協力,主張・提言
keidanren_2019_045.txt,keidanren_2019_045,keidanren,経済団体,「Society 5.0 for SDGs」で新たな時代を切り拓く,2019-05-30,20190530,提言,総合政策,公開,https://www.keidanren.or.jp/policy/2019/045.html,2026-07-14,html_text,産業政策・成長戦略|イノベーション・科学技術・スタートアップ|デジタル・情報通信,主張・提言
keidanren_2019_044.pdf,keidanren_2019_044,keidanren,経済団体,「個人情報保護法 いわゆる３年ごと見直しに係る検討の中間整理」への意見,2019-05-27,20190527,意見,産業技術,公開,https://www.keidanren.or.jp/policy/2019/044.pdf,2026-07-14,ok,デジタル・情報通信|行政改革・規制改革,主張・提言
keidanren_2019_043.txt,keidanren_2019_043,keidanren,経済団体,「パリ協定に基づく成長戦略としての長期戦略（仮称）（案）」に対するパブリックコメント,2019-05-16,20190516,意見,環境,公開,https://www.keidanren.or.jp/policy/2019/043.html,2026-07-14,html_text,エネルギー・環境|産業政策・成長戦略|税制・財政,主張・提言
keidanren_2019_041.pdf,keidanren_2019_041,keidanren,経済団体,Society 5.0時代におけるユニバーサル社会の実現に向けて,2019-05-14,20190514,提言,産業政策,公開,https://www.keidanren.or.jp/policy/2019/041_honbun.pdf,2026-07-14,ok,多様性・人権・ジェンダー|産業政策・成長戦略|デジタル・情報通信,主張・提言
keidanren_2019_042.pdf,keidanren_2019_042,keidanren,経済団体,投資家との対話促進に向けた米国ミッションの概要,2019-05-14,20190514,提言,経済基盤,公開,https://www.keidanren.or.jp/policy/2019/042.pdf,2026-07-14,needs_ocr,通商・国際経済・国際協力|金融・資本市場,活動記録
keidanren_2019_039.pdf,keidanren_2019_039,keidanren,経済団体,2018年9月度 退職金・年金に関する実態調査結果,2019-04-24,20190424,提言,労働,公開,https://www.keidanren.or.jp/policy/2019/039.pdf,2026-07-14,ok,労働・雇用|社会保障（年金・医療・介護）,内部調査・会員アンケート
keidanren_2019_037.pdf,keidanren_2019_037,keidanren,経済団体,採用と大学教育の未来に関する産学協議会中間とりまとめと共同提言,2019-04-22,20190422,提言,企業社会,公開,https://www.keidanren.or.jp/policy/2019/037_honbun.pdf,2026-07-14,ok,人材・教育|労働・雇用,主張・提言
keidanren_2019_033.pdf,keidanren_2019_033,keidanren,経済団体,2040年を見据えた社会保障の安心確保に向けて,2019-04-16,20190416,提言,経済政策,公開,https://www.keidanren.or.jp/policy/2019/033_honbun.pdf,2026-07-14,ok,社会保障（年金・医療・介護）|デジタル・情報通信|こども・子育て・人口,主張・提言
keidanren_2019_034.pdf,keidanren_2019_034,keidanren,経済団体,Society 5.0の実現に向けた「戦略」と「創発」への転換,2019-04-16,20190416,提言,産業技術,公開,https://www.keidanren.or.jp/policy/2019/034_honbun.pdf,2026-07-14,ok,イノベーション・科学技術・スタートアップ|産業政策・成長戦略|デジタル・情報通信,主張・提言
keidanren_2019_035.txt,keidanren_2019_035,keidanren,経済団体,新たな防衛計画の大綱と中期防衛力整備計画の着実な実現に向けて,2019-04-16,20190416,提言,産業技術,公開,https://www.keidanren.or.jp/policy/2019/035.html,2026-07-14,html_text,外交・安全保障・経済安全保障|産業政策・成長戦略|通商・国際経済・国際協力,主張・提言
keidanren_2019_032.pdf,keidanren_2019_032,keidanren,経済団体,循環型社会形成自主行動計画,2019-04-16,20190416,提言,環境,公開,https://www.keidanren.or.jp/policy/2019/032_gaiyo.pdf,2026-07-14,ok,エネルギー・環境|産業政策・成長戦略,主張・提言
keidanren_2019_031.pdf,keidanren_2019_031,keidanren,経済団体,日本を支える電力システムを再構築する,2019-04-16,20190416,提言,環境,公開,https://www.keidanren.or.jp/policy/2019/031_honbun.pdf,2026-07-14,ok,エネルギー・環境|産業政策・成長戦略,主張・提言
keidanren_2019_028.txt,keidanren_2019_028,keidanren,経済団体,日米EU三極貿易大臣会合によるイニシアチブを支持する,2019-04-03,20190403,提言,貿易投資,公開,https://www.keidanren.or.jp/policy/2019/028.html,2026-07-14,html_text,通商・国際経済・国際協力,主張・提言
keidanren_2019_030.pdf,keidanren_2019_030,keidanren,経済団体,2018年 夏季・冬季 賞与・一時金調査結果,2019-03-29,20190329,提言,労働,公開,https://www.keidanren.or.jp/policy/2019/030.pdf,2026-07-14,ok,労働・雇用,内部調査・会員アンケート
keidanren_2019_027.pdf,keidanren_2019_027,keidanren,経済団体,個人情報保護法の３年ごと見直しに向けて,2019-03-27,20190327,提言,産業技術,公開,https://www.keidanren.or.jp/policy/2019/027.pdf,2026-07-14,ok,デジタル・情報通信|通商・国際経済・国際協力|行政改革・規制改革,主張・提言
keidanren_2019_029.pdf,keidanren_2019_029,keidanren,経済団体,2018年度 低炭素社会実行計画 第三者評価委員会 評価報告書,2019-03-26,20190326,報告書,環境,公開,https://www.keidanren.or.jp/policy/2019/029.pdf,2026-07-14,ok,エネルギー・環境|産業政策・成長戦略,外部・第三者資料
keidanren_2019_025.pdf,keidanren_2019_025,keidanren,経済団体,規制改革の推進体制の在り方に関する提言,2019-03-19,20190319,提言,産業政策,公開,https://www.keidanren.or.jp/policy/2019/025_honbun.pdf,2026-07-14,ok,行政改革・規制改革,主張・提言
keidanren_2019_026.pdf,keidanren_2019_026,keidanren,経済団体,2018年度経団連規制改革要望,2019-03-19,20190319,要望,産業政策,公開,https://www.keidanren.or.jp/policy/2019/026_01.pdf,2026-07-14,ok,行政改革・規制改革|企業経営・ガバナンス・サステナビリティ,主張・提言
keidanren_2019_024.pdf,keidanren_2019_024,keidanren,経済団体,戦略的なインフラシステムの海外展開に向けて,2019-03-19,20190319,提言,国際協力,公開,https://www.keidanren.or.jp/policy/2019/024_honbun.pdf,2026-07-14,ok,通商・国際経済・国際協力|産業政策・成長戦略|外交・安全保障・経済安全保障,主張・提言
keidanren_2019_022.pdf,keidanren_2019_022,keidanren,経済団体,パリ協定に基づくわが国の長期成長戦略に関する提言,2019-03-19,20190319,提言,環境,公開,https://www.keidanren.or.jp/policy/2019/022_honbun.pdf,2026-07-14,ok,エネルギー・環境|産業政策・成長戦略,主張・提言
keidanren_2019_020.pdf,keidanren_2019_020,keidanren,経済団体,B20東京サミット共同提言,2019-03-15,20190315,提言,貿易投資,公開,https://www.keidanren.or.jp/policy/2019/020_honbun.pdf,2026-07-14,ok,通商・国際経済・国際協力|イノベーション・科学技術・スタートアップ|産業政策・成長戦略,主張・提言
keidanren_2019_019.pdf,keidanren_2019_019,keidanren,経済団体,「プラットフォームサービスに関する研究会中間報告書（案）」への意見,2019-03-08,20190308,意見,産業技術,公開,https://www.keidanren.or.jp/policy/2019/019.pdf,2026-07-14,ok,デジタル・情報通信|行政改革・規制改革,主張・提言
keidanren_2019_017.txt,keidanren_2019_017,keidanren,経済団体,経済の電子化に係る課税上の課題への対応 公開諮問文書に対する意見,2019-03-06,20190306,意見,経済基盤,公開,https://www.keidanren.or.jp/policy/2019/017.html,2026-07-14,html_text,税制・財政|通商・国際経済・国際協力,主張・提言
keidanren_2019_015.txt,keidanren_2019_015,keidanren,経済団体,国際リニアコライダー誘致に関する意思表明への期待,2019-02-20,20190220,提言,産業技術,公開,https://www.keidanren.or.jp/policy/2019/015.html,2026-07-14,html_text,イノベーション・科学技術・スタートアップ,主張・提言
keidanren_2019_012.pdf,keidanren_2019_012,keidanren,経済団体,Society 5.0実現に向けたベンチャー・エコシステムの進化,2019-02-19,20190219,提言,産業技術,公開,https://www.keidanren.or.jp/policy/2019/012_honbun.pdf,2026-07-14,ok,イノベーション・科学技術・スタートアップ|産業政策・成長戦略,主張・提言
keidanren_2019_013.pdf,keidanren_2019_013,keidanren,経済団体,AI活用戦略,2019-02-19,20190219,提言,産業技術,公開,https://www.keidanren.or.jp/policy/2019/013_honbun.pdf,2026-07-14,ok,イノベーション・科学技術・スタートアップ|デジタル・情報通信|産業政策・成長戦略,主張・提言
keidanren_2019_014.pdf,keidanren_2019_014,keidanren,経済団体,生物多様性に関するアンケート＜2018年度調査結果＞,2019-02-19,20190219,資料,環境,公開,https://www.keidanren.or.jp/policy/2019/014_kekka.pdf,2026-07-14,ok,エネルギー・環境|企業経営・ガバナンス・サステナビリティ,内部調査・会員アンケート
keidanren_2019_010.txt,keidanren_2019_010,keidanren,経済団体,「実効的な権利保護に向けた知財紛争処理システムの在り方」（案）への意見,2019-02-08,20190208,意見,産業技術,公開,https://www.keidanren.or.jp/policy/2019/010.html,2026-07-14,html_text,イノベーション・科学技術・スタートアップ|産業政策・成長戦略|行政改革・規制改革,主張・提言
keidanren_2019_009.txt,keidanren_2019_009,keidanren,経済団体,「『海岸漂着物対策を総合的かつ効果的に推進するための基本的な方針』の改定」に関する意見,2019-01-30,20190130,意見,環境,公開,https://www.keidanren.or.jp/policy/2019/009.html,2026-07-14,html_text,エネルギー・環境,主張・提言
keidanren_2019_003.txt,keidanren_2019_003,keidanren,経済団体,2019年版 経営労働政策特別委員会報告,2019-01-22,20190122,提言,労働,公開,https://www.keidanren.or.jp/policy/2019/003.html,2026-07-14,html_text,労働・雇用|人材・教育|企業経営・ガバナンス・サステナビリティ,主張・提言
keidanren_2019_004.pdf,keidanren_2019_004,keidanren,経済団体,新たな時代の通商政策の実現を求める,2019-01-22,20190122,提言,貿易投資,公開,https://www.keidanren.or.jp/policy/2019/004_honbun.pdf,2026-07-14,ok,通商・国際経済・国際協力,主張・提言
keidanren_2019_005.pdf,keidanren_2019_005,keidanren,経済団体,2018年人事・労務に関するトップ・マネジメント調査結果,2019-01-22,20190122,提言,労働,公開,https://www.keidanren.or.jp/policy/2019/005.pdf,2026-07-14,ok,労働・雇用|人材・教育,内部調査・会員アンケート
keidanren_2019_006.pdf,keidanren_2019_006,keidanren,経済団体,2018年1～6月実施分 昇給・ベースアップ実施状況調査結果,2019-01-22,20190122,資料,労働,公開,https://www.keidanren.or.jp/policy/2019/006.pdf,2026-07-14,ok,労働・雇用,内部調査・会員アンケート
keidanren_2019_007.pdf,keidanren_2019_007,keidanren,経済団体,2018年6月度 定期賃金調査結果,2019-01-22,20190122,提言,労働,公開,https://www.keidanren.or.jp/policy/2019/007.pdf,2026-07-14,ok,労働・雇用,内部調査・会員アンケート
keidanren_2019_002.txt,keidanren_2019_002,keidanren,経済団体,「電子商取引について高いレベルの規律形成に向けた更なる努力を求める」,2019-01-18,20190118,提言,貿易投資,公開,https://www.keidanren.or.jp/policy/2019/002.html,2026-07-14,html_text,通商・国際経済・国際協力|デジタル・情報通信,外部・第三者資料
keidanren_2019_001.pdf,keidanren_2019_001,keidanren,経済団体,2050年を展望した経済界の長期温暖化対策の取組み,2019-01-15,20190115,提言,環境,公開,https://www.ajinomoto.com/jp/activity/csr/pdf/2018/SDB2018_all.pdf,2026-07-14,error,エネルギー・環境|産業政策・成長戦略,主張・提言
keidanren_2018_118.txt,keidanren_2018_118,keidanren,経済団体,「プラスチック資源循環戦略（案）」に関する意見,2018-12-27,20181227,意見,環境,公開,https://www.keidanren.or.jp/policy/2018/118.html,2026-07-14,html_text,エネルギー・環境|産業政策・成長戦略,主張・提言
keidanren_2018_116.pdf,keidanren_2018_116,keidanren,経済団体,2018年年末賞与・一時金 大手企業業種別妥結結果,2018-12-21,20181221,提言,労働,公開,https://www.keidanren.or.jp/policy/2018/116.pdf,2026-07-14,ok,労働・雇用,内部調査・会員アンケート
keidanren_2018_115.pdf,keidanren_2018_115,keidanren,経済団体,第62回 福利厚生費調査結果報告,2018-12-19,20181219,提言,労働,公開,https://www.keidanren.or.jp/policy/2018/115_honbun.pdf,2026-07-14,ok,労働・雇用,内部調査・会員アンケート
keidanren_2018_113.pdf,keidanren_2018_113,keidanren,経済団体,今後の採用と大学教育に関する提案,2018-12-04,20181204,提言,企業社会,公開,https://www.keidanren.or.jp/policy/2018/113_gaiyo.pdf,2026-07-14,ok,人材・教育|労働・雇用,主張・提言
keidanren_2018_112.txt,keidanren_2018_112,keidanren,経済団体,東京都「都民の健康と安全を確保する環境に関する条例に基づく気候変動対策に係る主な制度の2020年からの取組」に対する意見（パブリックコメント）,2018-12-03,20181203,意見,環境,公開,https://www.keidanren.or.jp/policy/2018/112.html,2026-07-14,html_text,エネルギー・環境|企業経営・ガバナンス・サステナビリティ,主張・提言
keidanren_2018_111.txt,keidanren_2018_111,keidanren,経済団体,ＵＮＤＰと経団連（企業行動・CSR委員会）のＳＤＧｓ推進に関する覚書の締結について,2018-11-26,20181126,提言,企業社会,公開,https://www.keidanren.or.jp/policy/2018/111.html,2026-07-14,html_text,企業経営・ガバナンス・サステナビリティ|通商・国際経済・国際協力,活動記録
keidanren_2018_110.pdf,keidanren_2018_110,keidanren,経済団体,2018年度 新卒採用に関するアンケート調査結果,2018-11-22,20181122,資料,労働,公開,https://www.keidanren.or.jp/policy/2018/110.pdf,2026-07-14,ok,人材・教育|労働・雇用,内部調査・会員アンケート
keidanren_2018_108.txt,keidanren_2018_108,keidanren,経済団体,電気事業者による再生可能エネルギー電気の調達に関する特別措置法施行規則の一部を改正する省令案等への意見,2018-11-21,20181121,意見,環境,公開,https://www.keidanren.or.jp/policy/2018/108.html,2026-07-14,html_text,エネルギー・環境,主張・提言
keidanren_2018_107.txt,keidanren_2018_107,keidanren,経済団体,第15回日本ロシア経済合同会議 メモランダム,2018-11-19,20181119,提言,地域,公開,https://www.keidanren.or.jp/policy/2018/107.html,2026-07-14,html_text,通商・国際経済・国際協力|産業政策・成長戦略,活動記録
keidanren_2018_106.pdf,keidanren_2018_106,keidanren,経済団体,「知財紛争処理システムの見直しの検討課題に対する提案」への意見,2018-11-16,20181116,意見,産業技術,公開,https://www.keidanren.or.jp/policy/2018/106.pdf,2026-07-14,ok,イノベーション・科学技術・スタートアップ|産業政策・成長戦略|行政改革・規制改革,主張・提言
keidanren_2018_095.pdf,keidanren_2018_095,keidanren,経済団体,Society 5.0,2018-11-13,20181113,提言,産業技術,公開,https://www.keidanren.or.jp/policy/2018/095_honbun.pdf,2026-07-14,ok,イノベーション・科学技術・スタートアップ|産業政策・成長戦略|デジタル・情報通信,主張・提言
keidanren_2018_100.pdf,keidanren_2018_100,keidanren,経済団体,パリ協定下での実効性と公平性ある地球温暖化対策の実現に向けて,2018-11-13,20181113,提言,環境,公開,https://www.keidanren.or.jp/policy/2018/100_honbun.pdf,2026-07-14,ok,エネルギー・環境|通商・国際経済・国際協力,主張・提言
keidanren_2018_098.pdf,keidanren_2018_098,keidanren,経済団体,「プラスチック資源循環戦略」策定に関する意見,2018-11-13,20181113,意見,環境,公開,https://www.keidanren.or.jp/policy/2018/098_honbun.pdf,2026-07-14,ok,エネルギー・環境|産業政策・成長戦略,主張・提言
keidanren_2018_102.pdf,keidanren_2018_102,keidanren,経済団体,グローバル・バリューチェーンを通じた削減貢献,2018-11-13,20181113,提言,環境,公開,https://www.keidanren.or.jp/policy/vape/gvc2018.pdf,2026-07-14,ok,エネルギー・環境|産業政策・成長戦略,主張・提言
keidanren_2018_097.pdf,keidanren_2018_097,keidanren,経済団体,2017年度 社会貢献活動実績調査結果,2018-11-13,20181113,提言,企業社会,公開,https://www.keidanren.or.jp/policy/2018/097_honbun.pdf,2026-07-14,ok,企業経営・ガバナンス・サステナビリティ,内部調査・会員アンケート
keidanren_2018_103.pdf,keidanren_2018_103,keidanren,経済団体,2017年度福利厚生費調査結果の概要,2018-11-13,20181113,提言,労働,公開,https://www.keidanren.or.jp/policy/2018/103.pdf,2026-07-14,ok,労働・雇用|社会保障（年金・医療・介護）,内部調査・会員アンケート
keidanren_2018_104.pdf,keidanren_2018_104,keidanren,経済団体,働き方改革事例集,2018-11-13,20181113,提言,労働,公開,https://www.keidanren.or.jp/policy/2018/104.pdf,2026-07-14,needs_ocr,労働・雇用,主張・提言
keidanren_2018_093.pdf,keidanren_2018_093,keidanren,経済団体,第11回日印ビジネス・リーダーズ・フォーラム共同報告書,2018-10-29,20181029,報告書,地域,公開,https://www.keidanren.or.jp/policy/2018/093_beppyo.pdf,2026-07-14,ok,通商・国際経済・国際協力|税制・財政,活動記録
keidanren_2018_092.pdf,keidanren_2018_092,keidanren,経済団体,2018年3月卒「新規学卒者決定初任給調査結果」,2018-10-25,20181025,提言,労働,公開,https://www.keidanren.or.jp/policy/2018/092.pdf,2026-07-14,ok,労働・雇用|人材・教育,内部調査・会員アンケート
keidanren_2018_091.txt,keidanren_2018_091,keidanren,経済団体,WTO改革に関する共同声明,2018-10-24,20181024,提言,貿易投資,公開,https://www.keidanren.or.jp/policy/2018/091.html,2026-07-14,html_text,通商・国際経済・国際協力,主張・提言
keidanren_2018_089.txt,keidanren_2018_089,keidanren,経済団体,日本メルコスールＥＰＡ交渉の早期開始を求める,2018-10-18,20181018,提言,地域,公開,https://www.keidanren.or.jp/policy/2018/089.html,2026-07-14,html_text,通商・国際経済・国際協力,主張・提言
keidanren_2018_087.pdf,keidanren_2018_087,keidanren,経済団体,政治との連携強化に関する見解,2018-10-16,20181016,提言,総合政策,公開,https://www.keidanren.or.jp/policy/2018/087.pdf,2026-07-14,ok,政治・統治機構・憲法|マクロ経済・経済財政運営,主張・提言
keidanren_2018_088.pdf,keidanren_2018_088,keidanren,経済団体,主要政党の政策評価 2018,2018-10-16,20181016,提言,総合政策,公開,https://www.keidanren.or.jp/policy/2018/088.pdf,2026-07-14,ok,政治・統治機構・憲法|労働・雇用|エネルギー・環境,外部・第三者資料
keidanren_2018_086.txt,keidanren_2018_086,keidanren,経済団体,外国人材の受入れに向けた基本的な考え方,2018-10-16,20181016,提言,経済政策,公開,https://www.keidanren.or.jp/policy/2018/086.html,2026-07-14,html_text,労働・雇用|人材・教育|社会保障（年金・医療・介護）,主張・提言
keidanren_2018_085.pdf,keidanren_2018_085,keidanren,経済団体,Society 5.0時代の物流,2018-10-16,20181016,提言,産業政策,公開,https://www.keidanren.or.jp/policy/2018/085_honbun.pdf,2026-07-14,ok,国土・住宅・交通・防災|デジタル・情報通信|産業政策・成長戦略,主張・提言
keidanren_2018_084.pdf,keidanren_2018_084,keidanren,経済団体,経団連生物多様性宣言・行動指針,2018-10-16,20181016,提言,環境,公開,https://www.keidanren.or.jp/policy/2018/084_taisho.pdf,2026-07-14,ok,エネルギー・環境|企業経営・ガバナンス・サステナビリティ,主張・提言
keidanren_2018_083.txt,keidanren_2018_083,keidanren,経済団体,データ活用促進のための日独政府間協力を求める,2018-10-15,20181015,提言,産業技術,公開,https://www.keidanren.or.jp/policy/2018/083.html,2026-07-14,html_text,デジタル・情報通信|通商・国際経済・国際協力|産業政策・成長戦略,主張・提言
keidanren_2018_082.txt,keidanren_2018_082,keidanren,経済団体,第４回日中企業家及び元政府高官対話 共同声明,2018-10-12,20181012,提言,地域,公開,https://www.keidanren.or.jp/policy/2018/082.html,2026-07-14,html_text,通商・国際経済・国際協力,活動記録
keidanren_2018_081.pdf,keidanren_2018_081,keidanren,経済団体,再生可能エネルギーの主力電源化に向けた取り組みの加速を求める,2018-10-12,20181012,提言,環境,公開,https://www.keidanren.or.jp/policy/2018/081_honbun.pdf,2026-07-14,ok,エネルギー・環境|産業政策・成長戦略,主張・提言
keidanren_2018_079.txt,keidanren_2018_079,keidanren,経済団体,新内閣に望む,2018-10-03,20181003,提言,総合政策,公開,https://www.keidanren.or.jp/policy/2018/079.html,2026-07-14,html_text,マクロ経済・経済財政運営|産業政策・成長戦略|税制・財政,主張・提言
keidanren_2018_077.txt,keidanren_2018_077,keidanren,経済団体,第24回日本トルコ合同経済委員会共同声明,2018-09-19,20180919,提言,地域,公開,https://www.keidanren.or.jp/policy/2018/077.html,2026-07-14,html_text,通商・国際経済・国際協力,活動記録
keidanren_2018_074.pdf,keidanren_2018_074,keidanren,経済団体,農業 先端・成長産業化の未来,2018-09-18,20180918,提言,産業政策,公開,https://www.keidanren.or.jp/policy/2018/074_honbun.pdf,2026-07-14,ok,農林水産・食料|イノベーション・科学技術・スタートアップ|産業政策・成長戦略,主張・提言
keidanren_2018_073.pdf,keidanren_2018_073,keidanren,経済団体,平成31年度税制改正に関する提言,2018-09-18,20180918,提言,経済基盤,公開,https://www.keidanren.or.jp/policy/2018/073_honbun.pdf,2026-07-14,ok,税制・財政|マクロ経済・経済財政運営|企業経営・ガバナンス・サステナビリティ,主張・提言
keidanren_2018_075.txt,keidanren_2018_075,keidanren,経済団体,第７回アフリカ開発会議（ＴＩＣＡＤ７）に向けて,2018-09-18,20180918,提言,地域,公開,https://www.keidanren.or.jp/policy/2018/075.html,2026-07-14,html_text,通商・国際経済・国際協力|産業政策・成長戦略|外交・安全保障・経済安全保障,主張・提言
keidanren_2018_076.txt,keidanren_2018_076,keidanren,経済団体,日韓社会保障協定に関する要望,2018-09-18,20180918,要望,貿易投資,公開,https://www.keidanren.or.jp/policy/2018/076.html,2026-07-14,html_text,社会保障（年金・医療・介護）|通商・国際経済・国際協力,主張・提言
keidanren_2018_070.pdf,keidanren_2018_070,keidanren,経済団体,ロシアのビジネス環境等に関するアンケート（2018年度）結果,2018-09-11,20180911,資料,地域,公開,https://www.keidanren.or.jp/policy/2018/070.pdf,2026-07-14,ok,通商・国際経済・国際協力,内部調査・会員アンケート
keidanren_2018_071.txt,keidanren_2018_071,keidanren,経済団体,「原子力損害賠償制度の見直しについて」の取りまとめに向けた意見,2018-09-10,20180910,意見,環境,公開,https://www.keidanren.or.jp/policy/2018/071.html,2026-07-14,html_text,エネルギー・環境|行政改革・規制改革,主張・提言
keidanren_2018_069.pdf,keidanren_2018_069,keidanren,経済団体,公益通報者保護法の改正議論に関する意見,2018-09-05,20180905,意見,経済基盤,公開,https://www.keidanren.or.jp/policy/2018/069.pdf,2026-07-14,ok,企業経営・ガバナンス・サステナビリティ|行政改革・規制改革,主張・提言
keidanren_2018_067.pdf,keidanren_2018_067,keidanren,経済団体,2018年春季労使交渉・中小企業業種別妥結結果,2018-08-07,20180807,提言,労働,公開,https://www.keidanren.or.jp/policy/2018/067.pdf,2026-07-14,ok,労働・雇用,内部調査・会員アンケート
keidanren_2018_066.txt,keidanren_2018_066,keidanren,経済団体,「確約手続に関する対応方針(案)」に対する意見,2018-08-06,20180806,意見,経済基盤,公開,https://www.keidanren.or.jp/policy/2018/066.html,2026-07-14,html_text,企業経営・ガバナンス・サステナビリティ|行政改革・規制改革,主張・提言
keidanren_2018_065.pdf,keidanren_2018_065,keidanren,経済団体,2018年夏季賞与・一時金 大手企業業種別妥結結果,2018-08-01,20180801,提言,労働,公開,https://www.keidanren.or.jp/policy/2018/065.pdf,2026-07-14,ok,労働・雇用,内部調査・会員アンケート
keidanren_2018_064.pdf,keidanren_2018_064,keidanren,経済団体,東北経済連合会・日本経済団体連合会 共同声明,2018-07-31,20180731,提言,国土政策,公開,https://www.keidanren.or.jp/policy/2018/064.pdf,2026-07-14,ok,地域経済・観光・地方創生|イノベーション・科学技術・スタートアップ|国土・住宅・交通・防災,主張・提言
keidanren_2018_063.pdf,keidanren_2018_063,keidanren,経済団体,日米IED民間作業部会共同声明2018,2018-07-23,20180723,提言,産業技術,公開,http://www2.itif.org/2017-block-global-data-flow-one-pager.pdf,2026-07-14,ok,デジタル・情報通信|通商・国際経済・国際協力,主張・提言
keidanren_2018_062.pdf,keidanren_2018_062,keidanren,経済団体,日本メルコスール経済連携協定へ向けたロードマップ,2018-07-23,20180723,提言,地域,公開,http://jp.camaradojapao.org.br/upload/files/Summary%20of%20survey%20result%20for%20HP%281%29.pdf,2026-07-14,ok,通商・国際経済・国際協力,内部調査・会員アンケート
keidanren_2018_061.pdf,keidanren_2018_061,keidanren,経済団体,夏季フォーラム 2018 経団連行動宣言,2018-07-20,20180720,提言,総合政策,公開,https://www.keidanren.or.jp/policy/2018/061.pdf,2026-07-14,ok,産業政策・成長戦略|労働・雇用|地域経済・観光・地方創生,主張・提言
keidanren_2018_059.pdf,keidanren_2018_059,keidanren,経済団体,企業行動憲章に関するアンケート調査結果,2018-07-17,20180717,資料,企業社会,公開,https://www.keidanren.or.jp/policy/2018/059_shuyo.pdf,2026-07-14,ok,企業経営・ガバナンス・サステナビリティ|多様性・人権・ジェンダー,内部調査・会員アンケート
keidanren_2018_058.pdf,keidanren_2018_058,keidanren,経済団体,2017年度経団連規制改革要望の評価,2018-07-17,20180717,要望,産業政策,公開,https://www.keidanren.or.jp/policy/2018/058.pdf,2026-07-14,ok,行政改革・規制改革,内部調査・会員アンケート
keidanren_2018_060.pdf,keidanren_2018_060,keidanren,経済団体,2018年労働時間等実態調査 集計結果,2018-07-17,20180717,資料,労働,公開,https://www.keidanren.or.jp/policy/2018/060.pdf,2026-07-14,ok,労働・雇用,内部調査・会員アンケート
keidanren_2018_056.txt,keidanren_2018_056,keidanren,経済団体,第９回アジア・ビジネス・サミット共同声明,2018-07-13,20180713,提言,地域,公開,https://www.keidanren.or.jp/policy/2018/056.html,2026-07-14,html_text,通商・国際経済・国際協力|産業政策・成長戦略,主張・提言
keidanren_2018_055.pdf,keidanren_2018_055,keidanren,経済団体,2018年春季労使交渉・大手企業業種別妥結結果,2018-07-10,20180710,提言,労働,公開,https://www.keidanren.or.jp/policy/2018/055.pdf,2026-07-14,ok,労働・雇用,内部調査・会員アンケート
keidanren_2018_054.pdf,keidanren_2018_054,keidanren,経済団体,Comments for the Section 232 Investigation of Imports of Automobiles and Automotive Parts,2018-06-29,20180629,提言,地域,公開,https://www.keidanren.or.jp/en/policy/2018/054.pdf,2026-07-14,ok,通商・国際経済・国際協力|産業政策・成長戦略,主張・提言
keidanren_2018_051.pdf,keidanren_2018_051,keidanren,経済団体,今後のわが国の大学改革のあり方に関する提言,2018-06-19,20180619,提言,企業社会,公開,https://www.keidanren.or.jp/policy/2018/051_honbun.pdf,2026-07-14,ok,人材・教育|イノベーション・科学技術・スタートアップ,主張・提言
keidanren_2018_052.txt,keidanren_2018_052,keidanren,経済団体,新たな防衛計画の大綱・次期中期防衛力整備計画に向けて,2018-06-19,20180619,提言,産業技術,公開,https://www.keidanren.or.jp/policy/2018/052.html,2026-07-14,html_text,外交・安全保障・経済安全保障|産業政策・成長戦略,主張・提言
keidanren_2018_050.pdf,keidanren_2018_050,keidanren,経済団体,ベトナムとの社会保障協定の早期締結を求める,2018-06-19,20180619,提言,貿易投資,公開,https://www.keidanren.or.jp/policy/2018/050_betten.pdf,2026-07-14,needs_ocr,社会保障（年金・医療・介護）|通商・国際経済・国際協力|労働・雇用,主張・提言
keidanren_2018_049.txt,keidanren_2018_049,keidanren,経済団体,デジタル・ガバメントの実現に向けた緊急提言,2018-06-15,20180615,提言,産業政策,公開,https://www.keidanren.or.jp/policy/2018/049.html,2026-07-14,html_text,デジタル・情報通信|行政改革・規制改革,主張・提言
keidanren_2018_047.pdf,keidanren_2018_047,keidanren,経済団体,第５次エネルギー基本計画（案）への意見,2018-06-13,20180613,意見,環境,公開,https://www.keidanren.or.jp/policy/2018/047.pdf,2026-07-14,ok,エネルギー・環境|産業政策・成長戦略,主張・提言
keidanren_2018_044.txt,keidanren_2018_044,keidanren,経済団体,ＧＤＰ600兆円経済に向けて－Society 5.0を推進する－,2018-05-31,20180531,提言,総合政策,公開,https://www.keidanren.or.jp/policy/2018/044.html,2026-07-14,html_text,産業政策・成長戦略|イノベーション・科学技術・スタートアップ|マクロ経済・経済財政運営,主張・提言
keidanren_2018_043.txt,keidanren_2018_043,keidanren,経済団体,「第四次循環型社会形成推進基本計画（案）」に関する意見,2018-05-25,20180525,意見,環境,公開,https://www.keidanren.or.jp/policy/2018/043.html,2026-07-14,html_text,エネルギー・環境,主張・提言
keidanren_2018_041.pdf,keidanren_2018_041,keidanren,経済団体,デジタルエコノミー推進に向けた統合的な国際戦略の確立を,2018-05-15,20180515,提言,産業技術,公開,https://www.keidanren.or.jp/policy/2018/041_honbun.pdf,2026-07-14,ok,デジタル・情報通信|通商・国際経済・国際協力|産業政策・成長戦略,主張・提言
keidanren_2018_042.pdf,keidanren_2018_042,keidanren,経済団体,「Society 5.0実現ビジネス３原則」による新たな価値の創造,2018-05-15,20180515,提言,産業技術,公開,https://www.keidanren.or.jp/policy/2018/042_honbun.pdf,2026-07-14,ok,イノベーション・科学技術・スタートアップ|産業政策・成長戦略|通商・国際経済・国際協力,主張・提言
keidanren_2018_040.pdf,keidanren_2018_040,keidanren,経済団体,持続可能な全世代型社会保障制度の確立に向けて,2018-05-15,20180515,提言,経済政策,公開,https://www.keidanren.or.jp/policy/2018/040_honbun.pdf,2026-07-14,ok,社会保障（年金・医療・介護）|税制・財政|こども・子育て・人口,主張・提言
keidanren_2018_038.txt,keidanren_2018_038,keidanren,経済団体,第６回 日中韓ビジネス・サミット 共同声明,2018-05-09,20180509,提言,地域,公開,https://www.keidanren.or.jp/policy/2018/038.html,2026-07-14,html_text,通商・国際経済・国際協力|イノベーション・科学技術・スタートアップ|産業政策・成長戦略,主張・提言
keidanren_2018_035.txt,keidanren_2018_035,keidanren,経済団体,グローバル・サービス・コアリションによる欧州委員会のデータフロー提案に関するＥＵ加盟国への要望,2018-04-17,20180417,要望,貿易投資,公開,https://www.keidanren.or.jp/policy/2018/035.html,2026-07-14,html_text,通商・国際経済・国際協力|デジタル・情報通信,主張・提言
keidanren_2018_032.pdf,keidanren_2018_032,keidanren,経済団体,わが国財政の健全化に向けた基本的考え方,2018-04-17,20180417,提言,経済政策,公開,https://www.keidanren.or.jp/policy/2018/032_honbun.pdf,2026-07-14,ok,税制・財政|社会保障（年金・医療・介護）|マクロ経済・経済財政運営,主張・提言
keidanren_2018_030.pdf,keidanren_2018_030,keidanren,経済団体,デジタル化とグローバル化に対応した会社法を目指して,2018-04-17,20180417,提言,経済基盤,公開,https://www.keidanren.or.jp/policy/2018/030.pdf,2026-07-14,ok,企業経営・ガバナンス・サステナビリティ|行政改革・規制改革,主張・提言
keidanren_2018_031.pdf,keidanren_2018_031,keidanren,経済団体,コーポレートガバナンス・コード改訂案及び投資家と企業の対話ガイドライン案への意見,2018-04-17,20180417,意見,経済基盤,公開,https://www.keidanren.or.jp/policy/2018/031.pdf,2026-07-14,ok,企業経営・ガバナンス・サステナビリティ|金融・資本市場,主張・提言
keidanren_2018_033.pdf,keidanren_2018_033,keidanren,経済団体,新たな高付加価値産業の創出に向けた環境整備,2018-04-17,20180417,提言,産業政策,公開,https://www.keidanren.or.jp/policy/2018/033_honbun.pdf,2026-07-14,ok,産業政策・成長戦略|イノベーション・科学技術・スタートアップ|行政改革・規制改革,主張・提言
keidanren_2018_029.pdf,keidanren_2018_029,keidanren,経済団体,高等教育に関するアンケート結果,2018-04-17,20180417,資料,企業社会,公開,https://www.keidanren.or.jp/policy/2018/029_honbun.pdf,2026-07-14,ok,人材・教育,内部調査・会員アンケート
keidanren_2018_034.pdf,keidanren_2018_034,keidanren,経済団体,仕事と介護の両立支援の一層の充実に向けて,2018-04-17,20180417,提言,労働,公開,https://www.keidanren.or.jp/policy/2018/034_honbun.pdf,2026-07-14,ok,労働・雇用|社会保障（年金・医療・介護）|人材・教育,主張・提言
keidanren_2018_028.txt,keidanren_2018_028,keidanren,経済団体,電気料金抑制を実現するエネルギー・温暖化政策を求める,2018-04-16,20180416,提言,環境,公開,https://www.keidanren.or.jp/policy/2018/028.html,2026-07-14,html_text,エネルギー・環境|産業政策・成長戦略,主張・提言
keidanren_2018_025.pdf,keidanren_2018_025,keidanren,経済団体,2017年 夏季・冬季 賞与・一時金調査結果,2018-04-09,20180409,提言,労働,公開,https://www.keidanren.or.jp/policy/2018/025.pdf,2026-07-14,ok,労働・雇用,内部調査・会員アンケート
keidanren_2018_024.txt,keidanren_2018_024,keidanren,経済団体,B7共同宣言（抄訳）,2018-04-07,20180407,提言,貿易投資,公開,https://www.keidanren.or.jp/policy/2018/024.html,2026-07-14,html_text,通商・国際経済・国際協力|マクロ経済・経済財政運営|産業政策・成長戦略,外部・第三者資料
keidanren_2018_020.pdf,keidanren_2018_020,keidanren,経済団体,戦略的なインフラシステムの海外展開に向けて,2018-03-20,20180320,提言,国際協力,公開,https://www.keidanren.or.jp/policy/2018/020_honbun.pdf,2026-07-14,ok,通商・国際経済・国際協力|産業政策・成長戦略|エネルギー・環境,主張・提言
keidanren_2018_021.pdf,keidanren_2018_021,keidanren,経済団体,Society 5.0時代のヘルスケア,2018-03-20,20180320,提言,産業技術,公開,https://www.keidanren.or.jp/policy/2018/021_honbun.pdf,2026-07-14,ok,社会保障（年金・医療・介護）|イノベーション・科学技術・スタートアップ|産業政策・成長戦略,主張・提言
keidanren_2018_022.pdf,keidanren_2018_022,keidanren,経済団体,2017年度経団連規制改革要望,2018-03-20,20180320,要望,産業政策,公開,https://www.keidanren.or.jp/policy/2018/022_01.pdf,2026-07-14,ok,行政改革・規制改革|国土・住宅・交通・防災|産業政策・成長戦略,主張・提言
keidanren_2018_023.pdf,keidanren_2018_023,keidanren,経済団体,2017年度 低炭素社会実行計画 第三者評価委員会 評価報告書,2018-03-19,20180319,報告書,環境,公開,https://www.keidanren.or.jp/policy/2018/023.pdf,2026-07-14,ok,エネルギー・環境|産業政策・成長戦略,外部・第三者資料
keidanren_2018_018.pdf,keidanren_2018_018,keidanren,経済団体,経団連サイバーセキュリティ経営宣言,2018-03-16,20180316,提言,産業技術,公開,https://www.keidanren.or.jp/policy/2018/018.pdf,2026-07-14,needs_ocr,デジタル・情報通信|企業経営・ガバナンス・サステナビリティ|外交・安全保障・経済安全保障,主張・提言
keidanren_2018_019.pdf,keidanren_2018_019,keidanren,経済団体,英国のEU離脱に関する第二段階の交渉に向けた意見,2018-03-16,20180316,意見,地域,公開,https://www.keidanren.or.jp/policy/2018/019.pdf,2026-07-14,ok,通商・国際経済・国際協力|外交・安全保障・経済安全保障,主張・提言
keidanren_2018_016.txt,keidanren_2018_016,keidanren,経済団体,日本ミャンマー合同経済会議 共同声明,2018-03-13,20180313,提言,地域,公開,https://www.keidanren.or.jp/policy/2018/016.html,2026-07-14,html_text,通商・国際経済・国際協力|国土・住宅・交通・防災|人材・教育,活動記録
keidanren_2018_015.pdf,keidanren_2018_015,keidanren,経済団体,採用選考に関する指針,2018-03-12,20180312,提言,労働,公開,https://www.keidanren.or.jp/policy/2018/015_shishin.pdf,2026-07-14,ok,労働・雇用|人材・教育,主張・提言
keidanren_2018_014.pdf,keidanren_2018_014,keidanren,経済団体,循環型社会形成自主行動計画,2018-03-12,20180312,提言,環境,公開,https://www.keidanren.or.jp/policy/2018/014_gaiyo.pdf,2026-07-14,ok,エネルギー・環境|産業政策・成長戦略,内部調査・会員アンケート
keidanren_2018_013.txt,keidanren_2018_013,keidanren,経済団体,電気事業者による再生可能エネルギー電気の調達に関する特別措置法施行規則の一部を改正する省令案等への意見,2018-03-06,20180306,意見,環境,公開,https://www.keidanren.or.jp/policy/2018/013.html,2026-07-14,html_text,エネルギー・環境,主張・提言
keidanren_2018_012.pdf,keidanren_2018_012,keidanren,経済団体,NAFTA再交渉に関する経団連・米国国際ビジネス評議会共同レター,2018-02-21,20180221,提言,貿易投資,公開,https://www.keidanren.or.jp/policy/2018/012.pdf,2026-07-14,ok,通商・国際経済・国際協力|外交・安全保障・経済安全保障,主張・提言
keidanren_2018_048.pdf,keidanren_2018_048,keidanren,経済団体,長期エネルギー戦略に関する基本的な考え方,2018-02-20,20180220,提言,環境,公開,https://www.keidanren.or.jp/policy/2018/048.pdf,2026-07-14,ok,エネルギー・環境|産業政策・成長戦略,主張・提言
keidanren_2018_010.pdf,keidanren_2018_010,keidanren,経済団体,Society 5.0の実現に向けたイノベーション・エコシステムの構築,2018-02-20,20180220,提言,産業技術,公開,https://www.keidanren.or.jp/policy/2018/010_honbun.pdf,2026-07-14,ok,イノベーション・科学技術・スタートアップ|産業政策・成長戦略|デジタル・情報通信,主張・提言
keidanren_2018_009.pdf,keidanren_2018_009,keidanren,経済団体,国民本位のマイナンバー制度への変革を求める,2018-02-20,20180220,提言,産業政策,公開,https://www.keidanren.or.jp/policy/2018/009_honbun.pdf,2026-07-14,ok,デジタル・情報通信|行政改革・規制改革,主張・提言
keidanren_2018_008.pdf,keidanren_2018_008,keidanren,経済団体,生物多様性に関するアンケート＜2017年度調査結果＞,2018-02-19,20180219,資料,環境,公開,https://www.keidanren.or.jp/policy/2018/008_kekka.pdf,2026-07-14,ok,エネルギー・環境|企業経営・ガバナンス・サステナビリティ,内部調査・会員アンケート
keidanren_2018_011.pdf,keidanren_2018_011,keidanren,経済団体,中国輸出管理法草案に対する米欧日三極産業団体共同意見書,2018-02-14,20180214,意見,貿易投資,公開,https://www.keidanren.or.jp/policy/2018/011.pdf,2026-07-14,ok,通商・国際経済・国際協力|外交・安全保障・経済安全保障,主張・提言
keidanren_2018_006.pdf,keidanren_2018_006,keidanren,経済団体,2017年6月度 定期賃金調査結果,2018-02-09,20180209,提言,労働,公開,https://www.keidanren.or.jp/policy/2018/006.pdf,2026-07-14,ok,労働・雇用,内部調査・会員アンケート
keidanren_2018_002.txt,keidanren_2018_002,keidanren,経済団体,2018年版 経営労働政策特別委員会報告,2018-01-16,20180116,提言,労働,公開,https://www.keidanren.or.jp/policy/2018/002.html,2026-07-14,html_text,労働・雇用|人材・教育|企業経営・ガバナンス・サステナビリティ,主張・提言
keidanren_2018_003.pdf,keidanren_2018_003,keidanren,経済団体,2017年1～6月実施分 昇給・ベースアップ実施状況調査結果,2018-01-16,20180116,資料,労働,公開,https://www.keidanren.or.jp/policy/2018/003.pdf,2026-07-14,ok,労働・雇用,内部調査・会員アンケート
keidanren_2018_004.pdf,keidanren_2018_004,keidanren,経済団体,2017年人事・労務に関するトップ・マネジメント調査結果,2018-01-16,20180116,提言,労働,公開,https://www.keidanren.or.jp/policy/2018/004.pdf,2026-07-14,ok,労働・雇用|人材・教育,内部調査・会員アンケート
keidanren_2018_005.pdf,keidanren_2018_005,keidanren,経済団体,介護離職予防の取組みに関するアンケート調査結果,2018-01-16,20180116,資料,労働,公開,https://www.keidanren.or.jp/policy/2018/005.pdf,2026-07-14,ok,労働・雇用|社会保障（年金・医療・介護）|人材・教育,内部調査・会員アンケート
doyukai_2016_170224a.pdf,doyukai_2016_170224a,doyukai,経済団体,観光立国実現に向けて &mdash;需要喚起から供給構造の再構築へ&mdash;,2017-02-24,20170224,提言,地域経済、観光,公開,https://www.doyukai.or.jp/policyproposals/articles/2016/pdf/170224a.pdf,2026-09-03,ok,地域経済・観光・地方創生|労働・雇用|行政改革・規制改革,主張・提言
doyukai_2016_161110a.pdf,doyukai_2016_161110a,doyukai,経済団体,住民が自らの選択と責任で創り上げる地方自治 &mdash;住民参画と広域連携による担い手の多様化に向けて&mdash;,2016-11-10,20161110,提言,地域経済、地方行財政,公開,https://www.doyukai.or.jp/policyproposals/articles/2016/pdf/161110a.pdf,2026-09-03,ok,政治・統治機構・憲法|地域経済・観光・地方創生|税制・財政,主張・提言
doyukai_2018_190222a.pdf,doyukai_2018_190222a,doyukai,経済団体,地域産業のイノベーション創出に向けて,2019-02-22,20190222,提言,イノベーション／研究開発、地域経済,公開,https://www.doyukai.or.jp/policyproposals/uploads/docs/190222a.pdf,2026-09-03,ok,地域経済・観光・地方創生|産業政策・成長戦略|イノベーション・科学技術・スタートアップ,活動記録
doyukai_2017_180322a.pdf,doyukai_2017_180322a,doyukai,経済団体,地方創生に向けた&ldquo;需要サイドからの&rdquo;林業改革 &#65374;日本の中高層ビルを木造建築に！&#65374;,2018-03-22,20180322,提言,地域経済、製造業／ものづくり、規制・制度改革,公開,https://www.doyukai.or.jp/policyproposals/uploads/docs/180322a_01.pdf,2026-09-03,ok,農林水産・食料|地域経済・観光・地方創生|産業政策・成長戦略,主張・提言
doyukai_2018_190220a.pdf,doyukai_2018_190220a,doyukai,経済団体,国際リニアコライダー誘致に関する意思表明への期待,2019-02-20,20190220,提言,イノベーション／研究開発,公開,https://www.doyukai.or.jp/policyproposals/uploads/docs/190220a.pdf,2026-09-03,ok,イノベーション・科学技術・スタートアップ|外交・安全保障・経済安全保障,主張・提言
doyukai_2017_170705a.pdf,doyukai_2017_170705a,doyukai,経済団体,先進技術による経営革新 &#65374;『コンビナート』 『医療・健康』 『金融』 『物流・生産』各分科会報告&#65374;,2017-07-05,20170705,提言,イノベーション／研究開発、デジタル化／IT,公開,https://www.doyukai.or.jp/policyproposals/uploads/docs/170705a_2.pdf,2026-09-03,ok,イノベーション・科学技術・スタートアップ|産業政策・成長戦略|デジタル・情報通信,主張・提言
doyukai_2018_190322a.pdf,doyukai_2018_190322a,doyukai,経済団体,スポーツとアートの産業化に向けた課題整理,2019-03-22,20190322,提言,スポーツ・文化,公開,https://www.doyukai.or.jp/policyproposals/uploads/docs/190322a.pdf,2026-09-03,ok,産業政策・成長戦略|地域経済・観光・地方創生|人材・教育,主張・提言
doyukai_2018_180516a.pdf,doyukai_2018_180516a,doyukai,経済団体,2017年度 政治・行政改革委員会 活動報告書,2018-05-16,20180516,報告書,政治、行政改革,公開,https://www.doyukai.or.jp/policyproposals/uploads/docs/b95cf96a56b7ac7375aef4419948b4923fd3dd18.pdf,2026-09-03,ok,政治・統治機構・憲法|人材・教育,活動記録
doyukai_2017_170620a.pdf,doyukai_2017_170620a,doyukai,経済団体,若者が政治に参画しやすい社会,2017-06-20,20170620,提言,政治,公開,https://www.doyukai.or.jp/policyproposals/uploads/docs/170620a.pdf,2026-09-03,ok,政治・統治機構・憲法,主張・提言
doyukai_2018_190121_1615.pdf,doyukai_2018_190121_1615,doyukai,経済団体,出入国管理及び難民認定法及び法務省設置法の一部を改正する法律の施行に 伴う関係政令の整備に関する政令案概要等についての意見（パブリックコメント）,2019-01-21,20190121,意見,人材、国際開発・協力、外交・国際問題、規制・制度改革、雇用・労働,公開,https://www.doyukai.or.jp/policyproposals/uploads/docs/6957ef7c25f824dd5c8d61968d911f37c2c83948.pdf,2026-09-03,ok,労働・雇用|外交・安全保障・経済安全保障|行政改革・規制改革,主張・提言
doyukai_2016_170214a.pdf,doyukai_2016_170214a,doyukai,経済団体,時間外労働規制等に関する意見,2017-02-14,20170214,意見,人材、雇用・労働,公開,https://www.doyukai.or.jp/policyproposals/articles/2016/pdf/170214a.pdf,2026-09-03,ok,労働・雇用,主張・提言
doyukai_2016_160801a.pdf,doyukai_2016_160801a,doyukai,経済団体,新産業革命による労働市場のパラダイムシフトへの対応 &#65293;「肉体労働（マッスル）」「知的労働（ブレイン）」から「価値労働（バリュー）」へ&#65293;,2016-08-01,20160801,提言,人材、雇用・労働,公開,https://www.doyukai.or.jp/policyproposals/articles/2016/pdf/160801a_01.pdf,2026-09-03,ok,労働・雇用|人材・教育|イノベーション・科学技術・スタートアップ,主張・提言
doyukai_2016_160727a.pdf,doyukai_2016_160727a,doyukai,経済団体,経営トップによる働き方改革宣言,2016-07-27,20160727,提言,人材、雇用・労働,公開,https://www.doyukai.or.jp/policyproposals/articles/2016/pdf/160727a.pdf,2026-09-03,ok,労働・雇用|企業経営・ガバナンス・サステナビリティ,主張・提言
doyukai_2016_160511a.pdf,doyukai_2016_160511a,doyukai,経済団体,雇用の質を高め、生産性を革新する &#8213;「非正規雇用労働者の正社員転換・待遇改善」に関する考え方&#8213;,2016-05-11,20160511,提言,人材、雇用・労働,公開,https://www.doyukai.or.jp/policyproposals/articles/2016/pdf/160511a.pdf,2026-09-03,ok,労働・雇用|人材・教育|社会保障（年金・医療・介護）,主張・提言
doyukai_2016_170222a.pdf,doyukai_2016_170222a,doyukai,経済団体,「働き方改革」に関する主要論点に係る意見,2017-02-22,20170222,意見,人材、雇用・労働,公開,https://www.doyukai.or.jp/policyproposals/articles/2016/pdf/170222a.pdf,2026-09-03,ok,労働・雇用|人材・教育|産業政策・成長戦略,主張・提言
doyukai_2017_170922a.pdf,doyukai_2017_170922a,doyukai,経済団体,長時間労働につながる商慣行の是正に向けた共同宣言,2017-09-22,20170922,提言,人材、雇用・労働,公開,https://www.doyukai.or.jp/policyproposals/uploads/docs/170922a.pdf,2026-09-03,ok,労働・雇用|企業経営・ガバナンス・サステナビリティ,主張・提言
doyukai_2018_190121_1601.pdf,doyukai_2018_190121_1601,doyukai,経済団体,持続的成長に資する労働市場改革 － ハイブリッド型雇用と外国人材の活躍推進に向けて舵をきる －,2019-01-21,20190121,提言,人材、雇用・労働,公開,https://www.doyukai.or.jp/policyproposals/uploads/docs/b36bfcef5f6c76b2931155d28310f8e50706adb0.pdf,2026-09-03,ok,労働・雇用|多様性・人権・ジェンダー|人材・教育,主張・提言
doyukai_2018_180621a.pdf,doyukai_2018_180621a,doyukai,経済団体,「いて欲しい国、いなくては困る国、日本」を 実現する人材戦略 ―再び輝く日本に向けて、即行動―,2018-06-21,20180621,提言,人材、雇用・労働,公開,https://www.doyukai.or.jp/policyproposals/uploads/docs/746e1f5e769919d8644ab6e24f3d827059c74d5e.pdf,2026-09-03,ok,人材・教育|労働・雇用|イノベーション・科学技術・スタートアップ,主張・提言
doyukai_2017_170629a.pdf,doyukai_2017_170629a,doyukai,経済団体,生産性革新に向けた日本型雇用慣行の改革へのチャレンジ &#65293;未来志向の「足るを知る」サスティナブルな成長社会の実現&#65293;,2017-06-29,20170629,提言,人材、雇用・労働,公開,https://www.doyukai.or.jp/policyproposals/uploads/docs/170629a_1.pdf,2026-09-03,ok,労働・雇用|人材・教育|企業経営・ガバナンス・サステナビリティ,主張・提言
doyukai_2017_170526a.pdf,doyukai_2017_170526a,doyukai,経済団体,シェアリング・エコノミー等が雇用・労働市場に与えるインパクト ―多様なプロフェッショナル人財による「デジタル&#65291;&#945;」の価値創造で世界をリードする―,2017-05-26,20170526,提言,デジタル化／IT、雇用・労働,公開,https://www.doyukai.or.jp/policyproposals/uploads/docs/170526a.pdf,2026-09-03,ok,労働・雇用|デジタル・情報通信|人材・教育,主張・提言
doyukai_2017_170428a.pdf,doyukai_2017_170428a,doyukai,経済団体,「透明かつ公正な労働紛争解決システム等の在り方」に対する意見 ―解雇無効時の金銭救済制度導入と既存制度改善に関する考え方―,2017-04-28,20170428,意見,人材、雇用・労働,公開,https://www.doyukai.or.jp/policyproposals/uploads/docs/170428a.pdf,2026-09-03,ok,労働・雇用|政治・統治機構・憲法,主張・提言
doyukai_2018_180424a.pdf,doyukai_2018_180424a,doyukai,経済団体,ダイバーシティと働き方に関するアンケート調査結果,2018-04-24,20180424,資料,ダイバーシティ、人材、企業経営、調査・アンケート,公開,https://www.doyukai.or.jp/policyproposals/uploads/docs/9799add570c0cdfbb97624fc9c9cb8978f5b23f2.pdf,2026-09-03,ok,多様性・人権・ジェンダー|労働・雇用|人材・教育,内部調査・会員アンケート
doyukai_2016_170207a.pdf,doyukai_2016_170207a,doyukai,経済団体,ダイバーシティと働き方に関するアンケート調査結果,2017-02-07,20170207,資料,ダイバーシティ、人材、企業経営、調査・アンケート,公開,https://www.doyukai.or.jp/policyproposals/articles/2016/pdf/170207a.pdf,2026-09-03,ok,多様性・人権・ジェンダー|労働・雇用|企業経営・ガバナンス・サステナビリティ,内部調査・会員アンケート
doyukai_2016_160706a.pdf,doyukai_2016_160706a,doyukai,経済団体,生産性革新に向けたダイバーシティの進化 &#65293;グローバル、デジタル時代を勝ち抜くためのKPI&#65293;,2016-07-06,20160706,提言,ダイバーシティ、人材、企業経営,公開,https://www.doyukai.or.jp/policyproposals/articles/2016/pdf/160706a_01.pdf,2026-09-03,ok,多様性・人権・ジェンダー|労働・雇用|企業経営・ガバナンス・サステナビリティ,主張・提言
doyukai_2018_190228a.pdf,doyukai_2018_190228a,doyukai,経済団体,パリ協定長期戦略の策定にむけて -2030年目標の確実な達成と2050年の展望-,2019-02-28,20190228,提言,環境／エネルギー,公開,https://www.doyukai.or.jp/policyproposals/uploads/docs/cafd99bc4275ad522fed591a0ee5afa099168342.pdf,2026-09-03,ok,エネルギー・環境|産業政策・成長戦略,主張・提言
doyukai_2018_180613a.txt,doyukai_2018_180613a,doyukai,経済団体,エネルギー基本計画の見直しに関するパブリックコメント,2018-06-13,20180613,意見,環境／エネルギー,公開,https://www.doyukai.or.jp/policyproposals/2018/180613a.html,2026-09-03,html_text,エネルギー・環境,主張・提言
doyukai_2018_180428_1759.pdf,doyukai_2018_180428_1759,doyukai,経済団体,電気料金抑制を実現するエネルギー・温暖化政策を求める（132団体）,2018-04-16,20180416,提言,環境／エネルギー,公開,https://www.doyukai.or.jp/policyproposals/uploads/docs/defafb5b0568528d107bcd1e755dbce6b3b3923a.pdf,2026-09-03,ok,エネルギー・環境|産業政策・成長戦略,主張・提言
doyukai_2017_180118a.pdf,doyukai_2017_180118a,doyukai,経済団体,温室効果ガス排出削減に向けて ―カーボンフットプリントの活用と負担の構造改革―,2018-01-18,20180118,提言,環境／エネルギー,公開,https://www.doyukai.or.jp/policyproposals/uploads/docs/180118a.pdf,2026-09-03,ok,エネルギー・環境|産業政策・成長戦略|税制・財政,主張・提言
doyukai_2016_160628a.pdf,doyukai_2016_160628a,doyukai,経済団体,ゼロ・エミッション社会を目指し、世界をリードするために ―再生可能エネルギーの普及・拡大に向けた方策―,2016-06-28,20160628,提言,環境／エネルギー,公開,https://www.doyukai.or.jp/policyproposals/articles/2016/pdf/160628a.pdf,2026-09-03,ok,エネルギー・環境|マクロ経済・経済財政運営,主張・提言
doyukai_2017_170607a.pdf,doyukai_2017_170607a,doyukai,経済団体,サービス産業生産性革命 &#65374;ピンチ（人手不足）をチャンス（変革）に！&#65374;,2017-06-07,20170607,提言,サービス産業,公開,https://www.doyukai.or.jp/policyproposals/uploads/docs/170607a.pdf,2026-09-03,ok,産業政策・成長戦略|労働・雇用|人材・教育,主張・提言
doyukai_2016_161013a.pdf,doyukai_2016_161013a,doyukai,経済団体,サービス産業の生産性革新 ― 日本の成長戦略の核としてのサービス産業の課題 ―,2016-10-13,20161013,提言,サービス産業,公開,https://www.doyukai.or.jp/policyproposals/articles/2016/pdf/161013a.pdf,2026-09-03,ok,産業政策・成長戦略|中小企業|企業経営・ガバナンス・サステナビリティ,主張・提言
doyukai_2016_160810a.pdf,doyukai_2016_160810a,doyukai,経済団体,震災復興委員会 報告書 首都直下地震対策における企業経営者の役割,2016-08-10,20160810,報告書,防災／震災復興,公開,https://www.doyukai.or.jp/policyproposals/articles/2016/pdf/160810a.pdf,2026-09-03,ok,国土・住宅・交通・防災|企業経営・ガバナンス・サステナビリティ,主張・提言
doyukai_2016_160713a.pdf,doyukai_2016_160713a,doyukai,経済団体,今こそ、産学官連携によるイノベーション創出を,2016-07-13,20160713,提言,イノベーション／研究開発、教育,公開,https://www.doyukai.or.jp/policyproposals/articles/2016/pdf/160713a.pdf,2026-09-03,ok,イノベーション・科学技術・スタートアップ|産業政策・成長戦略|農林水産・食料,主張・提言
doyukai_2016_160928a.pdf,doyukai_2016_160928a,doyukai,経済団体,豊かさの増進に向けた経済統計改革と企業行動 &#65374;新たな指標群「GNIプラス」の提案&#65374;,2016-09-28,20160928,提言,デジタル化／IT、マクロ経済,公開,https://www.doyukai.or.jp/policyproposals/articles/2016/pdf/160928a.pdf,2026-09-03,ok,マクロ経済・経済財政運営|イノベーション・科学技術・スタートアップ,主張・提言
doyukai_2016_161028a.pdf,doyukai_2016_161028a,doyukai,経済団体,代表幹事米国ミッション報告書,2016-10-28,20161028,報告書,外交・国際問題、海外視察／国際会議,公開,https://www.doyukai.or.jp/policyproposals/articles/2016/pdf/161028a.pdf,2026-09-03,ok,通商・国際経済・国際協力|外交・安全保障・経済安全保障|エネルギー・環境,活動記録
doyukai_2016_160804a.pdf,doyukai_2016_160804a,doyukai,経済団体,ミレニアル世代がもたらす変化を先取りし、 企業の成長戦略の核に,2016-08-04,20160804,提言,人材、外交・国際問題,公開,https://www.doyukai.or.jp/policyproposals/articles/2016/pdf/160804a.pdf,2026-09-03,ok,産業政策・成長戦略|人材・教育|労働・雇用,主張・提言
doyukai_2017_171129_1426.pdf,doyukai_2017_171129_1426,doyukai,経済団体,米国ミッション派遣報告書,2017-11-30,20171130,報告書,外交・国際問題、海外視察／国際会議,公開,https://www.doyukai.or.jp/policyproposals/uploads/docs/171130a.pdf,2026-09-03,ok,通商・国際経済・国際協力|産業政策・成長戦略,活動記録
doyukai_2017_171117a.pdf,doyukai_2017_171117a,doyukai,経済団体,代表幹事欧州ミッション報告書,2017-11-17,20171117,報告書,外交・国際問題、海外視察／国際会議,公開,https://www.doyukai.or.jp/policyproposals/uploads/docs/171117a.pdf,2026-09-03,ok,通商・国際経済・国際協力,活動記録
doyukai_2017_170803_1552.pdf,doyukai_2017_170803_1552,doyukai,経済団体,米国ミッション派遣報告書,2017-08-04,20170804,報告書,外交・国際問題、海外視察／国際会議,公開,https://www.doyukai.or.jp/policyproposals/uploads/docs/170804a.pdf,2026-09-03,ok,通商・国際経済・国際協力|外交・安全保障・経済安全保障|人材・教育,活動記録
doyukai_2016_170329a.pdf,doyukai_2016_170329a,doyukai,経済団体,代表幹事特使・米国派遣報告書,2017-03-29,20170329,報告書,外交・国際問題、海外視察／国際会議,公開,https://www.doyukai.or.jp/policyproposals/articles/2016/pdf/170329a.pdf,2026-09-03,ok,外交・安全保障・経済安全保障|通商・国際経済・国際協力,活動記録
doyukai_2016_170113a.pdf,doyukai_2016_170113a,doyukai,経済団体,代表幹事特使・米国派遣報告書,2017-01-13,20170113,報告書,外交・国際問題、海外視察／国際会議,公開,https://www.doyukai.or.jp/policyproposals/articles/2016/pdf/170113a.pdf,2026-09-03,ok,外交・安全保障・経済安全保障|通商・国際経済・国際協力,活動記録
doyukai_2018_181115a.pdf,doyukai_2018_181115a,doyukai,経済団体,代表幹事ミッション（米国）報告書,2018-11-15,20181115,報告書,外交・国際問題、海外視察／国際会議,公開,https://www.doyukai.or.jp/policyproposals/uploads/docs/685d6bdc1aeb210482ae89869d86ff4c13dd1811.pdf,2026-09-03,ok,通商・国際経済・国際協力|イノベーション・科学技術・スタートアップ,活動記録
doyukai_2016_160930a.pdf,doyukai_2016_160930a,doyukai,経済団体,持続可能な逞しい農業の実現に向けて ―フードバリューチェーンの確立による高付加価値農業へ―,2016-09-30,20160930,提言,地域経済、規制・制度改革,公開,https://www.doyukai.or.jp/policyproposals/articles/2016/pdf/160930a.pdf,2026-09-03,ok,農林水産・食料|産業政策・成長戦略|通商・国際経済・国際協力,主張・提言
doyukai_2016_161121a.pdf,doyukai_2016_161121a,doyukai,経済団体,Japan 2.0 最適化社会に向けて,2016-11-21,20161121,提言,国家ビジョン,公開,https://www.doyukai.or.jp/policyproposals/articles/2016/pdf/161121a.pdf,2026-09-03,ok,イノベーション・科学技術・スタートアップ|産業政策・成長戦略|マクロ経済・経済財政運営,主張・提言
doyukai_2017_180131a.pdf,doyukai_2017_180131a,doyukai,経済団体,「経済同友会2.0」実現への組織運営改革,2018-01-31,20180131,提言,その他,公開,https://www.doyukai.or.jp/policyproposals/uploads/docs/180131a.pdf,2026-09-03,ok,政治・統治機構・憲法,主張・提言
doyukai_2017_170714a.pdf,doyukai_2017_170714a,doyukai,経済団体,2017年度（第32回）夏季セミナー 軽井沢アピール2017「持続可能な社会の構築に向けて」,2017-07-14,20170714,提言,企業経営、夏季セミナー、雇用・労働,公開,https://www.doyukai.or.jp/policyproposals/uploads/docs/170714a.pdf,2026-09-03,ok,マクロ経済・経済財政運営|税制・財政|行政改革・規制改革,主張・提言
doyukai_2016_170323a.pdf,doyukai_2016_170323a,doyukai,経済団体,新産業革命の幕開け&#65374;時代を切り拓く心構え&#65374;,2017-03-23,20170323,提言,イノベーション／研究開発、企業経営,公開,https://www.doyukai.or.jp/policyproposals/articles/2016/pdf/170323a.pdf,2026-09-03,ok,イノベーション・科学技術・スタートアップ|労働・雇用|産業政策・成長戦略,主張・提言
doyukai_2016_161121b.pdf,doyukai_2016_161121b,doyukai,経済団体,経済同友会 2.0 &#65293;自ら考え、自分の言葉で発信できる『異彩』集団&#65293;,2016-11-21,20161121,提言,その他,公開,https://www.doyukai.or.jp/policyproposals/articles/2016/pdf/161121b.pdf,2026-09-03,ok,政治・統治機構・憲法|企業経営・ガバナンス・サステナビリティ|マクロ経済・経済財政運営,主張・提言
doyukai_2016_160715a.pdf,doyukai_2016_160715a,doyukai,経済団体,2016年度（第31回）夏季セミナー 軽井沢アピール 「Japan 2.0 SAITEKI社会への挑戦」,2016-07-15,20160715,提言,国家ビジョン、夏季セミナー,公開,https://www.doyukai.or.jp/policyproposals/articles/2016/pdf/160715a.pdf,2026-09-03,ok,産業政策・成長戦略|イノベーション・科学技術・スタートアップ|行政改革・規制改革,主張・提言
doyukai_2018_181211a.pdf,doyukai_2018_181211a,doyukai,経済団体,Japan 2.0 最適化社会の設計 &#65293;モノからコト、そしてココロへ&#65293;,2018-12-11,20181211,提言,国家ビジョン,公開,https://www.doyukai.or.jp/policyproposals/uploads/docs/d20118bef9db92e568468e436cd6a581be6adc07.pdf,2026-09-03,ok,マクロ経済・経済財政運営|イノベーション・科学技術・スタートアップ|産業政策・成長戦略,主張・提言
doyukai_2018_180713_1013.pdf,doyukai_2018_180713_1013,doyukai,経済団体,2018年度（第33回）夏季セミナー 軽井沢アピール2018「Japan 2.0：最適化社会の設計」,2018-07-13,20180713,提言,国家ビジョン、夏季セミナー,公開,https://www.doyukai.or.jp/policyproposals/uploads/docs/07068bc1d29826d04e90fb281668d53db9efa458.pdf,2026-09-03,ok,行政改革・規制改革|デジタル・情報通信|マクロ経済・経済財政運営,主張・提言
doyukai_2018_180605a.pdf,doyukai_2018_180605a,doyukai,経済団体,2017年度 成長フロンティア開拓委員会 報告書,2018-06-05,20180605,報告書,イノベーション／研究開発,公開,https://www.doyukai.or.jp/policyproposals/uploads/docs/180605a.pdf,2026-09-03,ok,イノベーション・科学技術・スタートアップ|通商・国際経済・国際協力|産業政策・成長戦略,主張・提言
doyukai_2016_160520a.pdf,doyukai_2016_160520a,doyukai,経済団体,2015年度アフリカ委員会 西アフリカミッション報告書,2016-05-20,20160520,報告書,国際開発・協力、海外視察／国際会議,公開,https://www.doyukai.or.jp/policyproposals/articles/2016/pdf/160520a.pdf,2026-09-03,ok,通商・国際経済・国際協力,活動記録
doyukai_2016_160722b.pdf,doyukai_2016_160722b,doyukai,経済団体,代表幹事イスラエル・ミッション報告書,2016-07-22,20160722,報告書,イノベーション／研究開発、国際開発・協力、海外視察／国際会議,公開,https://www.doyukai.or.jp/policyproposals/articles/2016/pdf/160722b.pdf,2026-09-03,ok,通商・国際経済・国際協力|イノベーション・科学技術・スタートアップ,活動記録
doyukai_2016_160615a.pdf,doyukai_2016_160615a,doyukai,経済団体,TICADプロセスの進化により、アフリカのパートナーとしての日本の存在感の可視化を &#65374;アフリカの持続可能な成長に向けた多様なニーズに応えるための10の提言&#65374;,2016-06-15,20160615,提言,国際開発・協力、外交・国際問題,公開,https://www.doyukai.or.jp/policyproposals/articles/2016/pdf/160615a.pdf,2026-09-03,ok,通商・国際経済・国際協力|外交・安全保障・経済安全保障|地域経済・観光・地方創生,主張・提言
doyukai_2018_190227a.pdf,doyukai_2018_190227a,doyukai,経済団体,アフリカ進出のすすめ ～進出企業30社の声～,2019-02-27,20190227,提言,国際開発・協力、外交・国際問題,公開,https://www.doyukai.or.jp/policyproposals/uploads/docs/190227a.pdf,2026-09-03,ok,通商・国際経済・国際協力,活動記録
doyukai_2018_180905a.pdf,doyukai_2018_180905a,doyukai,経済団体,TICAD7を契機に日・アフリカ関係の新たな構想を ～アフリカの持続可能な成長に民間起点の貢献を果たす～,2018-09-05,20180905,提言,国際開発・協力、外交・国際問題,公開,https://www.doyukai.or.jp/policyproposals/uploads/docs/3b663b15bec5621ce0433aa5c9d9196db9aeae98.pdf,2026-09-03,ok,通商・国際経済・国際協力|外交・安全保障・経済安全保障,主張・提言
doyukai_2017_171117b.pdf,doyukai_2017_171117b,doyukai,経済団体,アフリカ委員会 米国ミッション報告書,2017-11-17,20171117,報告書,国際開発・協力、海外視察／国際会議,公開,https://www.doyukai.or.jp/policyproposals/uploads/docs/171117b.pdf,2026-09-03,ok,通商・国際経済・国際協力|外交・安全保障・経済安全保障,活動記録
doyukai_2016_161003a.pdf,doyukai_2016_161003a,doyukai,経済団体,未来への希望を拓く税制改革 &#65374;4つの視点からのアプローチ&#65374;,2016-10-03,20161003,提言,税制,公開,https://www.doyukai.or.jp/policyproposals/articles/2016/pdf/161003a.pdf,2026-09-03,ok,税制・財政|社会保障（年金・医療・介護）|労働・雇用,主張・提言
doyukai_2016_160626.pdf,doyukai_2016_160626,doyukai,経済団体,経済対策に対する意見,2016-07-26,20160726,意見,マクロ経済、財政,公開,https://www.doyukai.or.jp/policyproposals/articles/2016/pdf/160726.pdf,2026-09-03,ok,マクロ経済・経済財政運営|税制・財政|こども・子育て・人口,主張・提言
doyukai_2018_180515a.pdf,doyukai_2018_180515a,doyukai,経済団体,新たな財政健全化計画に関する提言 ～2045年度までの長期財政試算を踏まえて～,2018-05-15,20180515,提言,社会保障、税制、財政,公開,https://www.doyukai.or.jp/policyproposals/uploads/docs/180515a.pdf,2026-09-03,ok,税制・財政|社会保障（年金・医療・介護）|マクロ経済・経済財政運営,主張・提言
doyukai_2016_170330a.pdf,doyukai_2016_170330a,doyukai,経済団体,子どもの貧困・機会格差の根本的な解決に向けて &mdash;未来への投資による真の総活躍社会の実現&mdash;,2017-03-30,20170330,提言,子ども・子育て、社会保障,公開,https://www.doyukai.or.jp/policyproposals/articles/2016/pdf/170330a.pdf,2026-09-03,ok,こども・子育て・人口|社会保障（年金・医療・介護）|労働・雇用,主張・提言
doyukai_2018_190307a.pdf,doyukai_2018_190307a,doyukai,経済団体,2018年度中国委員会ミッション報告書,2019-03-07,20190307,報告書,外交・国際問題、海外視察／国際会議,公開,https://www.doyukai.or.jp/policyproposals/uploads/docs/190307a_01.pdf,2026-09-03,ok,通商・国際経済・国際協力|産業政策・成長戦略|イノベーション・科学技術・スタートアップ,活動記録
doyukai_2017_180119b.pdf,doyukai_2017_180119b,doyukai,経済団体,2017年度中国委員会ミッション報告書,2018-01-19,20180119,報告書,海外視察／国際会議、貿易／経済連携,公開,https://www.doyukai.or.jp/policyproposals/uploads/docs/180119b.pdf,2026-09-03,ok,通商・国際経済・国際協力|地域経済・観光・地方創生,活動記録
doyukai_2016_161024a.pdf,doyukai_2016_161024a,doyukai,経済団体,代表幹事中国ミッション報告書,2016-10-24,20161024,報告書,外交・国際問題、海外視察／国際会議,公開,https://www.doyukai.or.jp/policyproposals/articles/2016/pdf/161024a.pdf,2026-09-03,ok,通商・国際経済・国際協力|デジタル・情報通信|イノベーション・科学技術・スタートアップ,活動記録
doyukai_2018_180615_1002.pdf,doyukai_2018_180615_1002,doyukai,経済団体,デジタル・ガバメントの実現に向けた緊急提言,2018-06-15,20180615,提言,デジタル化／IT、行政改革,公開,https://www.doyukai.or.jp/policyproposals/uploads/docs/ebd01595373f2118078cab98d149e7299a716875.pdf,2026-09-03,ok,デジタル・情報通信|行政改革・規制改革,主張・提言
doyukai_2017_171208_1724.pdf,doyukai_2017_171208_1724,doyukai,経済団体,「日本版レギュラトリー・サンドボックス」の早期実現に関する要望 &mdash;自己責任でチャレンジできる社会の実現に向けた規制改革を&mdash;,2017-12-08,20171208,要望,イノベーション／研究開発、デジタル化／IT、規制・制度改革,公開,https://www.doyukai.or.jp/policyproposals/uploads/docs/171208a.pdf,2026-09-03,ok,行政改革・規制改革|イノベーション・科学技術・スタートアップ,主張・提言
doyukai_2017_170831a.pdf,doyukai_2017_170831a,doyukai,経済団体,電子政府を実現し、世界第3位を目指せ &#65374;行政手続効率化でビジネス環境ランキング26位からの飛躍を&#65374;,2017-08-31,20170831,提言,デジタル化／IT、行政改革,公開,https://www.doyukai.or.jp/policyproposals/uploads/docs/170831a.pdf,2026-09-03,ok,デジタル・情報通信|行政改革・規制改革,主張・提言
doyukai_2017_170621a.pdf,doyukai_2017_170621a,doyukai,経済団体,「独占禁止法研究会報告書」に対する意見（パブリック・コメント）,2017-06-21,20170621,意見,規制・制度改革,公開,https://www.doyukai.or.jp/policyproposals/uploads/docs/170621a.pdf,2026-09-03,ok,行政改革・規制改革|企業経営・ガバナンス・サステナビリティ,主張・提言
doyukai_2017_170425a.pdf,doyukai_2017_170425a,doyukai,経済団体,流通・取引慣行ガイドライン改正案に対する意見（パブリック・コメント）,2017-04-25,20170425,意見,規制・制度改革,公開,https://www.doyukai.or.jp/policyproposals/uploads/docs/170425a.pdf,2026-09-03,ok,行政改革・規制改革|デジタル・情報通信|産業政策・成長戦略,主張・提言
doyukai_2016_170329b.pdf,doyukai_2016_170329b,doyukai,経済団体,規制改革・行政手続の簡素化・IT化の一体的推進について （3団体共同提言）,2017-03-29,20170329,提言,デジタル化／IT、規制・制度改革,公開,https://www.doyukai.or.jp/policyproposals/articles/2016/pdf/170329b.pdf,2026-09-03,ok,行政改革・規制改革|デジタル・情報通信,主張・提言
doyukai_2016_160831a.pdf,doyukai_2016_160831a,doyukai,経済団体,「課徴金制度の在り方に関する論点整理」に対する意見 （パブリック・コメント）,2016-08-31,20160831,意見,企業法制／ガバナンス,公開,https://www.doyukai.or.jp/policyproposals/articles/2016/pdf/160831a.pdf,2026-09-03,ok,企業経営・ガバナンス・サステナビリティ|行政改革・規制改革,主張・提言
doyukai_2016_160422a.pdf,doyukai_2016_160422a,doyukai,経済団体,流通・取引慣行ガイドライン一部改正案に対する意見 （パブリック・コメント）,2016-04-22,20160422,意見,規制・制度改革,公開,https://www.doyukai.or.jp/policyproposals/articles/2016/pdf/160422a.pdf,2026-09-03,ok,行政改革・規制改革|産業政策・成長戦略,主張・提言
doyukai_2018_190219a.pdf,doyukai_2018_190219a,doyukai,経済団体,新産業革命と規制・法制改革委員会 活動報告書 「自律移動型ロボットのグローバルなフロントランナーを目指して」,2019-02-19,20190219,報告書,デジタル化／IT、規制・制度改革,公開,https://www.doyukai.or.jp/policyproposals/uploads/docs/190219a.pdf,2026-09-03,ok,イノベーション・科学技術・スタートアップ|行政改革・規制改革|産業政策・成長戦略,主張・提言
doyukai_2018_190205a.pdf,doyukai_2018_190205a,doyukai,経済団体,経済成長と競争力強化に資する物流改革,2019-02-05,20190205,提言,サービス産業、規制・制度改革,公開,https://www.doyukai.or.jp/policyproposals/uploads/docs/190205a.pdf,2026-09-03,ok,国土・住宅・交通・防災|産業政策・成長戦略|労働・雇用,主張・提言
doyukai_2018_181127a.pdf,doyukai_2018_181127a,doyukai,経済団体,「デジタル・プラットフォーマーを巡る取引環境整備に関する中間論点整理（案）」に関する意見（パブリック・コメント）,2018-11-27,20181127,意見,デジタル化／IT,公開,https://www.doyukai.or.jp/policyproposals/uploads/docs/181127a.pdf,2026-09-03,ok,デジタル・情報通信|行政改革・規制改革|税制・財政,主張・提言
doyukai_2018_181015a.pdf,doyukai_2018_181015a,doyukai,経済団体,住宅宿泊事業法（民泊新法）に関する意見 &#8213;民泊のステークホルダーの全体最適に向けて規制をデザインする&#8213;,2018-10-15,20181015,意見,規制・制度改革、観光,公開,https://www.doyukai.or.jp/policyproposals/uploads/docs/181015a.pdf,2026-09-03,ok,行政改革・規制改革|地域経済・観光・地方創生,主張・提言
doyukai_2018_180803a.pdf,doyukai_2018_180803a,doyukai,経済団体,マイナンバー制度に関する提言 &#8213;マイナンバー制度をわが国のデジタル化の基盤として 今こそ抜本改革せよ&#8213;,2018-08-03,20180803,提言,デジタル化／IT、行政改革,公開,https://www.doyukai.or.jp/policyproposals/uploads/docs/374d2e2d1cc05b5bd237ba319db8f01d81fa9a6c.pdf,2026-09-03,ok,デジタル・情報通信|行政改革・規制改革,主張・提言
doyukai_2018_180525a.pdf,doyukai_2018_180525a,doyukai,経済団体,データ利活用基盤の構築を急げ ―QOLを向上させるデータヘルスに関する中間提言―,2018-05-25,20180525,提言,デジタル化／IT、医療・介護,公開,https://www.doyukai.or.jp/policyproposals/uploads/docs/180525a.pdf,2026-09-03,ok,社会保障（年金・医療・介護）|デジタル・情報通信|イノベーション・科学技術・スタートアップ,主張・提言
doyukai_2018_180405a.pdf,doyukai_2018_180405a,doyukai,経済団体,「規制のサンドボックス」制度に関する法案への意見,2018-04-05,20180405,意見,イノベーション／研究開発、規制・制度改革,公開,https://www.doyukai.or.jp/policyproposals/uploads/docs/180405a.pdf,2026-09-03,ok,行政改革・規制改革|イノベーション・科学技術・スタートアップ|産業政策・成長戦略,主張・提言
doyukai_2016_160722a.pdf,doyukai_2016_160722a,doyukai,経済団体,機運の拡大から成果の創出へ &#65374;日本活性化に向け、“Japan Hands”の戦略的活用を&#65374;,2016-07-22,20160722,提言,人材、外交・国際問題,公開,https://www.doyukai.or.jp/policyproposals/articles/2016/pdf/160722a.pdf,2026-09-03,ok,外交・安全保障・経済安全保障|人材・教育|通商・国際経済・国際協力,主張・提言
doyukai_2016_160713b.pdf,doyukai_2016_160713b,doyukai,経済団体,TPP協定の早期実現を求める（4団体共同提言）,2016-07-13,20160713,提言,貿易／経済連携,公開,https://www.doyukai.or.jp/policyproposals/articles/2016/pdf/160713b.pdf,2026-09-03,ok,通商・国際経済・国際協力|マクロ経済・経済財政運営,主張・提言
doyukai_2017_171023a.pdf,doyukai_2017_171023a,doyukai,経済団体,11カ国によるTPPの早期実現を求める（4団体共同提言）,2017-10-23,20171023,提言,貿易／経済連携,公開,https://www.doyukai.or.jp/policyproposals/uploads/docs/171023a.pdf,2026-09-03,ok,通商・国際経済・国際協力|産業政策・成長戦略,主張・提言
doyukai_2016_170201a.pdf,doyukai_2016_170201a,doyukai,経済団体,多角的自由貿易の着実な発展に向け、日・EU経済連携協定の進展を,2017-02-01,20170201,提言,貿易／経済連携,公開,https://www.doyukai.or.jp/policyproposals/articles/2016/pdf/170201a.pdf,2026-09-03,ok,通商・国際経済・国際協力,主張・提言
doyukai_2016_160712a.pdf,doyukai_2016_160712a,doyukai,経済団体,Grow or Die&#65374;TPPを変革の起爆剤に&#65374;,2016-07-12,20160712,提言,貿易／経済連携,公開,https://www.doyukai.or.jp/policyproposals/articles/2016/pdf/160712a.pdf,2026-09-03,ok,通商・国際経済・国際協力|産業政策・成長戦略,主張・提言
doyukai_2017_170627a.pdf,doyukai_2017_170627a,doyukai,経済団体,多国間自由貿易体制の前進に向け、 今こそ日本のリーダーシップを &ndash;&ndash;TPP、日・EU EPA、RCEPの今後の方向性に係る考え方&ndash;&ndash;,2017-06-27,20170627,提言,外交・国際問題、貿易／経済連携,公開,https://www.doyukai.or.jp/publish/uploads/docs/2017_07_06.pdf,2026-09-03,ok,通商・国際経済・国際協力,主張・提言
doyukai_2017_170525a.pdf,doyukai_2017_170525a,doyukai,経済団体,2016年度安全保障委員会 中間報告 &#12316;「シームレス」な安全保障体制とサイバーセキュリティへの対応&#12316;,2017-05-25,20170525,提言,デジタル化／IT、安全保障／経済安全保障,公開,https://www.doyukai.or.jp/policyproposals/uploads/docs/170525a.pdf,2026-09-03,ok,外交・安全保障・経済安全保障|デジタル・情報通信,主張・提言
doyukai_2017_170419a.pdf,doyukai_2017_170419a,doyukai,経済団体,グローバルマーケットの新潮流を見据えて &#65374;不確実な世界を大局的に見通す着眼点&#65374;,2017-04-19,20170419,提言,マクロ経済、貿易／経済連携,公開,https://www.doyukai.or.jp/policyproposals/uploads/docs/170419a.pdf,2026-09-03,ok,マクロ経済・経済財政運営|金融・資本市場|デジタル・情報通信,主張・提言
doyukai_2018_190131a.pdf,doyukai_2018_190131a,doyukai,経済団体,2018年度国際関係委員会＜活動報告書＞,2019-01-31,20190131,報告書,外交・国際問題,公開,https://www.doyukai.or.jp/policyproposals/uploads/docs/190131a.pdf,2026-09-03,ok,通商・国際経済・国際協力|マクロ経済・経済財政運営|金融・資本市場,活動記録
doyukai_2018_181102a.pdf,doyukai_2018_181102a,doyukai,経済団体,安全保障委員会 報告書 &mdash;わが国の安全保障体制について国民的議論を行うために&mdash;,2018-11-02,20181102,報告書,安全保障／経済安全保障,公開,https://www.doyukai.or.jp/policyproposals/uploads/docs/181102a.pdf,2026-09-03,ok,外交・安全保障・経済安全保障|政治・統治機構・憲法,主張・提言
doyukai_2017_180316_02.pdf,doyukai_2017_180316_02,doyukai,経済団体,2018年３月（第124回）景気定点観測アンケート調査結果,2018-03-16,20180316,資料,マクロ経済、企業経営、調査・アンケート,公開,https://www.doyukai.or.jp/policyproposals/uploads/docs/180316_02.pdf,2026-09-03,ok,マクロ経済・経済財政運営,内部調査・会員アンケート
doyukai_2017_171214.pdf,doyukai_2017_171214,doyukai,経済団体,2017年12月（第123回）景気定点観測アンケート調査結果,2017-12-14,20171214,資料,マクロ経済、企業経営、調査・アンケート,公開,https://www.doyukai.or.jp/policyproposals/uploads/docs/171214.pdf,2026-09-03,ok,マクロ経済・経済財政運営|企業経営・ガバナンス・サステナビリティ,内部調査・会員アンケート
doyukai_2017_170914.pdf,doyukai_2017_170914,doyukai,経済団体,2017年9月（第122回）景気定点観測アンケート調査結果,2017-09-14,20170914,資料,マクロ経済、企業経営、調査・アンケート,公開,https://www.doyukai.or.jp/policyproposals/uploads/docs/170914.pdf,2026-09-03,ok,マクロ経済・経済財政運営|企業経営・ガバナンス・サステナビリティ,内部調査・会員アンケート
doyukai_2017_170616.pdf,doyukai_2017_170616,doyukai,経済団体,2017年6月（第121回）景気定点観測アンケート調査結果,2017-06-16,20170616,資料,マクロ経済、企業経営、調査・アンケート,公開,https://www.doyukai.or.jp/policyproposals/uploads/docs/170616.pdf,2026-09-03,ok,マクロ経済・経済財政運営|労働・雇用,内部調査・会員アンケート
doyukai_2016_170317.pdf,doyukai_2016_170317,doyukai,経済団体,2017年3月（第120回）景気定点観測アンケート調査結果,2017-03-17,20170317,資料,マクロ経済、企業経営、調査・アンケート,公開,https://www.doyukai.or.jp/bizactivity/articles/2016/pdf/170317.pdf,2026-09-03,ok,マクロ経済・経済財政運営|労働・雇用|企業経営・ガバナンス・サステナビリティ,内部調査・会員アンケート
doyukai_2016_161215.pdf,doyukai_2016_161215,doyukai,経済団体,2016年12月（第119回）景気定点観測アンケート調査結果,2016-12-15,20161215,資料,マクロ経済、企業経営、調査・アンケート,公開,https://www.doyukai.or.jp/bizactivity/articles/2016/pdf/161215.pdf,2026-09-03,ok,マクロ経済・経済財政運営|社会保障（年金・医療・介護）|企業経営・ガバナンス・サステナビリティ,内部調査・会員アンケート
doyukai_2016_160616.pdf,doyukai_2016_160616,doyukai,経済団体,2016年6月（第117回）景気定点観測アンケート調査結果,2016-06-16,20160616,資料,マクロ経済、企業経営、調査・アンケート,公開,https://www.doyukai.or.jp/bizactivity/articles/2016/pdf/160616.pdf,2026-09-03,ok,マクロ経済・経済財政運営,内部調査・会員アンケート
doyukai_2016_160916.pdf,doyukai_2016_160916,doyukai,経済団体,2016年9月（第118回）景気定点観測アンケート調査結果,2016-09-16,20160916,資料,マクロ経済、企業経営、調査・アンケート,公開,https://www.doyukai.or.jp/bizactivity/articles/2016/pdf/160916.pdf,2026-09-03,ok,マクロ経済・経済財政運営,内部調査・会員アンケート
doyukai_2018_190314a.pdf,doyukai_2018_190314a,doyukai,経済団体,2019年3月（第128回）景気定点観測アンケート調査結果,2019-03-14,20190314,資料,マクロ経済、企業経営、調査・アンケート,公開,https://www.doyukai.or.jp/policyproposals/uploads/docs/190314a.pdf,2026-09-03,ok,マクロ経済・経済財政運営|企業経営・ガバナンス・サステナビリティ,内部調査・会員アンケート
doyukai_2018_181213a.pdf,doyukai_2018_181213a,doyukai,経済団体,2018年12月（第127回）景気定点観測アンケート調査結果,2018-12-13,20181213,資料,マクロ経済、企業経営、調査・アンケート,公開,https://www.doyukai.or.jp/policyproposals/uploads/docs/181213a.pdf,2026-09-03,ok,マクロ経済・経済財政運営|通商・国際経済・国際協力,内部調査・会員アンケート
doyukai_2018_180912.pdf,doyukai_2018_180912,doyukai,経済団体,2018年9月（第126回）景気定点観測アンケート調査結果,2018-09-12,20180912,資料,マクロ経済、企業経営、調査・アンケート,公開,https://www.doyukai.or.jp/policyproposals/uploads/docs/180912.pdf,2026-09-03,ok,マクロ経済・経済財政運営|企業経営・ガバナンス・サステナビリティ,内部調査・会員アンケート
doyukai_2018_180614_02.pdf,doyukai_2018_180614_02,doyukai,経済団体,2018年6月（第125回）景気定点観測アンケート調査結果,2018-06-14,20180614,資料,マクロ経済、企業経営、調査・アンケート,公開,https://www.doyukai.or.jp/policyproposals/uploads/docs/180614_02.pdf,2026-09-03,ok,マクロ経済・経済財政運営,内部調査・会員アンケート
doyukai_2018_190325a.pdf,doyukai_2018_190325a,doyukai,経済団体,包摂的な社会実現への処方箋 ～日本及び日本企業のあり方～,2019-03-25,20190325,提言,企業経営、国家ビジョン,公開,https://www.doyukai.or.jp/policyproposals/uploads/docs/190325a.pdf,2026-09-03,ok,政治・統治機構・憲法|企業経営・ガバナンス・サステナビリティ|社会保障（年金・医療・介護）,主張・提言
doyukai_2018_181010a.pdf,doyukai_2018_181010a,doyukai,経済団体,2017年度ビジネスリスクマネジメント委員会 報告書,2018-10-10,20181010,報告書,企業経営,公開,https://www.doyukai.or.jp/policyproposals/uploads/docs/181010a_2.pdf,2026-09-03,ok,企業経営・ガバナンス・サステナビリティ|デジタル・情報通信|通商・国際経済・国際協力,主張・提言
doyukai_2018_180411a.pdf,doyukai_2018_180411a,doyukai,経済団体,会社法制（企業統治等関係）の見直しに関する中間試案に対する意見（パブリック・コメント）,2018-04-11,20180411,意見,企業法制／ガバナンス,公開,https://www.doyukai.or.jp/policyproposals/uploads/docs/180411a.pdf,2026-09-03,ok,企業経営・ガバナンス・サステナビリティ|政治・統治機構・憲法,主張・提言
doyukai_2017_170908a.pdf,doyukai_2017_170908a,doyukai,経済団体,イノベーション推進のための経営行動指針 &mdash;トップマネジメントによる決断と実行を&mdash;,2017-09-08,20170908,提言,イノベーション／研究開発、企業経営,公開,https://www.doyukai.or.jp/policyproposals/uploads/docs/170908a.pdf,2026-09-03,ok,イノベーション・科学技術・スタートアップ|企業経営・ガバナンス・サステナビリティ|産業政策・成長戦略,主張・提言
doyukai_2017_170612a.pdf,doyukai_2017_170612a,doyukai,経済団体,新たなステージへ「経営者よ、大志を抱け！」 &#8213;新産業革命のリーダーとなるための経営者の行動宣言&#8213;,2017-06-12,20170612,提言,企業経営、起業／スタートアップ,公開,https://www.doyukai.or.jp/policyproposals/uploads/docs/170612a.pdf,2026-09-03,ok,イノベーション・科学技術・スタートアップ|産業政策・成長戦略|企業経営・ガバナンス・サステナビリティ,主張・提言
doyukai_2017_170512a.pdf,doyukai_2017_170512a,doyukai,経済団体,資本効率最適化経営の実践 —財務・非財務資本を最適活用した価値創造経営—,2017-05-12,20170512,提言,企業法制／ガバナンス、企業経営,公開,https://www.doyukai.or.jp/policyproposals/uploads/docs/170512a.pdf,2026-09-03,ok,企業経営・ガバナンス・サステナビリティ|金融・資本市場,主張・提言
doyukai_2016_160624a.pdf,doyukai_2016_160624a,doyukai,経済団体,資本効率最適化による豊かな社会への第1次提言 「収益力を強化する事業組換えの実践」,2016-06-24,20160624,提言,企業法制／ガバナンス、企業経営,公開,https://www.doyukai.or.jp/policyproposals/articles/2016/pdf/160624a_01.pdf,2026-09-03,ok,企業経営・ガバナンス・サステナビリティ|マクロ経済・経済財政運営,主張・提言
doyukai_2016_160513a.pdf,doyukai_2016_160513a,doyukai,経済団体,外国競争法コンプライアンスへの取組みに関する行動宣言,2016-05-13,20160513,提言,企業法制／ガバナンス、外交・国際問題,公開,https://www.doyukai.or.jp/policyproposals/articles/2016/pdf/160513a.pdf,2026-09-03,ok,企業経営・ガバナンス・サステナビリティ|通商・国際経済・国際協力,主張・提言
doyukai_2018_190304a.pdf,doyukai_2018_190304a,doyukai,経済団体,真のデジタル革命を勝ち抜く &mdash;二つの潮流に対応するために企業のデジタル変革は待ったなし&mdash;,2019-03-04,20190304,提言,イノベーション／研究開発、デジタル化／IT,公開,https://www.doyukai.or.jp/policyproposals/uploads/docs/190304a.pdf,2026-09-03,ok,デジタル・情報通信|イノベーション・科学技術・スタートアップ|産業政策・成長戦略,主張・提言
doyukai_2018_190125a.pdf,doyukai_2018_190125a,doyukai,経済団体,企業の成長シナリオを描くために市場戦略の変革をーデジタルマーケティングによる価値創造ー,2019-01-25,20190125,提言,デジタル化／IT、企業経営,公開,https://www.doyukai.or.jp/policyproposals/uploads/docs/190125a.pdf,2026-09-03,ok,デジタル・情報通信|産業政策・成長戦略|企業経営・ガバナンス・サステナビリティ,主張・提言
doyukai_2018_181030a.pdf,doyukai_2018_181030a,doyukai,経済団体,日韓経済関係の発展に向けて（4団体共同提言）,2018-10-30,20181030,提言,外交・国際問題、貿易／経済連携,公開,https://www.doyukai.or.jp/policyproposals/uploads/docs/181031a.pdf,2026-09-03,ok,通商・国際経済・国際協力|外交・安全保障・経済安全保障,主張・提言
doyukai_2018_180522a.pdf,doyukai_2018_180522a,doyukai,経済団体,社外取締役の機能強化「3つの心構え・5つの行動」 ―実効性の高いコーポレートガバナンスの実現を目指して―,2018-05-22,20180522,提言,企業法制／ガバナンス、企業経営,公開,https://www.doyukai.or.jp/policyproposals/uploads/docs/180522a.pdf,2026-09-03,ok,企業経営・ガバナンス・サステナビリティ,主張・提言
doyukai_2017_170529a.pdf,doyukai_2017_170529a,doyukai,経済団体,経営者はデジタル・マインドセットに切り替えよ —デジタル・マインドセット チェックリスト—,2017-05-29,20170529,提言,デジタル化／IT、企業経営,公開,https://www.doyukai.or.jp/policyproposals/uploads/docs/170529a_1.pdf,2026-09-03,ok,デジタル・情報通信|企業経営・ガバナンス・サステナビリティ|産業政策・成長戦略,主張・提言
doyukai_2016_160728a.pdf,doyukai_2016_160728a,doyukai,経済団体,先進技術による経営革新に関する中間提言,2016-07-28,20160728,提言,イノベーション／研究開発、企業経営,公開,https://www.doyukai.or.jp/policyproposals/articles/2016/pdf/160728a.pdf,2026-09-03,ok,イノベーション・科学技術・スタートアップ|デジタル・情報通信|企業経営・ガバナンス・サステナビリティ,主張・提言
doyukai_2016_161221b.pdf,doyukai_2016_161221b,doyukai,経済団体,「企業の採用と教育に関するアンケート調査」結果（2016年調査）,2016-12-21,20161221,提言,人材、教育、調査・アンケート,公開,https://www.doyukai.or.jp/policyproposals/articles/2016/pdf/161221b.pdf,2026-09-03,ok,人材・教育|労働・雇用,内部調査・会員アンケート
doyukai_2018_181017a.pdf,doyukai_2018_181017a,doyukai,経済団体,「2040年に向けた高等教育のグランドデザイン」（案）に関する意見,2018-10-17,20181017,意見,人材、教育,公開,https://www.doyukai.or.jp/policyproposals/uploads/docs/181017a.pdf,2026-09-03,ok,人材・教育|行政改革・規制改革,主張・提言
doyukai_2018_180601a.pdf,doyukai_2018_180601a,doyukai,経済団体,私立大学の撤退・再編に関する意見 ―財務面で持続性に疑義のある大学への対応について―,2018-06-01,20180601,意見,人材、教育,公開,https://www.doyukai.or.jp/policyproposals/uploads/docs/4e558b92eb99233e17396d4cd580bf1938e3e486.pdf,2026-09-03,ok,人材・教育|行政改革・規制改革,主張・提言
doyukai_2016_160729a.pdf,doyukai_2016_160729a,doyukai,経済団体,転換期を迎えた欧州統合 2015年度 欧州・ロシア委員会 報告書,2016-07-29,20160729,報告書,外交・国際問題,公開,https://www.doyukai.or.jp/policyproposals/articles/2016/pdf/160729a.pdf,2026-09-03,ok,通商・国際経済・国際協力|外交・安全保障・経済安全保障|マクロ経済・経済財政運営,活動記録
doyukai_2018_190327a.txt,doyukai_2018_190327a,doyukai,経済団体,2018年度 欧州・ロシア委員会 報告書,2019-03-27,20190327,報告書,外交・国際問題、海外視察／国際会議,公開,https://www.doyukai.or.jp/policyproposals/2018/190327a.html,2026-09-03,html_text,通商・国際経済・国際協力|外交・安全保障・経済安全保障,活動記録
doyukai_2018_180530a.pdf,doyukai_2018_180530a,doyukai,経済団体,欧州ミッション報告書,2018-05-30,20180530,報告書,外交・国際問題、海外視察／国際会議,公開,https://www.doyukai.or.jp/policyproposals/uploads/docs/180530a.pdf,2026-09-03,ok,通商・国際経済・国際協力|外交・安全保障・経済安全保障,活動記録
doyukai_2016_170227a.pdf,doyukai_2016_170227a,doyukai,経済団体,2015年度アジア・中東委員会インド・ミッション ＜報告書＞ （2016年4月5日&#65374;10日 ニューデリー）,2017-02-27,20170227,報告書,外交・国際問題、海外視察／国際会議,公開,https://www.doyukai.or.jp/policyproposals/articles/2016/pdf/170227a.pdf,2026-09-03,ok,通商・国際経済・国際協力,活動記録
doyukai_2016_161221a.pdf,doyukai_2016_161221a,doyukai,経済団体,第42回日本・ASEAN経営者会議 ＜2016年10月10日&#65374;12日 北海道札幌市＞,2016-12-21,20161221,提言,国際開発・協力、海外視察／国際会議、貿易／経済連携,公開,https://www.doyukai.or.jp/policyproposals/articles/2016/pdf/161221a.pdf,2026-09-03,ok,通商・国際経済・国際協力|産業政策・成長戦略,活動記録
doyukai_2018_181116a.pdf,doyukai_2018_181116a,doyukai,経済団体,第44回日本・ASEAN経営者会議 &lt;2018年10月24日～26日 インドネシア・バリ&gt;,2018-11-16,20181116,提言,国際開発・協力、海外視察／国際会議、貿易／経済連携,公開,https://www.doyukai.or.jp/policyproposals/uploads/docs/181116a.pdf,2026-09-03,ok,通商・国際経済・国際協力|デジタル・情報通信|国土・住宅・交通・防災,活動記録
doyukai_2017_180119a.pdf,doyukai_2017_180119a,doyukai,経済団体,第43回日本・ASEAN経営者会議 ＜2017年11月22日&#65374;24日 タイ・バンコク＞,2018-01-19,20180119,提言,国際開発・協力、海外視察／国際会議、貿易／経済連携,公開,https://www.doyukai.or.jp/policyproposals/uploads/docs/181119a.pdf,2026-09-03,ok,通商・国際経済・国際協力|地域経済・観光・地方創生,活動記録
doyukai_2019_190731a.pdf,doyukai_2019_190731a,doyukai,経済団体,企業と人間社会の持続的成長のためのSDGs ～価値創造に向けて、一人ひとりが自ら考え、取り組む組織へ～,2019-07-31,20190731,提言,CSR／サステナビリティ経営、企業経営,公開,https://www.doyukai.or.jp/policyproposals/uploads/docs/190731b.pdf,2026-09-03,ok,企業経営・ガバナンス・サステナビリティ|産業政策・成長戦略,主張・提言
doyukai_2019_190517a.pdf,doyukai_2019_190517a,doyukai,経済団体,経営者及び社外取締役によるCEO選抜・育成の改革 ―多様なガバナンスに応じた最良のサクセッションの追求―,2019-05-17,20190517,提言,人材、企業法制／ガバナンス、企業経営,公開,https://www.doyukai.or.jp/policyproposals/uploads/docs/190517a.pdf,2026-09-03,ok,企業経営・ガバナンス・サステナビリティ|人材・教育,主張・提言
doyukai_2019_190423a.pdf,doyukai_2019_190423a,doyukai,経済団体,オンライン診療・オンライン服薬指導に関する意見 オンラインによる診療から服薬指導までの一気通貫の実現を,2019-04-23,20190423,意見,デジタル化／IT、医療・介護、規制・制度改革,公開,https://www.doyukai.or.jp/policyproposals/uploads/docs/190423a.pdf,2026-09-03,ok,社会保障（年金・医療・介護）|デジタル・情報通信|行政改革・規制改革,主張・提言
doyukai_2019_190419a.pdf,doyukai_2019_190419a,doyukai,経済団体,地方創生のさらなる推進のために - 第2期「まち・ひと・しごと創生総合戦略」の策定に向けて -,2019-04-19,20190419,提言,地域経済、地方行財政,公開,https://www.doyukai.or.jp/policyproposals/uploads/docs/190419a_02.pdf,2026-09-03,ok,地域経済・観光・地方創生|行政改革・規制改革|こども・子育て・人口,主張・提言
doyukai_2019_190417a.pdf,doyukai_2019_190417a,doyukai,経済団体,若手参加促進のための新制度 起業家ら若手経営者6名を第1期メンバーに決定,2019-04-17,20190417,提言,その他,公開,https://www.doyukai.or.jp/policyproposals/uploads/docs/190417a.pdf,2026-09-03,ok,企業経営・ガバナンス・サステナビリティ|人材・教育,活動記録
doyukai_2019_190415a.pdf,doyukai_2019_190415a,doyukai,経済団体,主権者教育の充実で、あるべき民主主義の実現を - 健全な社会を次世代に手渡すために -,2019-04-15,20190415,提言,憲法、政治、教育,公開,https://www.doyukai.or.jp/policyproposals/uploads/docs/190415a.pdf,2026-09-03,ok,政治・統治機構・憲法|人材・教育,主張・提言
doyukai_2019_190403a.pdf,doyukai_2019_190403a,doyukai,経済団体,自ら学ぶ力を育てる初等・中等教育の実現に向けて ～将来を生き抜く力を身に付けるために～,2019-04-03,20190403,提言,教育,公開,https://www.doyukai.or.jp/policyproposals/uploads/docs/190403a.pdf,2026-09-03,ok,人材・教育,主張・提言
doyukai_2019_200122a.pdf,doyukai_2019_200122a,doyukai,経済団体,「日本版ライドシェア」の速やかな実現を求める －タクシー事業者による一般ドライバーの限定活用－,2020-01-22,20200122,提言,地域経済、規制・制度改革、起業／スタートアップ,公開,https://www.doyukai.or.jp/publish/uploads/docs/2020_03_02.pdf,2026-09-03,ok,産業政策・成長戦略|国土・住宅・交通・防災|行政改革・規制改革,主張・提言
doyukai_2019_191122a.pdf,doyukai_2019_191122a,doyukai,経済団体,将来世代のために独立財政機関の設置を -複眼的に将来を展望する社会の構築に向けて-,2019-11-22,20191122,提言,社会保障、税制、行政改革、財政,公開,https://www.doyukai.or.jp/publish/uploads/docs/2019_12_04.pdf,2026-09-03,ok,税制・財政|行政改革・規制改革|政治・統治機構・憲法,主張・提言
doyukai_2019_190930a.pdf,doyukai_2019_190930a,doyukai,経済団体,中東の社会変革に日本の機会を見出す ～ Vision 2030 実行段階に入ったサウジアラビア訪問を踏まえて ～,2019-09-30,20190930,提言,国際開発・協力、海外視察／国際会議、貿易／経済連携,公開,https://www.doyukai.or.jp/policyproposals/uploads/docs/190930a.pdf,2026-09-03,ok,通商・国際経済・国際協力|産業政策・成長戦略|外交・安全保障・経済安全保障,活動記録
doyukai_2019_190710a.pdf,doyukai_2019_190710a,doyukai,経済団体,デジタル化時代に向けた地域経営改革,2019-07-10,20190710,提言,デジタル化／IT、地方行財政,公開,https://www.doyukai.or.jp/policyproposals/uploads/docs/e2df898388215d466fbf99847cb1d5588bb99ca0.pdf,2026-09-03,ok,デジタル・情報通信|行政改革・規制改革|地域経済・観光・地方創生,主張・提言
doyukai_2019_190603a.pdf,doyukai_2019_190603a,doyukai,経済団体,データ利活用の推進を急げ &#8213;今ある健康・医療・介護データを活用・連結しビッグデータへ&#8213;,2019-06-03,20190603,提言,デジタル化／IT、医療・介護,公開,https://www.doyukai.or.jp/policyproposals/uploads/docs/190603a.pdf,2026-09-03,ok,デジタル・情報通信|社会保障（年金・医療・介護）|イノベーション・科学技術・スタートアップ,主張・提言
doyukai_2019_190529a.pdf,doyukai_2019_190529a,doyukai,経済団体,デジタル・ガバメント推進に関する提言 ―データを中心とした国家価値創造に向けて―,2019-05-29,20190529,提言,デジタル化／IT、行政改革,公開,https://www.doyukai.or.jp/policyproposals/uploads/docs/190529a.pdf,2026-09-03,ok,デジタル・情報通信|行政改革・規制改革,主張・提言
doyukai_2019_200330a.txt,doyukai_2019_200330a,doyukai,経済団体,欧州から得る日本への示唆 ～個人の自由な選択・決定に基づく、多様性を促す社会へ～,2020-03-30,20200330,提言,ダイバーシティ、海外視察／国際会議,公開,https://www.doyukai.or.jp/policyproposals/2019/200330a.html,2026-09-03,html_text,多様性・人権・ジェンダー|労働・雇用|通商・国際経済・国際協力,主張・提言
doyukai_2019_200317a.pdf,doyukai_2019_200317a,doyukai,経済団体,オンライン診療・オンライン服薬指導の普及促進に関する意見,2020-03-17,20200317,意見,デジタル化／IT、医療・介護、規制・制度改革,公開,https://www.doyukai.or.jp/policyproposals/uploads/docs/200317a.pdf,2026-09-03,ok,社会保障（年金・医療・介護）|デジタル・情報通信|行政改革・規制改革,主張・提言
doyukai_2019_200304a.txt,doyukai_2019_200304a,doyukai,経済団体,日本は中国から何を学び、どのように向き合うべきか,2020-03-04,20200304,提言,外交・国際問題、海外視察／国際会議、貿易／経済連携,公開,https://www.doyukai.or.jp/policyproposals/2019/200304a.html,2026-09-03,html_text,通商・国際経済・国際協力|外交・安全保障・経済安全保障|産業政策・成長戦略,主張・提言
doyukai_2019_200313a.pdf,doyukai_2019_200313a,doyukai,経済団体,2020年3月（第132回）景気定点観測アンケート調査結果,2020-03-13,20200313,資料,マクロ経済、調査・アンケート,公開,https://www.doyukai.or.jp/policyproposals/uploads/docs/200313a.pdf,2026-09-03,ok,マクロ経済・経済財政運営,内部調査・会員アンケート
doyukai_2019_200312a.pdf,doyukai_2019_200312a,doyukai,経済団体,第45回日本・ASEAN経営者会議 &#65308;2019年12月12日～14日 東京&#65310;,2020-03-12,20200312,提言,国際開発・協力、海外視察／国際会議、製造業／ものづくり、貿易／経済連携,公開,https://www.doyukai.or.jp/policyproposals/uploads/docs/200312a.pdf,2026-09-03,ok,通商・国際経済・国際協力|エネルギー・環境|デジタル・情報通信,活動記録
doyukai_2019_200121_0956.pdf,doyukai_2019_200121_0956,doyukai,経済団体,デジタル・プラットフォーマー取引透明化法案（仮称）の方向性に対する意見（パブリック コメント）,2020-01-21,20200121,意見,イノベーション／研究開発、デジタル化／IT,公開,https://www.doyukai.or.jp/policyproposals/uploads/docs/935c216e5c2e66b4f80a723b21e022204dc0a2ac.pdf,2026-09-03,ok,デジタル・情報通信|産業政策・成長戦略|行政改革・規制改革,主張・提言
doyukai_2019_191213a.pdf,doyukai_2019_191213a,doyukai,経済団体,2019年12月（第131回）景気定点観測アンケート調査結果,2019-12-13,20191213,資料,マクロ経済、調査・アンケート,公開,https://www.doyukai.or.jp/policyproposals/uploads/docs/191213a.pdf,2026-09-03,ok,マクロ経済・経済財政運営,内部調査・会員アンケート
doyukai_2019_191101_1857.pdf,doyukai_2019_191101_1857,doyukai,経済団体,「企業結合審査に関する独占禁止法の運用指針」の改定案及び 「企業結合審査の手続に関する対応方針」の改定案に関するパブリックコメント,2019-11-01,20191101,意見,デジタル化／IT、企業法制／ガバナンス,公開,https://www.doyukai.or.jp/policyproposals/uploads/docs/3f0ae1bdc3e0cbacbb4a10b1198cb1e3c42f8e15.pdf,2026-09-03,ok,企業経営・ガバナンス・サステナビリティ|行政改革・規制改革|デジタル・情報通信,主張・提言
doyukai_2019_190913a.pdf,doyukai_2019_190913a,doyukai,経済団体,2019年9月（第130回）景気定点観測アンケート調査結果,2019-09-13,20190913,資料,マクロ経済、調査・アンケート,公開,https://www.doyukai.or.jp/policyproposals/uploads/docs/190913a.pdf,2026-09-03,ok,マクロ経済・経済財政運営,内部調査・会員アンケート
doyukai_2019_190806a.pdf,doyukai_2019_190806a,doyukai,経済団体,デジタル時代のビジネスリスクマネジメント ～企業経営者が取り組むべき課題～,2019-08-06,20190806,提言,デジタル化／IT、企業法制／ガバナンス、企業経営,公開,https://www.doyukai.or.jp/policyproposals/uploads/docs/7f547b6faa79bb881c94d3aad99860d758df412a.pdf,2026-09-03,ok,デジタル・情報通信|企業経営・ガバナンス・サステナビリティ|産業政策・成長戦略,主張・提言
doyukai_2019_190712_1424.pdf,doyukai_2019_190712_1424,doyukai,経済団体,2019年度（第34回）夏季セミナー 軽井沢アピール2019 「Do Tank宣言： “いて欲しい国、いなくては困る国、日本”の実現に向けて」,2019-07-12,20190712,提言,夏季セミナー,公開,https://www.doyukai.or.jp/policyproposals/uploads/docs/190712b.pdf,2026-09-03,ok,産業政策・成長戦略|イノベーション・科学技術・スタートアップ|行政改革・規制改革,主張・提言
doyukai_2019_190614a.pdf,doyukai_2019_190614a,doyukai,経済団体,2019年6月（第129回）景気定点観測アンケート調査結果,2019-06-14,20190614,資料,マクロ経済、調査・アンケート,公開,https://www.doyukai.or.jp/policyproposals/uploads/docs/190614a.pdf,2026-09-03,ok,マクロ経済・経済財政運営|通商・国際経済・国際協力|産業政策・成長戦略,内部調査・会員アンケート
doyukai_2019_190524a.pdf,doyukai_2019_190524a,doyukai,経済団体,日米経済関係のさらなる強化に向けて ～次世代人材育成と人的交流の促進～,2019-05-24,20190524,提言,外交・国際問題、安全保障／経済安全保障、海外視察／国際会議、貿易／経済連携,公開,https://www.doyukai.or.jp/policyproposals/uploads/docs/190524a.pdf,2026-09-03,ok,通商・国際経済・国際協力|人材・教育|外交・安全保障・経済安全保障,主張・提言
doyukai_2019_190509a.pdf,doyukai_2019_190509a,doyukai,経済団体,経済連携のさらなる拡大と深化に向けて,2019-05-09,20190509,提言,外交・国際問題、安全保障／経済安全保障、貿易／経済連携,公開,https://www.doyukai.or.jp/policyproposals/uploads/docs/190509a.pdf,2026-09-03,ok,通商・国際経済・国際協力|外交・安全保障・経済安全保障,主張・提言
doyukai_2019_190418a.pdf,doyukai_2019_190418a,doyukai,経済団体,憲法問題委員会 2018年度 活動報告書,2019-04-18,20190418,報告書,憲法,公開,https://www.doyukai.or.jp/policyproposals/uploads/docs/190418a.pdf,2026-09-03,ok,政治・統治機構・憲法|デジタル・情報通信|イノベーション・科学技術・スタートアップ,活動記録
rengo_201706_yokyu_teigen2018.pdf,rengo_201706_yokyu_teigen2018,rengo,労働団体,2018〜2019年度 政策・制度 要求と提言,2017-06-01,20170601,提言,,公開,https://www.jtuc-rengo.or.jp/shuppan/roudou/kurashi/data/yokyu_teigen2018.pdf,2026-07-14,ok,労働・雇用|社会保障（年金・医療・介護）|エネルギー・環境,主張・提言
keidanren_2017_109.pdf,keidanren_2017_109,keidanren,経済団体,2017年年末賞与・一時金 大手企業業種別妥結結果,2017-12-25,20171225,提言,労働,公開,https://www.keidanren.or.jp/policy/2017/109.pdf,2026-08-13,ok,労働・雇用,内部調査・会員アンケート
keidanren_2017_108.pdf,keidanren_2017_108,keidanren,経済団体,東大・経団連によるベンチャー創出・育成の本格化に向けて,2017-12-25,20171225,提言,産業技術,公開,https://www.keidanren.or.jp/policy/2017/108.pdf,2026-08-13,ok,イノベーション・科学技術・スタートアップ|産業政策・成長戦略,主張・提言
keidanren_2017_107.txt,keidanren_2017_107,keidanren,経済団体,「データ利活用促進に向けた検討 中間報告(案)」へのコメント,2017-12-22,20171222,意見,産業技術,公開,https://www.keidanren.or.jp/policy/2017/107.html,2026-08-13,html_text,デジタル・情報通信|産業政策・成長戦略|行政改革・規制改革,主張・提言
keidanren_2017_106.pdf,keidanren_2017_106,keidanren,経済団体,第61回 福利厚生費調査結果報告,2017-12-18,20171218,提言,労働,公開,https://www.keidanren.or.jp/policy/2017/106_honbun.pdf,2026-08-13,ok,労働・雇用|企業経営・ガバナンス・サステナビリティ,内部調査・会員アンケート
keidanren_2017_110.pdf,keidanren_2017_110,keidanren,経済団体,EU一般データ保護規則（GDPR）セミナー,2017-12-15,20171215,提言,産業技術,公開,https://www.keidanren.or.jp/policy/2017/110_shiryo.pdf,2026-08-13,ok,デジタル・情報通信|通商・国際経済・国際協力,活動記録
keidanren_2017_104.pdf,keidanren_2017_104,keidanren,経済団体,Society 5.0を実現するデータ活用推進戦略,2017-12-12,20171212,提言,産業技術,公開,https://www.keidanren.or.jp/policy/2017/104_honbun.pdf,2026-08-13,ok,デジタル・情報通信|産業政策・成長戦略|国土・住宅・交通・防災,主張・提言
keidanren_2017_103.pdf,keidanren_2017_103,keidanren,経済団体,Society 5.0 実現に向けたサイバーセキュリティの強化を求める,2017-12-12,20171212,提言,産業技術,公開,https://www.keidanren.or.jp/policy/2017/103_honbun.pdf,2026-08-13,ok,デジタル・情報通信|外交・安全保障・経済安全保障|産業政策・成長戦略,主張・提言
keidanren_2017_102.pdf,keidanren_2017_102,keidanren,経済団体,女性活躍の次なるステージに向けた提言,2017-12-12,20171212,提言,企業社会,公開,https://www.keidanren.or.jp/policy/2017/102_honbun.pdf,2026-08-13,ok,多様性・人権・ジェンダー|労働・雇用|企業経営・ガバナンス・サステナビリティ,主張・提言
keidanren_2017_098.txt,keidanren_2017_098,keidanren,経済団体,第３回日中企業家及び元政府高官対話 共同声明,2017-12-05,20171205,提言,地域,公開,https://www.keidanren.or.jp/policy/2017/098.html,2026-08-13,html_text,通商・国際経済・国際協力|産業政策・成長戦略,活動記録
keidanren_2017_097.txt,keidanren_2017_097,keidanren,経済団体,第14回日本ロシア経済合同会議 共同声明,2017-11-28,20171128,提言,地域,公開,https://www.keidanren.or.jp/policy/2017/097.html,2026-08-13,html_text,通商・国際経済・国際協力|産業政策・成長戦略|外交・安全保障・経済安全保障,活動記録
keidanren_2017_096.pdf,keidanren_2017_096,keidanren,経済団体,2017年度新卒採用に関するアンケート調査結果,2017-11-27,20171127,資料,労働,公開,https://www.keidanren.or.jp/policy/2017/096.pdf,2026-08-13,ok,労働・雇用|人材・教育,内部調査・会員アンケート
keidanren_2017_099.txt,keidanren_2017_099,keidanren,経済団体,働き方改革セミナー in 広島,2017-11-22,20171122,提言,労働,公開,https://www.keidanren.or.jp/policy/2017/099.html,2026-08-13,html_text,労働・雇用|地域経済・観光・地方創生,活動記録
keidanren_2017_095.txt,keidanren_2017_095,keidanren,経済団体,平成30年度診療報酬改定に関する要請,2017-11-22,20171122,提言,経済政策,公開,https://www.keidanren.or.jp/policy/2017/095.html,2026-08-13,html_text,社会保障（年金・医療・介護）|税制・財政,主張・提言
keidanren_2017_094.txt,keidanren_2017_094,keidanren,経済団体,わが国の経済成長に資するコンテンツの海外展開支援の継続・拡充に関する緊急要望,2017-11-21,20171121,要望,産業政策,公開,https://www.keidanren.or.jp/policy/2017/094.html,2026-08-13,html_text,産業政策・成長戦略|通商・国際経済・国際協力|税制・財政,主張・提言
keidanren_2017_090.pdf,keidanren_2017_090,keidanren,経済団体,今後のエネルギー政策に関する提言,2017-11-14,20171114,提言,環境,公開,https://www.keidanren.or.jp/policy/2017/090_honbun.pdf,2026-08-13,ok,エネルギー・環境|産業政策・成長戦略,主張・提言
keidanren_2017_091.pdf,keidanren_2017_091,keidanren,経済団体,2016年度 社会貢献活動実績調査結果,2017-11-14,20171114,提言,企業社会,公開,https://www.keidanren.or.jp/policy/2017/091_honbun.pdf,2026-08-13,ok,企業経営・ガバナンス・サステナビリティ,内部調査・会員アンケート
keidanren_2017_089.pdf,keidanren_2017_089,keidanren,経済団体,2016年度福利厚生費調査結果の概要,2017-11-10,20171110,提言,労働,公開,https://www.keidanren.or.jp/policy/2017/089.pdf,2026-08-13,ok,社会保障（年金・医療・介護）|労働・雇用,内部調査・会員アンケート
keidanren_2017_087.txt,keidanren_2017_087,keidanren,経済団体,不正競争防止法改正へのコメント,2017-11-02,20171102,意見,産業技術,公開,https://www.keidanren.or.jp/policy/2017/087.html,2026-08-13,html_text,デジタル・情報通信|行政改革・規制改革|産業政策・成長戦略,主張・提言
keidanren_2017_086.pdf,keidanren_2017_086,keidanren,経済団体,2017年3月卒「新規学卒者決定初任給調査結果」,2017-10-31,20171031,提言,労働,公開,https://www.keidanren.or.jp/policy/2017/086.pdf,2026-08-13,ok,労働・雇用|人材・教育,内部調査・会員アンケート
keidanren_2017_085.txt,keidanren_2017_085,keidanren,経済団体,11カ国によるＴＰＰの早期実現を求める,2017-10-23,20171023,提言,貿易投資,公開,https://www.keidanren.or.jp/policy/2017/085.html,2026-08-13,html_text,通商・国際経済・国際協力|産業政策・成長戦略,主張・提言
keidanren_2017_083.pdf,keidanren_2017_083,keidanren,経済団体,政治との連携強化に関する見解,2017-10-23,20171023,提言,総合政策,公開,https://www.keidanren.or.jp/policy/2017/083.pdf,2026-08-13,ok,政治・統治機構・憲法|マクロ経済・経済財政運営,主張・提言
keidanren_2017_084.pdf,keidanren_2017_084,keidanren,経済団体,主要政党の政策評価 2017,2017-10-23,20171023,提言,総合政策,公開,https://www.keidanren.or.jp/policy/2017/084.pdf,2026-08-13,ok,マクロ経済・経済財政運営|政治・統治機構・憲法|産業政策・成長戦略,外部・第三者資料
keidanren_2017_080.pdf,keidanren_2017_080,keidanren,経済団体,経済政策部会報告書「個人消費低迷の分析と今後の対応」,2017-10-23,20171023,報告書,経済政策,公開,https://www.keidanren.or.jp/policy/2017/080_honbun.pdf,2026-08-13,ok,マクロ経済・経済財政運営|労働・雇用,主張・提言
keidanren_2017_079.txt,keidanren_2017_079,keidanren,経済団体,第27回 経団連・全経連首脳懇談会 共同声明,2017-10-20,20171020,提言,地域,公開,https://www.keidanren.or.jp/policy/2017/079.html,2026-08-13,html_text,通商・国際経済・国際協力|産業政策・成長戦略|労働・雇用,主張・提言
keidanren_2017_077.pdf,keidanren_2017_077,keidanren,経済団体,今後の地球温暖化対策に関する提言,2017-10-17,20171017,提言,環境,公開,https://www.keidanren.or.jp/policy/2017/077_honbun.pdf,2026-08-13,ok,エネルギー・環境|マクロ経済・経済財政運営,主張・提言
keidanren_2017_078.pdf,keidanren_2017_078,keidanren,経済団体,カーボンプライシングに対する意見,2017-10-13,20171013,意見,環境,公開,https://www.keidanren.or.jp/policy/2017/078_shiryo.pdf,2026-08-13,ok,エネルギー・環境|マクロ経済・経済財政運営|税制・財政,主張・提言
keidanren_2017_075.txt,keidanren_2017_075,keidanren,経済団体,地域経済活性化に向けた連携協定,2017-10-03,20171003,提言,国土政策,公開,https://www.keidanren.or.jp/policy/2017/075.html,2026-08-13,html_text,地域経済・観光・地方創生|産業政策・成長戦略|イノベーション・科学技術・スタートアップ,主張・提言
keidanren_2017_072.pdf,keidanren_2017_072,keidanren,経済団体,働き方改革事例集,2017-09-25,20170925,提言,労働,公開,https://www.keidanren.or.jp/policy/2017/072.pdf,2026-08-13,needs_ocr,労働・雇用,主張・提言
keidanren_2017_071.pdf,keidanren_2017_071,keidanren,経済団体,「長時間労働につながる商慣行の是正に向けた共同宣言」の公表について,2017-09-22,20170922,提言,労働,公開,https://www.keidanren.or.jp/policy/2017/071_sengen.pdf,2026-08-13,ok,労働・雇用|企業経営・ガバナンス・サステナビリティ|産業政策・成長戦略,主張・提言
keidanren_2017_067.pdf,keidanren_2017_067,keidanren,経済団体,平成30年度税制改正に関する提言,2017-09-19,20170919,提言,経済基盤,公開,https://www.keidanren.or.jp/policy/2017/067_honbun.pdf,2026-08-13,ok,税制・財政|産業政策・成長戦略,主張・提言
keidanren_2017_069.txt,keidanren_2017_069,keidanren,経済団体,BEPS行動7 PE帰属利得に関する追加ガイダンス 公開討議草案に対する意見,2017-09-15,20170915,意見,経済基盤,公開,https://www.keidanren.or.jp/policy/2017/069.html,2026-08-13,html_text,税制・財政|通商・国際経済・国際協力,主張・提言
keidanren_2017_070.txt,keidanren_2017_070,keidanren,経済団体,BEPS行動10 利益分割に関する改訂ガイダンス 公開討議草案に対する意見,2017-09-15,20170915,意見,経済基盤,公開,https://www.keidanren.or.jp/policy/2017/070.html,2026-08-13,html_text,税制・財政|通商・国際経済・国際協力,主張・提言
keidanren_2017_066.pdf,keidanren_2017_066,keidanren,経済団体,日印ビジネス・リーダーズ・フォーラム2017共同報告書,2017-09-14,20170914,報告書,地域,公開,https://www.keidanren.or.jp/policy/2017/066_beppyo.pdf,2026-08-13,ok,通商・国際経済・国際協力|農林水産・食料|産業政策・成長戦略,活動記録
keidanren_2017_065.txt,keidanren_2017_065,keidanren,経済団体,「第五次環境基本計画 中間取りまとめ」に対する意見,2017-09-07,20170907,意見,環境,公開,https://www.keidanren.or.jp/policy/2017/065.html,2026-08-13,html_text,エネルギー・環境|国土・住宅・交通・防災|産業政策・成長戦略,主張・提言
keidanren_2017_064.pdf,keidanren_2017_064,keidanren,経済団体,ロシアのビジネス環境等に関するアンケート（2017年度）結果,2017-09-06,20170906,資料,地域,公開,https://www.keidanren.or.jp/policy/2017/064.pdf,2026-08-13,ok,通商・国際経済・国際協力,内部調査・会員アンケート
keidanren_2017_063.txt,keidanren_2017_063,keidanren,経済団体,「新たな循環型社会形成推進基本計画の策定のための具体的な指針(案)」に関する意見,2017-09-05,20170905,意見,環境,公開,https://www.keidanren.or.jp/policy/2017/063.html,2026-08-13,html_text,エネルギー・環境|産業政策・成長戦略,主張・提言
keidanren_2017_062.pdf,keidanren_2017_062,keidanren,経済団体,2017年春季労使交渉・中小企業業種別妥結結果,2017-08-09,20170809,提言,労働,公開,https://www.keidanren.or.jp/policy/2017/062.pdf,2026-08-13,ok,労働・雇用|中小企業,内部調査・会員アンケート
keidanren_2017_061.txt,keidanren_2017_061,keidanren,経済団体,英国のEU離脱に関する緊急提言,2017-08-04,20170804,提言,地域,公開,https://www.keidanren.or.jp/policy/2017/061.html,2026-08-13,html_text,通商・国際経済・国際協力|外交・安全保障・経済安全保障,主張・提言
keidanren_2017_060.txt,keidanren_2017_060,keidanren,経済団体,新内閣に望む,2017-08-04,20170804,提言,総合政策,公開,https://www.keidanren.or.jp/policy/2017/060.html,2026-08-13,html_text,マクロ経済・経済財政運営|産業政策・成長戦略|税制・財政,主張・提言
keidanren_2017_059.pdf,keidanren_2017_059,keidanren,経済団体,電気事業者による再生可能エネルギー電気の調達に関する特別措置法施行規則の一部を改正する省令案等への意見,2017-08-03,20170803,意見,環境,公開,http://criepi.denken.or.jp/jp/serc/source/pdf/Y16507.pdf,2026-08-13,ok,エネルギー・環境,主張・提言
keidanren_2017_058.pdf,keidanren_2017_058,keidanren,経済団体,2017年夏季賞与・一時金 大手企業業種別妥結結果,2017-08-02,20170802,提言,労働,公開,https://www.keidanren.or.jp/policy/2017/058.pdf,2026-08-13,ok,労働・雇用,内部調査・会員アンケート
keidanren_2017_056.txt,keidanren_2017_056,keidanren,経済団体,第８回アジア・ビジネス・サミット共同声明,2017-07-25,20170725,提言,地域,公開,https://www.keidanren.or.jp/policy/2017/056.html,2026-08-13,html_text,通商・国際経済・国際協力|産業政策・成長戦略,主張・提言
keidanren_2017_054.pdf,keidanren_2017_054,keidanren,経済団体,新たな海洋基本計画の策定に向けた提言,2017-07-18,20170718,提言,産業政策,公開,https://www.keidanren.or.jp/policy/2017/054_honbun.pdf,2026-08-13,ok,国土・住宅・交通・防災|エネルギー・環境|外交・安全保障・経済安全保障,主張・提言
keidanren_2017_055.pdf,keidanren_2017_055,keidanren,経済団体,2017年労働時間等実態調査 集計結果,2017-07-18,20170718,資料,労働,公開,https://www.keidanren.or.jp/policy/2017/055.pdf,2026-08-13,ok,労働・雇用,内部調査・会員アンケート
keidanren_2017_052.pdf,keidanren_2017_052,keidanren,経済団体,2017年春季労使交渉・大手企業業種別妥結結果,2017-07-12,20170712,提言,労働,公開,https://www.keidanren.or.jp/policy/2017/052.pdf,2026-08-13,ok,労働・雇用,内部調査・会員アンケート
keidanren_2017_050.txt,keidanren_2017_050,keidanren,経済団体,BEPS行動8 評価困難な無形資産に関する実施ガイダンス 公開討議草案に対する意見,2017-06-30,20170630,意見,経済基盤,公開,https://www.keidanren.or.jp/policy/2017/050.html,2026-08-13,html_text,税制・財政|通商・国際経済・国際協力,主張・提言
keidanren_2017_074.pdf,keidanren_2017_074,keidanren,経済団体,独占禁止法研究会報告書を踏まえた課徴金制度・手続保障の見直しについてのコメント,2017-06-30,20170630,意見,経済基盤,公開,https://www.keidanren.or.jp/policy/2017/074.pdf,2026-08-13,ok,行政改革・規制改革|企業経営・ガバナンス・サステナビリティ,主張・提言
keidanren_2017_049.pdf,keidanren_2017_049,keidanren,経済団体,第３期教育振興基本計画に向けた意見,2017-06-20,20170620,意見,企業社会,公開,https://www.keidanren.or.jp/policy/2017/049_honbun.pdf,2026-08-13,ok,人材・教育|イノベーション・科学技術・スタートアップ|通商・国際経済・国際協力,主張・提言
keidanren_2017_051.pdf,keidanren_2017_051,keidanren,経済団体,アメリカ委員会訪米ミッション,2017-06-20,20170620,提言,地域,公開,https://www.keidanren.or.jp/policy/2017/051.pdf,2026-08-13,ok,通商・国際経済・国際協力|外交・安全保障・経済安全保障,活動記録
keidanren_2017_047.txt,keidanren_2017_047,keidanren,経済団体,経団連・ビジネスヨーロッパ共同リリース,2017-06-13,20170613,提言,貿易投資,公開,https://www.keidanren.or.jp/policy/2017/047.html,2026-08-13,html_text,通商・国際経済・国際協力|産業政策・成長戦略,主張・提言
keidanren_2017_042.pdf,keidanren_2017_042,keidanren,経済団体,「原子力利用に関する基本的考え方（案）」に対する意見,2017-06-05,20170605,意見,環境,公開,https://www.keidanren.or.jp/policy/2017/042.pdf,2026-08-13,ok,エネルギー・環境|マクロ経済・経済財政運営,主張・提言
keidanren_2017_041.pdf,keidanren_2017_041,keidanren,経済団体,2016年9月度 退職金・年金に関する実態調査結果,2017-06-02,20170602,提言,労働,公開,https://www.keidanren.or.jp/policy/2017/041.pdf,2026-08-13,ok,社会保障（年金・医療・介護）|労働・雇用,内部調査・会員アンケート
keidanren_2017_044.txt,keidanren_2017_044,keidanren,経済団体,ＧＤＰ600兆円経済への確固たる道筋をつける,2017-05-31,20170531,提言,総合政策,公開,https://www.keidanren.or.jp/policy/2017/044.html,2026-08-13,html_text,マクロ経済・経済財政運営|人材・教育|労働・雇用,主張・提言
keidanren_2017_040.txt,keidanren_2017_040,keidanren,経済団体,「25周年記念特別基金助成事業」支援プロジェクトの決定,2017-05-23,20170523,提言,環境,公開,https://www.keidanren.or.jp/policy/2017/040.html,2026-08-13,html_text,エネルギー・環境|通商・国際経済・国際協力,活動記録
keidanren_2017_039.pdf,keidanren_2017_039,keidanren,経済団体,ダイバーシティ・インクルージョン社会の実現に向けて,2017-05-16,20170516,提言,企業社会,公開,https://www.keidanren.or.jp/policy/2017/039_honbun.pdf,2026-08-13,ok,多様性・人権・ジェンダー|企業経営・ガバナンス・サステナビリティ,主張・提言
keidanren_2017_036.txt,keidanren_2017_036,keidanren,経済団体,子育て支援策等の財源に関する基本的考え方,2017-04-27,20170427,提言,経済政策,公開,https://www.keidanren.or.jp/policy/2017/036.html,2026-08-13,html_text,こども・子育て・人口|税制・財政|社会保障（年金・医療・介護）,主張・提言
keidanren_2017_033.txt,keidanren_2017_033,keidanren,経済団体,日米経済関係の強靭化に向けた基本的考え方,2017-04-18,20170418,提言,地域,公開,https://www.keidanren.or.jp/policy/2017/033.html,2026-08-13,html_text,通商・国際経済・国際協力|外交・安全保障・経済安全保障|産業政策・成長戦略,主張・提言
keidanren_2017_030.pdf,keidanren_2017_030,keidanren,経済団体,採用選考に関する指針,2017-04-10,20170410,提言,労働,公開,https://www.keidanren.or.jp/policy/2017/030_shishin.pdf,2026-08-13,ok,労働・雇用|人材・教育,主張・提言
keidanren_2017_031.txt,keidanren_2017_031,keidanren,経済団体,インターネットエコノミーに関する日米政府への共同書簡,2017-04-05,20170405,提言,産業技術,公開,https://www.keidanren.or.jp/policy/2017/031.html,2026-08-13,html_text,デジタル・情報通信|通商・国際経済・国際協力,主張・提言
keidanren_2017_026.txt,keidanren_2017_026,keidanren,経済団体,B7共同宣言（抄訳）,2017-03-31,20170331,提言,貿易投資,公開,https://www.keidanren.or.jp/policy/2017/026.html,2026-08-13,html_text,通商・国際経済・国際協力|エネルギー・環境|イノベーション・科学技術・スタートアップ,外部・第三者資料
keidanren_2017_025.pdf,keidanren_2017_025,keidanren,経済団体,2016年度経団連規制改革要望（最終結果）,2017-03-31,20170331,要望,産業政策,公開,https://www.keidanren.or.jp/policy/2016/121_01.pdf,2026-08-13,ok,行政改革・規制改革|国土・住宅・交通・防災|産業政策・成長戦略,主張・提言
keidanren_2017_023.pdf,keidanren_2017_023,keidanren,経済団体,2016年 夏季・冬季 賞与・一時金調査結果,2017-03-30,20170330,提言,労働,公開,https://www.keidanren.or.jp/policy/2017/023.pdf,2026-08-13,ok,労働・雇用,内部調査・会員アンケート
keidanren_2017_021.pdf,keidanren_2017_021,keidanren,経済団体,規制改革・行政手続の簡素化・IT化の一体的推進について,2017-03-29,20170329,提言,産業政策,公開,https://www.keidanren.or.jp/policy/2017/021.pdf,2026-08-13,ok,行政改革・規制改革|デジタル・情報通信|産業政策・成長戦略,主張・提言
keidanren_2017_024.txt,keidanren_2017_024,keidanren,経済団体,柔軟な権利制限規定のあり方,2017-03-29,20170329,提言,産業技術,公開,https://www.keidanren.or.jp/policy/2017/024.html,2026-08-13,html_text,イノベーション・科学技術・スタートアップ|産業政策・成長戦略,主張・提言
keidanren_2017_028.pdf,keidanren_2017_028,keidanren,経済団体,経団連低炭素社会実行計画 中間レビュー報告書,2017-03-28,20170328,報告書,環境,公開,https://www.keidanren.or.jp/policy/2017/028_honbun.pdf,2026-08-13,ok,エネルギー・環境|産業政策・成長戦略,内部調査・会員アンケート
keidanren_2017_029.pdf,keidanren_2017_029,keidanren,経済団体,2016年度 低炭素社会実行計画 第三者評価委員会 評価報告書,2017-03-28,20170328,報告書,環境,公開,https://www.keidanren.or.jp/policy/2017/029.pdf,2026-08-13,ok,エネルギー・環境|産業政策・成長戦略,外部・第三者資料
keidanren_2017_027.pdf,keidanren_2017_027,keidanren,経済団体,英国のEU離脱問題に関する意見,2017-03-14,20170314,意見,地域,公開,https://www.jetro.go.jp/ext_images/_Reports/01/ee4a80e2b846406e/20160098.pdf,2026-08-13,ok,通商・国際経済・国際協力|マクロ経済・経済財政運営,主張・提言
keidanren_2017_019.pdf,keidanren_2017_019,keidanren,経済団体,廃棄物処理分野における情報の電子化の推進に関する提言,2017-03-14,20170314,提言,環境,公開,https://www.keidanren.or.jp/policy/2017/019_honbun.pdf,2026-08-13,ok,エネルギー・環境|行政改革・規制改革|デジタル・情報通信,主張・提言
keidanren_2017_020.pdf,keidanren_2017_020,keidanren,経済団体,環境自主行動計画〔循環型社会形成編〕,2017-03-14,20170314,提言,環境,公開,https://www.keidanren.or.jp/policy/2017/020_gaiyo.pdf,2026-08-13,ok,エネルギー・環境|産業政策・成長戦略,内部調査・会員アンケート
keidanren_2017_034.pdf,keidanren_2017_034,keidanren,経済団体,経団連女性エグゼクティブによる米国ミッション,2017-03-14,20170314,提言,企業社会,公開,https://www.keidanren.or.jp/policy/2017/034.pdf,2026-08-13,needs_ocr,多様性・人権・ジェンダー|通商・国際経済・国際協力,活動記録
keidanren_2017_018.txt,keidanren_2017_018,keidanren,経済団体,時間外労働の上限規制等に関する労使合意,2017-03-13,20170313,提言,労働,公開,https://www.keidanren.or.jp/policy/2017/018.html,2026-08-13,html_text,労働・雇用,主張・提言
keidanren_2017_017.pdf,keidanren_2017_017,keidanren,経済団体,風評払拭に向けた共同アピール,2017-03-10,20170310,提言,総合政策,公開,https://www.keidanren.or.jp/policy/2017/017.pdf,2026-08-13,ok,地域経済・観光・地方創生|農林水産・食料|国土・住宅・交通・防災,主張・提言
keidanren_2017_016.pdf,keidanren_2017_016,keidanren,経済団体,「長期低炭素ビジョン」（素案）に対する意見,2017-02-27,20170227,意見,環境,公開,http://www.env.go.jp/council/06earth/y0618-12/mat02.pdf,2026-08-13,ok,エネルギー・環境|マクロ経済・経済財政運営,主張・提言
keidanren_2017_014.pdf,keidanren_2017_014,keidanren,経済団体,のれんの会計処理に関するアンケート結果の整理,2017-02-20,20170220,資料,経済基盤,公開,https://www.keidanren.or.jp/policy/2017/014.pdf,2026-08-13,ok,企業経営・ガバナンス・サステナビリティ|金融・資本市場,内部調査・会員アンケート
keidanren_2017_015.pdf,keidanren_2017_015,keidanren,経済団体,生物多様性に関するアンケート＜2016年度調査結果＞,2017-02-20,20170220,資料,環境,公開,https://www.keidanren.or.jp/policy/2017/015_kekka.pdf,2026-08-13,ok,エネルギー・環境|企業経営・ガバナンス・サステナビリティ,内部調査・会員アンケート
keidanren_2017_010.pdf,keidanren_2017_010,keidanren,経済団体,Society 5.0実現による日本再興,2017-02-14,20170214,提言,産業技術,公開,https://www.keidanren.or.jp/policy/2017/010_honbun.pdf,2026-08-13,ok,イノベーション・科学技術・スタートアップ|産業政策・成長戦略|デジタル・情報通信,主張・提言
keidanren_2017_011.pdf,keidanren_2017_011,keidanren,経済団体,Society 5.0に向けた電子政府の構築を求める,2017-02-14,20170214,提言,産業政策,公開,https://www.keidanren.or.jp/policy/2017/011_honbun.pdf,2026-08-13,ok,デジタル・情報通信|行政改革・規制改革,主張・提言
keidanren_2017_012.pdf,keidanren_2017_012,keidanren,経済団体,改定「観光立国推進基本計画」に対する意見,2017-02-14,20170214,意見,国土政策,公開,https://www.keidanren.or.jp/policy/2017/012_honbun.pdf,2026-08-13,ok,地域経済・観光・地方創生|行政改革・規制改革|産業政策・成長戦略,主張・提言
keidanren_2017_009.pdf,keidanren_2017_009,keidanren,経済団体,電気事業者による再生可能エネルギー電気の調達に関する特別措置法等の一部を改正する法律の施行に伴う経済産業省関係省令の整備等に関する省令案等への意見,2017-02-10,20170210,意見,環境,公開,https://www.keidanren.or.jp/policy/2017/009.pdf,2026-08-13,ok,エネルギー・環境,主張・提言
keidanren_2017_008.pdf,keidanren_2017_008,keidanren,経済団体,「小規模火力発電等の望ましい自主的な環境アセスメント実務集(案)」への意見,2017-02-02,20170202,意見,環境,公開,https://www.keidanren.or.jp/policy/2017/008.pdf,2026-08-13,ok,エネルギー・環境|行政改革・規制改革,主張・提言
keidanren_2017_007.pdf,keidanren_2017_007,keidanren,経済団体,2016年6月度 定期賃金調査結果,2017-01-26,20170126,提言,労働,公開,https://www.keidanren.or.jp/policy/2017/007.pdf,2026-08-13,ok,労働・雇用,内部調査・会員アンケート
keidanren_2017_006.pdf,keidanren_2017_006,keidanren,経済団体,「廃棄物処理制度専門委員会報告書（案）」に対する意見,2017-01-19,20170119,意見,環境,公開,https://www.keidanren.or.jp/policy/2017/006.pdf,2026-08-13,ok,エネルギー・環境|行政改革・規制改革,主張・提言
keidanren_2017_001.pdf,keidanren_2017_001,keidanren,経済団体,電力システム改革に関する意見,2017-01-17,20170117,意見,環境,公開,https://www.keidanren.or.jp/policy/2017/001_honbun.pdf,2026-08-13,ok,エネルギー・環境|産業政策・成長戦略,主張・提言
keidanren_2017_002.txt,keidanren_2017_002,keidanren,経済団体,2017年版経営労働政策特別委員会報告,2017-01-17,20170117,提言,労働,公開,https://www.keidanren.or.jp/policy/2017/002.html,2026-08-13,html_text,労働・雇用|人材・教育|マクロ経済・経済財政運営,主張・提言
keidanren_2017_003.pdf,keidanren_2017_003,keidanren,経済団体,2016年人事・労務に関するトップ・マネジメント調査結果,2017-01-17,20170117,提言,労働,公開,https://www.keidanren.or.jp/policy/2017/003.pdf,2026-08-13,ok,労働・雇用|人材・教育,内部調査・会員アンケート
keidanren_2017_004.pdf,keidanren_2017_004,keidanren,経済団体,2016年1～6月実施分 昇給・ベースアップ実施状況調査結果,2017-01-17,20170117,資料,労働,公開,https://www.keidanren.or.jp/policy/2017/004.pdf,2026-08-13,ok,労働・雇用,内部調査・会員アンケート
keidanren_2016_123.pdf,keidanren_2016_123,keidanren,経済団体,2016年年末賞与・一時金 大手企業業種別妥結結果,2016-12-21,20161221,提言,労働,公開,https://www.keidanren.or.jp/policy/2016/123.pdf,2026-08-13,ok,労働・雇用,内部調査・会員アンケート
keidanren_2016_118.pdf,keidanren_2016_118,keidanren,経済団体,障害者雇用率の見直しに向けて,2016-12-13,20161213,提言,労働,公開,https://www.keidanren.or.jp/policy/2016/118_honbun.pdf,2026-08-13,ok,労働・雇用|多様性・人権・ジェンダー,主張・提言
keidanren_2016_119.pdf,keidanren_2016_119,keidanren,経済団体,日EU規制協力に関する共同提言,2016-12-13,20161213,提言,貿易投資,公開,https://www.keidanren.or.jp/policy/2016/119_honbun.pdf,2026-08-13,ok,通商・国際経済・国際協力|行政改革・規制改革|産業政策・成長戦略,主張・提言
keidanren_2016_121.pdf,keidanren_2016_121,keidanren,経済団体,2016年度経団連規制改革要望,2016-12-13,20161213,要望,産業政策,公開,https://www.keidanren.or.jp/policy/2016/121_01.pdf,2026-08-13,ok,行政改革・規制改革|国土・住宅・交通・防災,主張・提言
keidanren_2016_116.pdf,keidanren_2016_116,keidanren,経済団体,改正個人情報保護法 施行準備説明会,2016-12-12,20161212,提言,産業技術,公開,https://www.keidanren.or.jp/policy/2016/116_shiryo1.pdf,2026-08-13,ok,デジタル・情報通信|行政改革・規制改革,活動記録
keidanren_2016_113.pdf,keidanren_2016_113,keidanren,経済団体,第60回 福利厚生費調査結果報告,2016-12-09,20161209,提言,労働,公開,https://www.keidanren.or.jp/policy/2016/113_honbun.pdf,2026-08-13,ok,労働・雇用|社会保障（年金・医療・介護）,内部調査・会員アンケート
keidanren_2016_117.txt,keidanren_2016_117,keidanren,経済団体,英国のEU離脱問題について,2016-11-30,20161130,提言,地域,公開,https://www.keidanren.or.jp/policy/2016/117.html,2026-08-13,html_text,通商・国際経済・国際協力|外交・安全保障・経済安全保障,活動記録
keidanren_2016_112.pdf,keidanren_2016_112,keidanren,経済団体,25周年記念特別基金助成事業の実施について,2016-11-28,20161128,提言,環境,公開,https://www.keidanren.or.jp/policy/2016/112_kncf.pdf,2026-08-13,ok,エネルギー・環境|地域経済・観光・地方創生,活動記録
keidanren_2016_110.pdf,keidanren_2016_110,keidanren,経済団体,外国人材受入促進に向けた基本的考え方,2016-11-21,20161121,提言,経済政策,公開,https://www.keidanren.or.jp/policy/2016/110_honbun.pdf,2026-08-13,ok,労働・雇用|人材・教育|外交・安全保障・経済安全保障,主張・提言
keidanren_2016_109.txt,keidanren_2016_109,keidanren,経済団体,「東大・経団連ベンチャー協創会議」を発足,2016-11-16,20161116,提言,産業技術,公開,https://www.keidanren.or.jp/policy/2016/109.html,2026-08-13,html_text,イノベーション・科学技術・スタートアップ|産業政策・成長戦略|人材・教育,活動記録
keidanren_2016_107.txt,keidanren_2016_107,keidanren,経済団体,過重労働防止徹底のお願い,2016-11-15,20161115,提言,労働,公開,https://www.keidanren.or.jp/policy/2016/107.html,2026-08-13,html_text,労働・雇用,主張・提言
keidanren_2016_104.pdf,keidanren_2016_104,keidanren,経済団体,Society 5.0実現に向けた政府研究開発投資の拡充を求める,2016-11-15,20161115,提言,産業技術,公開,https://www.keidanren.or.jp/policy/2016/104_honbun.pdf,2026-08-13,ok,イノベーション・科学技術・スタートアップ|産業政策・成長戦略|税制・財政,主張・提言
keidanren_2016_105.pdf,keidanren_2016_105,keidanren,経済団体,宇宙産業ビジョンの策定に向けた提言,2016-11-15,20161115,提言,産業技術,公開,https://www.keidanren.or.jp/policy/2016/105_honbun.pdf,2026-08-13,ok,イノベーション・科学技術・スタートアップ|産業政策・成長戦略|外交・安全保障・経済安全保障,主張・提言
keidanren_2016_106.pdf,keidanren_2016_106,keidanren,経済団体,戦略的なインフラ・システムの海外展開に向けて,2016-11-15,20161115,提言,国際協力,公開,https://www.keidanren.or.jp/policy/2016/106_honbun.pdf,2026-08-13,ok,通商・国際経済・国際協力|産業政策・成長戦略|エネルギー・環境,主張・提言
keidanren_2016_108.pdf,keidanren_2016_108,keidanren,経済団体,2016年度新卒採用に関するアンケート調査結果,2016-11-15,20161115,資料,労働,公開,https://www.keidanren.or.jp/policy/2016/108_gaiyo.pdf,2026-08-13,ok,労働・雇用|人材・教育,内部調査・会員アンケート
keidanren_2016_103.pdf,keidanren_2016_103,keidanren,経済団体,2015年度福利厚生費調査結果概要,2016-11-14,20161114,提言,労働,公開,https://www.keidanren.or.jp/policy/2016/103.pdf,2026-08-13,ok,労働・雇用|社会保障（年金・医療・介護）,内部調査・会員アンケート
keidanren_2016_101.pdf,keidanren_2016_101,keidanren,経済団体,日印ビジネス・リーダーズ・フォーラム2016共同報告書,2016-11-11,20161111,報告書,地域,公開,https://www.keidanren.or.jp/policy/2016/101_beppyo.pdf,2026-08-13,ok,通商・国際経済・国際協力|税制・財政,活動記録
keidanren_2016_097.txt,keidanren_2016_097,keidanren,経済団体,第２回 日中企業家及び元政府高官対話 共同声明,2016-11-02,20161102,提言,地域,公開,https://www.keidanren.or.jp/policy/2016/097.html,2026-08-13,html_text,通商・国際経済・国際協力|産業政策・成長戦略|エネルギー・環境,主張・提言
keidanren_2016_096.txt,keidanren_2016_096,keidanren,経済団体,グローバル・サービス・コアリションはTiSAの貿易担当大臣に対しタイムリーかつ高いレベルの結果を求める,2016-10-20,20161020,提言,貿易投資,公開,https://www.keidanren.or.jp/policy/2016/096.html,2026-08-13,html_text,通商・国際経済・国際協力|産業政策・成長戦略,外部・第三者資料
keidanren_2016_090.pdf,keidanren_2016_090,keidanren,経済団体,政治との連携強化に関する見解,2016-10-18,20161018,提言,総合政策,公開,https://www.keidanren.or.jp/policy/2016/090.pdf,2026-08-13,ok,政治・統治機構・憲法|マクロ経済・経済財政運営,主張・提言
keidanren_2016_091.pdf,keidanren_2016_091,keidanren,経済団体,主要政党の政策評価 2016,2016-10-18,20161018,提言,総合政策,公開,https://www.keidanren.or.jp/policy/2016/091.pdf,2026-08-13,ok,政治・統治機構・憲法|マクロ経済・経済財政運営|労働・雇用,外部・第三者資料
keidanren_2016_093.pdf,keidanren_2016_093,keidanren,経済団体,医療・介護制度改革に関する経団連の考え方,2016-10-18,20161018,提言,経済政策,公開,https://www.keidanren.or.jp/policy/2016/093_honbun.pdf,2026-08-13,ok,社会保障（年金・医療・介護）|税制・財政,主張・提言
keidanren_2016_094.pdf,keidanren_2016_094,keidanren,経済団体,パリ協定を踏まえた今後の地球温暖化対策に関する提言,2016-10-18,20161018,提言,環境,公開,https://www.keidanren.or.jp/policy/2016/094_honbun.pdf,2026-08-13,ok,エネルギー・環境|通商・国際経済・国際協力,主張・提言
keidanren_2016_092.pdf,keidanren_2016_092,keidanren,経済団体,2015年度 社会貢献活動実績調査結果,2016-10-18,20161018,提言,企業社会,公開,https://www.keidanren.or.jp/policy/2016/092_honbun.pdf,2026-08-13,ok,企業経営・ガバナンス・サステナビリティ,内部調査・会員アンケート
keidanren_2016_089.pdf,keidanren_2016_089,keidanren,経済団体,2016年3月卒「新規学卒者決定初任給調査結果」,2016-10-13,20161013,提言,労働,公開,https://www.keidanren.or.jp/policy/2016/089.pdf,2026-08-13,ok,労働・雇用,内部調査・会員アンケート
keidanren_2016_088.txt,keidanren_2016_088,keidanren,経済団体,第26回 経団連・全経連首脳懇談会 共同声明,2016-10-10,20161010,提言,地域,公開,https://www.keidanren.or.jp/policy/2016/088.html,2026-08-13,html_text,通商・国際経済・国際協力|産業政策・成長戦略|外交・安全保障・経済安全保障,主張・提言
keidanren_2016_087.pdf,keidanren_2016_087,keidanren,経済団体,経団連日本ロシア経済委員会と露日ビジネスカウンシルとの間の協力覚書,2016-10-03,20161003,提言,地域,公開,https://www.keidanren.or.jp/policy/2016/087.pdf,2026-08-13,ok,通商・国際経済・国際協力,活動記録
keidanren_2016_077.pdf,keidanren_2016_077,keidanren,経済団体,輸出・海外展開の加速化に向けて,2016-09-20,20160920,提言,産業政策,公開,https://www.keidanren.or.jp/policy/2016/077_honbun.pdf,2026-08-13,ok,農林水産・食料|通商・国際経済・国際協力|産業政策・成長戦略,主張・提言
keidanren_2016_078.pdf,keidanren_2016_078,keidanren,経済団体,平成29年度税制改正に関する提言,2016-09-20,20160920,提言,経済基盤,公開,https://www.keidanren.or.jp/policy/2016/078_honbun.pdf,2026-08-13,ok,税制・財政,主張・提言
keidanren_2016_080.pdf,keidanren_2016_080,keidanren,経済団体,独占禁止法の審査手続・課徴金制度に関する意見,2016-09-20,20160920,意見,経済基盤,公開,https://www.keidanren.or.jp/policy/2016/080_honbun.pdf,2026-08-13,ok,行政改革・規制改革|企業経営・ガバナンス・サステナビリティ,主張・提言
keidanren_2016_081.pdf,keidanren_2016_081,keidanren,経済団体,2018年入社対象の「採用選考に関する指針」について,2016-09-20,20160920,提言,労働,公開,https://www.keidanren.or.jp/policy/2016/081_shishin.pdf,2026-08-13,ok,労働・雇用|人材・教育,主張・提言
keidanren_2016_079.pdf,keidanren_2016_079,keidanren,経済団体,２０１６ワーク・ライフ・バランスへの取組み状況,2016-09-20,20160920,資料,労働,公開,https://www.keidanren.or.jp/policy/2016/079_gaiyo.pdf,2026-08-13,ok,労働・雇用|企業経営・ガバナンス・サステナビリティ,内部調査・会員アンケート
keidanren_2016_082.txt,keidanren_2016_082,keidanren,経済団体,グローバル・サービス・コアリションはデータローカリゼーションに関し強力かつ明確なTiSAの規律を求める,2016-09-19,20160919,提言,貿易投資,公開,https://www.keidanren.or.jp/policy/2016/082.html,2026-08-13,html_text,通商・国際経済・国際協力|デジタル・情報通信,外部・第三者資料
keidanren_2016_076.txt,keidanren_2016_076,keidanren,経済団体,日EU EPAに関する共同書簡,2016-09-16,20160916,提言,貿易投資,公開,https://www.keidanren.or.jp/policy/2016/076.html,2026-08-13,html_text,通商・国際経済・国際協力,主張・提言
keidanren_2016_075.pdf,keidanren_2016_075,keidanren,経済団体,地域経済活性化に向けた連携協定,2016-09-14,20160914,提言,国土政策,公開,https://www.keidanren.or.jp/policy/2016/075_hokuriku.pdf,2026-08-13,ok,地域経済・観光・地方創生|産業政策・成長戦略|イノベーション・科学技術・スタートアップ,主張・提言
keidanren_2016_073.txt,keidanren_2016_073,keidanren,経済団体,B7共同声明,2016-09-12,20160912,提言,貿易投資,公開,https://www.keidanren.or.jp/policy/2016/073.html,2026-08-13,html_text,通商・国際経済・国際協力,主張・提言
keidanren_2016_072.txt,keidanren_2016_072,keidanren,経済団体,電気事業者による再生可能エネルギー電気の調達に関する特別措置法施行令の一部を改正する政令案等への意見,2016-09-08,20160908,意見,環境,公開,https://www.keidanren.or.jp/policy/2016/072.html,2026-08-13,html_text,エネルギー・環境|産業政策・成長戦略,主張・提言
keidanren_2016_070.txt,keidanren_2016_070,keidanren,経済団体,BEPS行動8～10 利益分割に関する改訂ガイダンス 公開討議草案に対する意見,2016-09-05,20160905,意見,経済基盤,公開,https://www.keidanren.or.jp/policy/2016/070.html,2026-08-13,html_text,税制・財政|通商・国際経済・国際協力,主張・提言
keidanren_2016_071.txt,keidanren_2016_071,keidanren,経済団体,BEPS行動7 PE帰属利得に関する追加ガイダンス 公開討議草案に対する意見,2016-09-05,20160905,意見,経済基盤,公開,https://www.keidanren.or.jp/policy/2016/071.html,2026-08-13,html_text,税制・財政|通商・国際経済・国際協力,主張・提言
keidanren_2016_069.pdf,keidanren_2016_069,keidanren,経済団体,ジャパンコンテンツ総合会議,2016-09-05,20160905,提言,産業政策,公開,https://www.keidanren.or.jp/policy/2016/069_shiryo1.pdf,2026-08-13,ok,産業政策・成長戦略|通商・国際経済・国際協力|地域経済・観光・地方創生,活動記録
keidanren_2016_132.txt,keidanren_2016_132,keidanren,経済団体,土壌制度小委員会の重要論点に関する意見,2016-09-02,20160902,意見,環境,公開,https://www.keidanren.or.jp/policy/2016/132.html,2026-08-13,html_text,エネルギー・環境|産業政策・成長戦略|行政改革・規制改革,主張・提言
keidanren_2016_068.pdf,keidanren_2016_068,keidanren,経済団体,ロシアのビジネス環境等に関するアンケート（2016年度）結果,2016-09-02,20160902,資料,地域,公開,https://www.keidanren.or.jp/policy/2016/068.pdf,2026-08-13,ok,通商・国際経済・国際協力,内部調査・会員アンケート
keidanren_2016_066.txt,keidanren_2016_066,keidanren,経済団体,BEPS行動4 グループ比率ルールの設計・運用要素に係る公開討議草案に対する意見,2016-08-12,20160812,意見,経済基盤,公開,https://www.keidanren.or.jp/policy/2016/066.html,2026-08-13,html_text,税制・財政|通商・国際経済・国際協力,主張・提言
keidanren_2016_065.pdf,keidanren_2016_065,keidanren,経済団体,2016年春季労使交渉・中小企業業種別妥結結果,2016-08-12,20160812,提言,労働,公開,https://www.keidanren.or.jp/policy/2016/065.pdf,2026-08-13,ok,労働・雇用|中小企業,内部調査・会員アンケート
keidanren_2016_074.txt,keidanren_2016_074,keidanren,経済団体,英国のEU離脱問題に関するとりあえずの意見,2016-08-10,20160810,意見,地域,公開,https://www.keidanren.or.jp/policy/2016/074.html,2026-08-13,html_text,通商・国際経済・国際協力|金融・資本市場,主張・提言
keidanren_2016_067.pdf,keidanren_2016_067,keidanren,経済団体,日本経済団体連合会（経団連）とメキシコ国際企業連盟（COMCE）による協力覚書,2016-08-09,20160809,提言,地域,公開,https://www.keidanren.or.jp/policy/2016/067.pdf,2026-08-13,ok,通商・国際経済・国際協力,活動記録
keidanren_2016_063.pdf,keidanren_2016_063,keidanren,経済団体,年休取得促進に向けた秋の重点取り組みのお願い【トップが主導「年休 ３！４！５！」】,2016-08-05,20160805,提言,労働,公開,https://www.keidanren.or.jp/policy/2016/063.pdf,2026-08-13,ok,労働・雇用,主張・提言
keidanren_2016_061.txt,keidanren_2016_061,keidanren,経済団体,新内閣に望む,2016-08-04,20160804,提言,総合政策,公開,https://www.keidanren.or.jp/policy/2016/061.html,2026-08-13,html_text,マクロ経済・経済財政運営|税制・財政|社会保障（年金・医療・介護）,主張・提言
keidanren_2016_060.pdf,keidanren_2016_060,keidanren,経済団体,2016年夏季賞与・一時金 大手企業業種別妥結結果,2016-08-04,20160804,提言,労働,公開,https://www.keidanren.or.jp/policy/2016/060.pdf,2026-08-13,ok,労働・雇用,内部調査・会員アンケート
keidanren_2016_058.txt,keidanren_2016_058,keidanren,経済団体,わが国の経済成長に資するコンテンツの海外展開支援の継続・拡充に関する緊急要望,2016-08-02,20160802,要望,産業政策,公開,https://www.keidanren.or.jp/policy/2016/058.html,2026-08-13,html_text,産業政策・成長戦略|通商・国際経済・国際協力|地域経済・観光・地方創生,主張・提言
keidanren_2016_056.pdf,keidanren_2016_056,keidanren,経済団体,「経営トップによる働き方改革宣言」の公表について,2016-07-27,20160727,提言,労働,公開,https://www.keidanren.or.jp/policy/2016/056_sengen.pdf,2026-08-13,ok,労働・雇用|企業経営・ガバナンス・サステナビリティ,主張・提言
keidanren_2016_055.txt,keidanren_2016_055,keidanren,経済団体,2016年度 業種別団体における年次有給休暇取得促進のための取り組み計画,2016-07-27,20160727,提言,労働,公開,https://www.keidanren.or.jp/policy/2016/055.html,2026-08-13,html_text,労働・雇用,内部調査・会員アンケート
keidanren_2016_054.pdf,keidanren_2016_054,keidanren,経済団体,データ利活用推進のための環境整備を求める,2016-07-19,20160719,提言,産業技術,公開,https://www.keidanren.or.jp/policy/2016/054_honbun.pdf,2026-08-13,ok,デジタル・情報通信|産業政策・成長戦略|通商・国際経済・国際協力,主張・提言
keidanren_2016_053.pdf,keidanren_2016_053,keidanren,経済団体,同一労働同一賃金の実現に向けて,2016-07-19,20160719,提言,労働,公開,https://www.keidanren.or.jp/policy/2016/053_honbun.pdf,2026-08-13,ok,労働・雇用|企業経営・ガバナンス・サステナビリティ,主張・提言
keidanren_2016_052.txt,keidanren_2016_052,keidanren,経済団体,第７回アジア・ビジネス・サミット共同声明,2016-07-16,20160716,提言,地域,公開,https://www.keidanren.or.jp/policy/2016/052.html,2026-08-13,html_text,通商・国際経済・国際協力|エネルギー・環境|イノベーション・科学技術・スタートアップ,主張・提言
keidanren_2016_049.txt,keidanren_2016_049,keidanren,経済団体,ＴＰＰ協定の早期実現を求める,2016-07-13,20160713,提言,貿易投資,公開,https://www.keidanren.or.jp/policy/2016/049.html,2026-08-13,html_text,通商・国際経済・国際協力|産業政策・成長戦略,主張・提言
keidanren_2016_050.txt,keidanren_2016_050,keidanren,経済団体,電気事業者による再生可能エネルギー電気の調達に関する特別措置法施行規則の一部を改正する省令案等への意見,2016-07-13,20160713,意見,環境,公開,https://www.keidanren.or.jp/policy/2016/050.html,2026-08-13,html_text,エネルギー・環境,主張・提言
keidanren_2016_051.txt,keidanren_2016_051,keidanren,経済団体,グローバル・サービス・コアリションとしてサービス貿易に関する新たな協定（ＴiＳＡ）の交渉官に対し野心の高い合意に向けた努力の加速を求める,2016-07-11,20160711,提言,貿易投資,公開,https://www.keidanren.or.jp/policy/2016/051.html,2026-08-13,html_text,通商・国際経済・国際協力|デジタル・情報通信|金融・資本市場,主張・提言
keidanren_2016_046.pdf,keidanren_2016_046,keidanren,経済団体,2016年春季労使交渉・大手企業業種別妥結結果,2016-07-06,20160706,提言,労働,公開,https://www.keidanren.or.jp/policy/2016/046.pdf,2026-08-13,ok,労働・雇用,内部調査・会員アンケート
keidanren_2016_045.pdf,keidanren_2016_045,keidanren,経済団体,2015年度 日本の国際競争力調査結果,2016-06-21,20160621,提言,産業政策,公開,https://www.keidanren.or.jp/policy/2016/045_honbun.pdf,2026-08-13,ok,産業政策・成長戦略|通商・国際経済・国際協力,内部調査・会員アンケート
keidanren_2016_044.txt,keidanren_2016_044,keidanren,経済団体,経団連・ビジネスヨーロッパ共同リリース,2016-06-14,20160614,提言,貿易投資,公開,https://www.keidanren.or.jp/policy/2016/044.html,2026-08-13,html_text,通商・国際経済・国際協力|産業政策・成長戦略,活動記録
keidanren_2016_040.txt,keidanren_2016_040,keidanren,経済団体,ＧＤＰ600兆円経済の実現に向けて,2016-06-02,20160602,提言,総合政策,公開,https://www.keidanren.or.jp/policy/2016/040.html,2026-08-13,html_text,マクロ経済・経済財政運営|産業政策・成長戦略|こども・子育て・人口,主張・提言
keidanren_2016_039.txt,keidanren_2016_039,keidanren,経済団体,経団連・ＵＳＣＩＢ ＴＰＰに関する共同ステートメント,2016-05-27,20160527,提言,貿易投資,公開,https://www.keidanren.or.jp/en/policy/2016/039.html,2026-08-13,html_text,通商・国際経済・国際協力,主張・提言
keidanren_2016_038.pdf,keidanren_2016_038,keidanren,経済団体,「収益認識に関する包括的な会計基準の開発についての意見募集」へのコメント,2016-05-27,20160527,意見,経済基盤,公開,https://www.keidanren.or.jp/policy/2016/038_honbun.pdf,2026-08-13,ok,企業経営・ガバナンス・サステナビリティ|税制・財政,主張・提言
keidanren_2016_036.pdf,keidanren_2016_036,keidanren,経済団体,日中韓FTAならびに東アジア地域包括的経済連携(RCEP)交渉に関する要望,2016-05-17,20160517,要望,貿易投資,公開,https://www.keidanren.or.jp/policy/2016/036_honbun.pdf,2026-08-13,ok,通商・国際経済・国際協力|産業政策・成長戦略,主張・提言
keidanren_2016_037.pdf,keidanren_2016_037,keidanren,経済団体,ホワイトカラー高齢社員の活躍をめぐる現状・課題と取組み,2016-05-17,20160517,提言,労働,公開,https://www.keidanren.or.jp/policy/2016/037_honbun.pdf,2026-08-13,ok,労働・雇用|人材・教育,内部調査・会員アンケート
keidanren_2016_035.pdf,keidanren_2016_035,keidanren,経済団体,容器包装リサイクル制度の施行状況の評価・検討に関する報告書（案）への意見,2016-05-06,20160506,意見,環境,公開,https://www.keidanren.or.jp/policy/2016/035.pdf,2026-08-13,ok,エネルギー・環境|行政改革・規制改革,主張・提言
keidanren_2016_032.pdf,keidanren_2016_032,keidanren,経済団体,B7東京サミット共同提言,2016-04-21,20160421,提言,貿易投資,公開,https://www.keidanren.or.jp/policy/2016/032.pdf,2026-08-13,ok,通商・国際経済・国際協力|マクロ経済・経済財政運営|エネルギー・環境,主張・提言
keidanren_2016_029.pdf,keidanren_2016_029,keidanren,経済団体,新たな経済社会の実現に向けて,2016-04-19,20160419,提言,産業技術,公開,https://www.keidanren.or.jp/policy/2016/029_honbun.pdf,2026-08-13,ok,イノベーション・科学技術・スタートアップ|産業政策・成長戦略|デジタル・情報通信,主張・提言
keidanren_2016_028.pdf,keidanren_2016_028,keidanren,経済団体,大規模災害への対応における官民連携の強化に向けて,2016-04-19,20160419,提言,企業社会,公開,https://www.keidanren.or.jp/policy/2016/028_honbun.pdf,2026-08-13,ok,国土・住宅・交通・防災|行政改革・規制改革,主張・提言
keidanren_2016_030.pdf,keidanren_2016_030,keidanren,経済団体,今後の教育改革に関する基本的考え方,2016-04-19,20160419,提言,企業社会,公開,https://www.keidanren.or.jp/policy/2016/030_honbun.pdf,2026-08-13,ok,人材・教育,主張・提言
keidanren_2016_027.pdf,keidanren_2016_027,keidanren,経済団体,公的統計の改善に向けた提言,2016-04-19,20160419,提言,経済政策,公開,https://www.keidanren.or.jp/policy/2016/027_honbun.pdf,2026-08-13,ok,行政改革・規制改革|マクロ経済・経済財政運営,主張・提言
keidanren_2016_024.pdf,keidanren_2016_024,keidanren,経済団体,BEPSプロジェクトを踏まえた今後の国際課税に関する提言,2016-04-19,20160419,提言,経済基盤,公開,https://www.keidanren.or.jp/policy/2016/024_honbun.pdf,2026-08-13,ok,税制・財政|通商・国際経済・国際協力,主張・提言
keidanren_2016_026.pdf,keidanren_2016_026,keidanren,経済団体,ダイバーシティ促進に向けた取組み事例集,2016-04-19,20160419,提言,労働,公開,https://www.keidanren.or.jp/policy/2016/026_gaiyo.pdf,2026-08-13,ok,多様性・人権・ジェンダー|中小企業|労働・雇用,活動記録
keidanren_2016_023.txt,keidanren_2016_023,keidanren,経済団体,サービス貿易に関する新たな協定（TiSA）交渉に向けて,2016-04-14,20160414,提言,貿易投資,公開,https://www.keidanren.or.jp/policy/2016/023.html,2026-08-13,html_text,通商・国際経済・国際協力,主張・提言
keidanren_2016_022.pdf,keidanren_2016_022,keidanren,経済団体,「地球温暖化対策計画（案）」に対するパブリックコメント,2016-04-08,20160408,意見,環境,公開,https://www.keidanren.or.jp/policy/2016/022.pdf,2026-08-13,ok,エネルギー・環境|産業政策・成長戦略,主張・提言
keidanren_2016_021.pdf,keidanren_2016_021,keidanren,経済団体,2015年 夏季・冬季 賞与・一時金調査結果,2016-03-25,20160325,提言,労働,公開,https://www.keidanren.or.jp/policy/2016/021.pdf,2026-08-13,ok,労働・雇用,内部調査・会員アンケート
keidanren_2016_019.pdf,keidanren_2016_019,keidanren,経済団体,今後の大都市政策の考え方,2016-03-15,20160315,提言,国土政策,公開,https://www.keidanren.or.jp/policy/2016/019_honbun.pdf,2026-08-13,ok,国土・住宅・交通・防災|地域経済・観光・地方創生,主張・提言
keidanren_2016_020.pdf,keidanren_2016_020,keidanren,経済団体,2015年度 低炭素社会実行計画 第三者評価委員会 評価報告書,2016-03-15,20160315,報告書,環境,公開,https://www.keidanren.or.jp/policy/2016/020.pdf,2026-08-13,ok,エネルギー・環境|産業政策・成長戦略,内部調査・会員アンケート
keidanren_2016_018.pdf,keidanren_2016_018,keidanren,経済団体,環境自主行動計画〔循環型社会形成編〕,2016-03-15,20160315,提言,環境,公開,https://www.keidanren.or.jp/policy/2016/018_gaiyo.pdf,2026-08-13,ok,エネルギー・環境|産業政策・成長戦略,内部調査・会員アンケート
keidanren_2016_017.pdf,keidanren_2016_017,keidanren,経済団体,会社法施行規則及び会社計算規則による株式会社の各種書類のひな型（改訂版）,2016-03-09,20160309,提言,経済基盤,公開,https://www.keidanren.or.jp/policy/2016/017.pdf,2026-08-13,ok,企業経営・ガバナンス・サステナビリティ,主張・提言
keidanren_2016_015.pdf,keidanren_2016_015,keidanren,経済団体,日米IED民間作業部会共同声明2016,2016-02-25,20160225,提言,産業技術,公開,https://www.keidanren.or.jp/policy/2016/015_shiryo.pdf,2026-08-13,ok,デジタル・情報通信|通商・国際経済・国際協力|産業政策・成長戦略,活動記録
keidanren_2016_016.pdf,keidanren_2016_016,keidanren,経済団体,経団連シンポジウム 「TPPを活かす」 開催概要,2016-02-22,20160222,提言,貿易投資,公開,https://www.keidanren.or.jp/policy/2016/016/profile.pdf,2026-08-13,ok,通商・国際経済・国際協力,活動記録
keidanren_2016_014.pdf,keidanren_2016_014,keidanren,経済団体,産学官連携による共同研究の強化に向けて,2016-02-16,20160216,提言,産業技術,公開,https://www.keidanren.or.jp/policy/2016/014_honbun.pdf,2026-08-13,ok,イノベーション・科学技術・スタートアップ|産業政策・成長戦略|税制・財政,主張・提言
keidanren_2016_013.pdf,keidanren_2016_013,keidanren,経済団体,2015年度経団連規制改革要望,2016-02-16,20160216,要望,産業政策,公開,https://www.keidanren.or.jp/policy/2016/013_01.pdf,2026-08-13,ok,行政改革・規制改革|国土・住宅・交通・防災,主張・提言
keidanren_2016_012.pdf,keidanren_2016_012,keidanren,経済団体,2015年度新卒採用に関するアンケート調査結果,2016-02-16,20160216,資料,労働,公開,https://www.keidanren.or.jp/policy/2016/012_gaiyo.pdf,2026-08-13,ok,人材・教育|労働・雇用,内部調査・会員アンケート
keidanren_2016_010.pdf,keidanren_2016_010,keidanren,経済団体,「知的財産推進計画2016」の策定に向けた意見,2016-01-29,20160129,意見,産業技術,公開,https://www.keidanren.or.jp/japanese/policy/2009/007.pdf,2026-08-13,ok,イノベーション・科学技術・スタートアップ|産業政策・成長戦略,主張・提言
keidanren_2016_009.pdf,keidanren_2016_009,keidanren,経済団体,2015年6月度 定期賃金調査結果,2016-01-29,20160129,提言,労働,公開,https://www.keidanren.or.jp/policy/2016/009.pdf,2026-08-13,ok,労働・雇用,内部調査・会員アンケート
keidanren_2016_008.pdf,keidanren_2016_008,keidanren,経済団体,第59回 福利厚生費調査結果報告,2016-01-25,20160125,提言,労働,公開,https://www.keidanren.or.jp/policy/2016/008_honbun.pdf,2026-08-13,ok,労働・雇用|企業経営・ガバナンス・サステナビリティ,内部調査・会員アンケート
keidanren_2016_006.pdf,keidanren_2016_006,keidanren,経済団体,サイバーセキュリティ対策の強化に向けた第二次提言,2016-01-19,20160119,提言,産業技術,公開,https://www.keidanren.or.jp/policy/2016/006_honbun.pdf,2026-08-13,ok,デジタル・情報通信|外交・安全保障・経済安全保障|産業政策・成長戦略,主張・提言
keidanren_2016_007.pdf,keidanren_2016_007,keidanren,経済団体,生物応答を利用した排水管理手法（ＷＥＴ手法）の活用の再考を求める,2016-01-19,20160119,提言,環境,公開,https://www.keidanren.or.jp/policy/2016/007_honbun.pdf,2026-08-13,ok,エネルギー・環境|産業政策・成長戦略,主張・提言
keidanren_2016_002.txt,keidanren_2016_002,keidanren,経済団体,2016年版経営労働政策特別委員会報告,2016-01-19,20160119,提言,労働,公開,https://www.keidanren.or.jp/policy/2016/002.html,2026-08-13,html_text,労働・雇用|人材・教育|マクロ経済・経済財政運営,主張・提言
keidanren_2016_003.pdf,keidanren_2016_003,keidanren,経済団体,2015年人事・労務に関するトップ・マネジメント調査結果,2016-01-19,20160119,提言,労働,公開,https://www.keidanren.or.jp/policy/2016/003.pdf,2026-08-13,ok,労働・雇用|人材・教育,内部調査・会員アンケート
keidanren_2016_004.pdf,keidanren_2016_004,keidanren,経済団体,2015年1～6月実施分 昇給・ベースアップ実施状況調査結果,2016-01-19,20160119,資料,労働,公開,https://www.keidanren.or.jp/policy/2016/004.pdf,2026-08-13,ok,労働・雇用,内部調査・会員アンケート
keidanren_2016_005.pdf,keidanren_2016_005,keidanren,経済団体,アフリカの持続可能な成長に貢献するために,2016-01-19,20160119,提言,地域,公開,https://www.keidanren.or.jp/policy/2016/005_honbun.pdf,2026-08-13,ok,通商・国際経済・国際協力|外交・安全保障・経済安全保障|地域経済・観光・地方創生,主張・提言
keidanren_2016_001.pdf,keidanren_2016_001,keidanren,経済団体,再生可能エネルギー導入促進関連制度改革小委員会報告書(案)への意見,2016-01-14,20160114,意見,環境,公開,https://www.keidanren.or.jp/policy/2016/001.pdf,2026-08-13,ok,エネルギー・環境,主張・提言
keidanren_2015_124.txt,keidanren_2015_124,keidanren,経済団体,IASB「アジェンダ協議2015」に対するコメント,2015-12-25,20151225,意見,経済基盤,公開,https://www.keidanren.or.jp/policy/2015/124.html,2026-08-13,html_text,金融・資本市場|企業経営・ガバナンス・サステナビリティ,主張・提言
keidanren_2015_123.pdf,keidanren_2015_123,keidanren,経済団体,事業主拠出金の拡充による子育て支援の充実について,2015-12-24,20151224,提言,経済政策,公開,https://www.keidanren.or.jp/policy/2015/123_shiryo.pdf,2026-08-13,ok,こども・子育て・人口|税制・財政|社会保障（年金・医療・介護）,外部・第三者資料
keidanren_2015_122.pdf,keidanren_2015_122,keidanren,経済団体,関西地区におけるマイナンバー制度開始に関する説明会,2015-12-22,20151222,提言,産業技術,公開,https://www.keidanren.or.jp/policy/2015/122_shiryo1.pdf,2026-08-13,ok,デジタル・情報通信|社会保障（年金・医療・介護）|行政改革・規制改革,活動記録
keidanren_2015_120.pdf,keidanren_2015_120,keidanren,経済団体,2015年年末賞与・一時金 大手企業業種別妥結結果,2015-12-18,20151218,提言,労働,公開,https://www.keidanren.or.jp/policy/2015/120.pdf,2026-08-13,ok,労働・雇用,内部調査・会員アンケート
keidanren_2015_121.pdf,keidanren_2015_121,keidanren,経済団体,2014年度福利厚生費調査結果の概要,2015-12-18,20151218,提言,労働,公開,https://www.keidanren.or.jp/policy/2015/121.pdf,2026-08-13,ok,労働・雇用|社会保障（年金・医療・介護）,内部調査・会員アンケート
keidanren_2015_118.pdf,keidanren_2015_118,keidanren,経済団体,「新たな基幹産業の育成」に資するベンチャー企業の創出・育成に向けて,2015-12-15,20151215,提言,産業技術,公開,https://www.keidanren.or.jp/policy/2015/118_honbun.pdf,2026-08-13,ok,イノベーション・科学技術・スタートアップ|産業政策・成長戦略|税制・財政,主張・提言
keidanren_2015_119.pdf,keidanren_2015_119,keidanren,経済団体,投資協定等の締結加速を求める,2015-12-15,20151215,提言,貿易投資,公開,https://www.keidanren.or.jp/policy/2015/119_honbun.pdf,2026-08-13,ok,通商・国際経済・国際協力|外交・安全保障・経済安全保障,主張・提言
keidanren_2015_117.pdf,keidanren_2015_117,keidanren,経済団体,2015年度経団連規制改革要望（中間報告）,2015-12-15,20151215,要望,産業政策,公開,https://www.keidanren.or.jp/policy/2015/117_01.pdf,2026-08-13,ok,行政改革・規制改革|地域経済・観光・地方創生|産業政策・成長戦略,主張・提言
keidanren_2015_116.pdf,keidanren_2015_116,keidanren,経済団体,マイナンバー制度開始説明会,2015-12-14,20151214,提言,産業技術,公開,https://www.keidanren.or.jp/policy/2015/116_shiryo1.pdf,2026-08-13,ok,デジタル・情報通信|行政改革・規制改革,活動記録
keidanren_2015_115.pdf,keidanren_2015_115,keidanren,経済団体,日印ビジネス・リーダーズ・フォーラム2015共同報告書,2015-12-11,20151211,報告書,地域,公開,https://www.keidanren.or.jp/policy/2015/115_beppyo.pdf,2026-08-13,ok,通商・国際経済・国際協力|税制・財政|金融・資本市場,活動記録
keidanren_2015_112.pdf,keidanren_2015_112,keidanren,経済団体,採用選考に関する指針,2015-12-07,20151207,提言,労働,公開,https://www.keidanren.or.jp/policy/2015/112_shishin.pdf,2026-08-13,ok,労働・雇用|人材・教育,主張・提言
keidanren_2015_114.txt,keidanren_2015_114,keidanren,経済団体,WTO第10回閣僚会合に向けた共同提言,2015-12-07,20151207,提言,貿易投資,公開,https://www.keidanren.or.jp/policy/2015/114.html,2026-08-13,html_text,通商・国際経済・国際協力,主張・提言
keidanren_2015_113.pdf,keidanren_2015_113,keidanren,経済団体,日ロ経済関係の基本的な考え方,2015-12-07,20151207,提言,地域,公開,https://www.keidanren.or.jp/policy/2015/113.pdf,2026-08-13,ok,通商・国際経済・国際協力|産業政策・成長戦略,主張・提言
keidanren_2015_111.txt,keidanren_2015_111,keidanren,経済団体,コンテンツの海外展開に対する支援の継続・拡充に関する緊急要望,2015-11-30,20151130,要望,産業政策,公開,https://www.keidanren.or.jp/policy/2015/111.html,2026-08-13,html_text,産業政策・成長戦略|通商・国際経済・国際協力|地域経済・観光・地方創生,主張・提言
keidanren_2015_110.pdf,keidanren_2015_110,keidanren,経済団体,IFRS財団「体制とその有効性に関する評議員会のレビュー」へのコメント,2015-11-27,20151127,意見,経済基盤,公開,https://www.keidanren.or.jp/policy/2015/110.pdf,2026-08-13,ok,金融・資本市場|企業経営・ガバナンス・サステナビリティ,主張・提言
keidanren_2015_108.pdf,keidanren_2015_108,keidanren,経済団体,IASB公開草案「財務報告に関する概念フレームワーク」に関する意見,2015-11-25,20151125,意見,経済基盤,公開,https://www.keidanren.or.jp/policy/2015/108.pdf,2026-08-13,ok,企業経営・ガバナンス・サステナビリティ|金融・資本市場,主張・提言
keidanren_2015_107.txt,keidanren_2015_107,keidanren,経済団体,平成28年度診療報酬改定に関する要請,2015-11-18,20151118,提言,経済政策,公開,https://www.keidanren.or.jp/policy/2015/107.html,2026-08-13,html_text,社会保障（年金・医療・介護）|税制・財政,主張・提言
keidanren_2015_106.txt,keidanren_2015_106,keidanren,経済団体,マイナンバーを社会基盤とするデジタル社会の推進に向けた提言,2015-11-17,20151117,提言,産業技術,公開,https://www.keidanren.or.jp/policy/2015/106.html,2026-08-13,html_text,デジタル・情報通信|行政改革・規制改革|税制・財政,主張・提言
keidanren_2015_105.pdf,keidanren_2015_105,keidanren,経済団体,戦略的なインフラ・システムの海外展開に向けて,2015-11-17,20151117,提言,国際協力,公開,https://www.keidanren.or.jp/policy/2015/105_honbun.pdf,2026-08-13,ok,通商・国際経済・国際協力|産業政策・成長戦略|外交・安全保障・経済安全保障,主張・提言
keidanren_2015_104.txt,keidanren_2015_104,keidanren,経済団体,第１回日中企業家及び元政府高官対話共同声明,2015-11-13,20151113,提言,地域,公開,https://www.keidanren.or.jp/policy/2015/104.html,2026-08-13,html_text,通商・国際経済・国際協力|産業政策・成長戦略,主張・提言
keidanren_2015_095.pdf,keidanren_2015_095,keidanren,経済団体,女性活躍推進法施行に関する説明会,2015-11-13,20151113,提言,企業社会,公開,https://www.keidanren.or.jp/policy/2015/095_shiryo.pdf,2026-08-13,ok,多様性・人権・ジェンダー|労働・雇用,活動記録
keidanren_2015_103.pdf,keidanren_2015_103,keidanren,経済団体,日EU規制協力の推進を改めて求める,2015-11-11,20151111,提言,貿易投資,公開,http://www.meti.go.jp/press/2014/03/20150317005/20150317005.pdf,2026-08-13,error,通商・国際経済・国際協力|行政改革・規制改革,主張・提言
keidanren_2015_100.pdf,keidanren_2015_100,keidanren,経済団体,「健康経営」への取り組み状況,2015-11-09,20151109,資料,経済政策,公開,https://www.keidanren.or.jp/policy/2015/100_gaiyo.pdf,2026-08-13,ok,社会保障（年金・医療・介護）|労働・雇用|企業経営・ガバナンス・サステナビリティ,内部調査・会員アンケート
keidanren_2015_101.pdf,keidanren_2015_101,keidanren,経済団体,地球温暖化対策税の使途拡大等に反対する,2015-11-09,20151109,提言,環境,公開,https://www.keidanren.or.jp/policy/2015/101.pdf,2026-08-13,ok,税制・財政|エネルギー・環境,主張・提言
keidanren_2015_097.txt,keidanren_2015_097,keidanren,経済団体,日韓国交正常化50周年記念シンポジウム 共同アピール,2015-10-26,20151026,提言,地域,公開,https://www.keidanren.or.jp/policy/2015/097.html,2026-08-13,html_text,通商・国際経済・国際協力|外交・安全保障・経済安全保障,主張・提言
keidanren_2015_096.txt,keidanren_2015_096,keidanren,経済団体,第25回経団連・全経連首脳懇談会 共同声明,2015-10-26,20151026,提言,地域,公開,https://www.keidanren.or.jp/policy/2015/096.html,2026-08-13,html_text,通商・国際経済・国際協力|イノベーション・科学技術・スタートアップ|外交・安全保障・経済安全保障,活動記録
keidanren_2015_098.txt,keidanren_2015_098,keidanren,経済団体,GSC（グローバル・サービス・コアリション）による声明,2015-10-21,20151021,提言,貿易投資,公開,https://www.keidanren.or.jp/policy/2015/098.html,2026-08-13,html_text,通商・国際経済・国際協力,主張・提言
keidanren_2015_091.pdf,keidanren_2015_091,keidanren,経済団体,政治との連携強化に関する見解,2015-10-20,20151020,提言,総合政策,公開,https://www.keidanren.or.jp/policy/2015/091.pdf,2026-08-13,ok,政治・統治機構・憲法|マクロ経済・経済財政運営,主張・提言
keidanren_2015_088.pdf,keidanren_2015_088,keidanren,経済団体,主要政党の政策評価 2015,2015-10-20,20151020,提言,総合政策,公開,https://www.keidanren.or.jp/policy/2015/088.pdf,2026-08-13,ok,政治・統治機構・憲法|マクロ経済・経済財政運営|外交・安全保障・経済安全保障,外部・第三者資料
keidanren_2015_092.pdf,keidanren_2015_092,keidanren,経済団体,規制改革の今後の進め方に関する意見,2015-10-20,20151020,意見,産業政策,公開,https://www.keidanren.or.jp/policy/2015/092_honbun.pdf,2026-08-13,ok,行政改革・規制改革|産業政策・成長戦略|エネルギー・環境,主張・提言
keidanren_2015_093.pdf,keidanren_2015_093,keidanren,経済団体,企業の競争力強化と豊かな生活を支える物流のあり方,2015-10-20,20151020,提言,産業政策,公開,https://www.keidanren.or.jp/policy/2015/093_honbun.pdf,2026-08-13,ok,国土・住宅・交通・防災|産業政策・成長戦略|労働・雇用,主張・提言
keidanren_2015_094.txt,keidanren_2015_094,keidanren,経済団体,第５期科学技術基本計画の策定に向けた緊急提言,2015-10-20,20151020,提言,産業技術,公開,https://www.keidanren.or.jp/policy/2015/094.html,2026-08-13,html_text,イノベーション・科学技術・スタートアップ|税制・財政|産業政策・成長戦略,主張・提言
keidanren_2015_089.pdf,keidanren_2015_089,keidanren,経済団体,2014年度 社会貢献活動実績調査結果,2015-10-20,20151020,提言,企業社会,公開,https://www.keidanren.or.jp/policy/2015/089_honbun.pdf,2026-08-13,ok,企業経営・ガバナンス・サステナビリティ,内部調査・会員アンケート
keidanren_2015_090.pdf,keidanren_2015_090,keidanren,経済団体,2015年3月卒「新規学卒者決定初任給調査結果」,2015-10-16,20151016,提言,労働,公開,https://www.keidanren.or.jp/policy/2015/090.pdf,2026-08-13,ok,労働・雇用,内部調査・会員アンケート
keidanren_2015_087.txt,keidanren_2015_087,keidanren,経済団体,新内閣に望む,2015-10-13,20151013,提言,総合政策,公開,https://www.keidanren.or.jp/policy/2015/087.html,2026-08-13,html_text,マクロ経済・経済財政運営|税制・財政|エネルギー・環境,主張・提言
keidanren_2015_086.txt,keidanren_2015_086,keidanren,経済団体,「第８次水質総量削減の在り方について」（総量削減専門委員会報告案）に対する意見,2015-10-05,20151005,意見,環境,公開,https://www.keidanren.or.jp/policy/2015/086.html,2026-08-13,html_text,エネルギー・環境,主張・提言
keidanren_2015_084.txt,keidanren_2015_084,keidanren,経済団体,消費者契約法専門調査会「中間取りまとめ」に対する意見,2015-09-30,20150930,意見,経済基盤,公開,https://www.keidanren.or.jp/policy/2015/084.html,2026-08-13,html_text,行政改革・規制改革|金融・資本市場,主張・提言
keidanren_2015_085.txt,keidanren_2015_085,keidanren,経済団体,特定商取引法専門調査会「中間整理」に対する意見,2015-09-30,20150930,意見,経済基盤,公開,https://www.keidanren.or.jp/policy/2015/085.html,2026-08-13,html_text,行政改革・規制改革|企業経営・ガバナンス・サステナビリティ,主張・提言
keidanren_2015_083.pdf,keidanren_2015_083,keidanren,経済団体,ワーク・ライフ・バランスへの取組状況,2015-09-30,20150930,資料,労働,公開,https://www.keidanren.or.jp/policy/2015/083_gaiyo.pdf,2026-08-13,ok,労働・雇用|人材・教育,内部調査・会員アンケート
keidanren_2015_082.pdf,keidanren_2015_082,keidanren,経済団体,マイナンバー法施行直前説明会,2015-09-25,20150925,提言,産業技術,公開,https://www.keidanren.or.jp/policy/2015/082_shiryo1.pdf,2026-08-13,ok,デジタル・情報通信|行政改革・規制改革|社会保障（年金・医療・介護）,活動記録
keidanren_2015_081.pdf,keidanren_2015_081,keidanren,経済団体,ロシアのビジネス環境等に関するアンケート（2015年度）結果,2015-09-17,20150917,資料,地域,公開,https://www.keidanren.or.jp/policy/2015/081.pdf,2026-08-13,ok,通商・国際経済・国際協力,内部調査・会員アンケート
keidanren_2015_078.pdf,keidanren_2015_078,keidanren,経済団体,生活サービス産業が2025年の社会を変える,2015-09-15,20150915,提言,産業政策,公開,https://www.keidanren.or.jp/policy/2015/078_honbun.pdf,2026-08-13,ok,産業政策・成長戦略|社会保障（年金・医療・介護）|地域経済・観光・地方創生,主張・提言
keidanren_2015_079.pdf,keidanren_2015_079,keidanren,経済団体,地方創生に向けた経団連アクションプログラム,2015-09-15,20150915,提言,国土政策,公開,https://www.keidanren.or.jp/policy/2015/079a.pdf,2026-08-13,ok,地域経済・観光・地方創生|税制・財政,内部調査・会員アンケート
keidanren_2015_080.pdf,keidanren_2015_080,keidanren,経済団体,防衛産業政策の実行に向けた提言,2015-09-15,20150915,提言,産業技術,公開,https://www.keidanren.or.jp/policy/2015/080_honbun.pdf,2026-08-13,ok,外交・安全保障・経済安全保障|産業政策・成長戦略,主張・提言
keidanren_2015_077.pdf,keidanren_2015_077,keidanren,経済団体,新たな気候変動枠組みの構築に向けた提言,2015-09-11,20150911,提言,環境,公開,https://www.keidanren.or.jp/policy/2015/077_honbun.pdf,2026-08-13,ok,エネルギー・環境|通商・国際経済・国際協力,主張・提言
keidanren_2015_076.txt,keidanren_2015_076,keidanren,経済団体,国立大学改革に関する考え方,2015-09-09,20150909,提言,企業社会,公開,https://www.keidanren.or.jp/policy/2015/076.html,2026-08-13,html_text,人材・教育|イノベーション・科学技術・スタートアップ|産業政策・成長戦略,主張・提言
keidanren_2015_075.pdf,keidanren_2015_075,keidanren,経済団体,平成28年度税制改正に関する提言,2015-09-08,20150908,提言,経済基盤,公開,https://www.keidanren.or.jp/policy/2015/075_honbun.pdf,2026-08-13,ok,税制・財政,主張・提言
keidanren_2015_074.pdf,keidanren_2015_074,keidanren,経済団体,「日本ブラジル経済連携協定」実現に向けたロードマップ,2015-09-01,20150901,提言,地域,公開,https://www.keidanren.or.jp/policy/2015/074.pdf,2026-08-13,ok,通商・国際経済・国際協力|産業政策・成長戦略,主張・提言
keidanren_2015_073.pdf,keidanren_2015_073,keidanren,経済団体,「水質汚濁に係る生活環境の保全に関する環境基準の見直し」（報告案）に対する意見,2015-08-31,20150831,意見,環境,公開,https://www.keidanren.or.jp/policy/2015/073.pdf,2026-08-13,ok,エネルギー・環境|産業政策・成長戦略,主張・提言
keidanren_2015_072.pdf,keidanren_2015_072,keidanren,経済団体,2015年春季労使交渉・中小企業業種別妥結結果,2015-08-07,20150807,提言,労働,公開,https://www.keidanren.or.jp/policy/2015/072.pdf,2026-08-13,ok,労働・雇用|中小企業,内部調査・会員アンケート
keidanren_2015_071.pdf,keidanren_2015_071,keidanren,経済団体,2015年夏季賞与・一時金 大手企業業種別妥結結果,2015-07-30,20150730,提言,労働,公開,https://www.keidanren.or.jp/policy/2015/071.pdf,2026-08-13,ok,労働・雇用,内部調査・会員アンケート
keidanren_2015_070.txt,keidanren_2015_070,keidanren,経済団体,アジア太平洋地域経済団体によるＴＰＰに関する声明,2015-07-27,20150727,提言,貿易投資,公開,https://www.keidanren.or.jp/policy/2015/070.html,2026-08-13,html_text,通商・国際経済・国際協力,主張・提言
keidanren_2015_069.txt,keidanren_2015_069,keidanren,経済団体,経団連 訪米ミッションの模様について,2015-07-21,20150721,提言,地域,公開,https://www.keidanren.or.jp/policy/2015/069.html,2026-08-13,html_text,通商・国際経済・国際協力,活動記録
keidanren_2015_068.txt,keidanren_2015_068,keidanren,経済団体,理工系女子育成のためのイベントとシンポジウムを開催します,2015-07-17,20150717,提言,企業社会,公開,https://www.keidanren.or.jp/policy/2015/068.html,2026-08-13,html_text,多様性・人権・ジェンダー|人材・教育,活動記録
keidanren_2015_067.txt,keidanren_2015_067,keidanren,経済団体,労働者派遣法改正案の早期成立を求める,2015-07-14,20150714,提言,労働,公開,https://www.keidanren.or.jp/policy/2015/067.html,2026-08-13,html_text,労働・雇用|行政改革・規制改革,主張・提言
keidanren_2015_066.txt,keidanren_2015_066,keidanren,経済団体,第６回アジア・ビジネス・サミット共同声明,2015-07-13,20150713,提言,地域,公開,https://www.keidanren.or.jp/policy/2015/066.html,2026-08-13,html_text,通商・国際経済・国際協力|国土・住宅・交通・防災|エネルギー・環境,主張・提言
keidanren_2015_065.txt,keidanren_2015_065,keidanren,経済団体,新しい東北の創生に向けた共同声明,2015-07-09,20150709,提言,総合政策,公開,https://www.keidanren.or.jp/policy/2015/065.html,2026-08-13,html_text,地域経済・観光・地方創生|農林水産・食料|産業政策・成長戦略,主張・提言
keidanren_2015_064.txt,keidanren_2015_064,keidanren,経済団体,名古屋議定書に関する検討の視点,2015-07-03,20150703,提言,環境,公開,https://www.keidanren.or.jp/policy/2015/064.html,2026-08-13,html_text,エネルギー・環境|通商・国際経済・国際協力|産業政策・成長戦略,主張・提言
keidanren_2015_062.pdf,keidanren_2015_062,keidanren,経済団体,長期エネルギー需給見通し（案）に対する意見,2015-07-01,20150701,意見,環境,公開,https://www.keidanren.or.jp/policy/2015/062.pdf,2026-08-13,ok,エネルギー・環境|産業政策・成長戦略,主張・提言
keidanren_2015_061.pdf,keidanren_2015_061,keidanren,経済団体,「日本の約束草案（政府原案）」に対する意見,2015-06-29,20150629,意見,環境,公開,https://www.keidanren.or.jp/policy/2015/061.pdf,2026-08-13,ok,エネルギー・環境|外交・安全保障・経済安全保障,主張・提言
keidanren_2015_063.txt,keidanren_2015_063,keidanren,経済団体,「さんきゅうパパプロジェクト」への協力,2015-06-29,20150629,提言,経済政策,公開,https://www.keidanren.or.jp/policy/2015/063.html,2026-08-13,html_text,こども・子育て・人口|多様性・人権・ジェンダー,活動記録
keidanren_2015_060.pdf,keidanren_2015_060,keidanren,経済団体,2015年春季労使交渉・大手企業業種別妥結結果,2015-06-19,20150619,提言,労働,公開,https://www.keidanren.or.jp/policy/2015/060.pdf,2026-08-13,ok,労働・雇用,内部調査・会員アンケート
keidanren_2015_059.txt,keidanren_2015_059,keidanren,経済団体,BEPS行動8（評価困難な無形資産）に係わる公開討議草案に対する意見,2015-06-18,20150618,意見,経済基盤,公開,https://www.keidanren.or.jp/policy/2015/059.html,2026-08-13,html_text,税制・財政|通商・国際経済・国際協力,主張・提言
keidanren_2015_058.txt,keidanren_2015_058,keidanren,経済団体,BEPS行動6（条約の濫用防止）に係わる改訂討議草案に対する意見,2015-06-17,20150617,意見,経済基盤,公開,https://www.keidanren.or.jp/policy/2015/058.html,2026-08-13,html_text,税制・財政|通商・国際経済・国際協力,主張・提言
keidanren_2015_057.txt,keidanren_2015_057,keidanren,経済団体,BEPS行動7（PE認定の人為的回避の防止）に係わる改訂公開討議草案に対する意見,2015-06-12,20150612,意見,経済基盤,公開,https://www.keidanren.or.jp/policy/2015/057.html,2026-08-13,html_text,税制・財政|通商・国際経済・国際協力,主張・提言
keidanren_2015_056.txt,keidanren_2015_056,keidanren,経済団体,「骨太方針2015」の策定に向けた被用者保険関係５団体の意見,2015-06-05,20150605,意見,経済政策,公開,https://www.keidanren.or.jp/policy/2015/056.html,2026-08-13,html_text,社会保障（年金・医療・介護）|税制・財政,主張・提言
keidanren_2015_054.txt,keidanren_2015_054,keidanren,経済団体,豊かで活力ある日本を再生する,2015-06-02,20150602,提言,総合政策,公開,https://www.keidanren.or.jp/policy/2015/054.html,2026-08-13,html_text,マクロ経済・経済財政運営|産業政策・成長戦略|労働・雇用,主張・提言
keidanren_2015_052.txt,keidanren_2015_052,keidanren,経済団体,BEPS行動8（費用分担取極）に係わる公開討議草案に対する意見,2015-05-29,20150529,意見,経済基盤,公開,https://www.keidanren.or.jp/policy/2015/052.html,2026-08-13,html_text,税制・財政|通商・国際経済・国際協力,主張・提言
keidanren_2015_053.pdf,keidanren_2015_053,keidanren,経済団体,Ｂ７コミュニケの主要ポイント,2015-05-20,20150520,提言,貿易投資,公開,https://www.keidanren.or.jp/policy/2015/053_B7-Communique.pdf,2026-08-13,ok,通商・国際経済・国際協力|イノベーション・科学技術・スタートアップ|産業政策・成長戦略,主張・提言
keidanren_2015_048.pdf,keidanren_2015_048,keidanren,経済団体,財政健全化計画の策定に向けた提言,2015-05-19,20150519,提言,経済政策,公開,https://www.keidanren.or.jp/policy/2015/048_honbun.pdf,2026-08-13,ok,税制・財政|マクロ経済・経済財政運営|社会保障（年金・医療・介護）,主張・提言
keidanren_2015_049.pdf,keidanren_2015_049,keidanren,経済団体,2014年度 日本の国際競争力調査結果,2015-05-19,20150519,提言,産業政策,公開,https://www.keidanren.or.jp/policy/2015/049_honbun.pdf,2026-08-13,ok,産業政策・成長戦略|通商・国際経済・国際協力,内部調査・会員アンケート
keidanren_2015_050.pdf,keidanren_2015_050,keidanren,経済団体,多角的自由貿易投資体制の再構築を求める,2015-05-19,20150519,提言,貿易投資,公開,https://www.keidanren.or.jp/policy/2015/050_honbun.pdf,2026-08-13,ok,通商・国際経済・国際協力,主張・提言
keidanren_2015_047.txt,keidanren_2015_047,keidanren,経済団体,イノベーション推進を担う新興企業等の創出を目指して,2015-05-19,20150519,提言,産業政策,公開,https://www.keidanren.or.jp/policy/2015/047.html,2026-08-13,html_text,イノベーション・科学技術・スタートアップ|地域経済・観光・地方創生|産業政策・成長戦略,主張・提言
keidanren_2015_046.pdf,keidanren_2015_046,keidanren,経済団体,「経済界と農業界の連携強化ワーキンググループ」提携プロジェクト創出に向けた取り組みについて,2015-05-15,20150515,提言,産業政策,公開,https://www.keidanren.or.jp/policy/2015/046_thema.pdf,2026-08-13,ok,農林水産・食料|産業政策・成長戦略|イノベーション・科学技術・スタートアップ,活動記録
keidanren_2015_045.pdf,keidanren_2015_045,keidanren,経済団体,一般社団・財団法人法施行規則による一般社団法人の各種書類のひな型（改訂版）,2015-05-07,20150507,提言,経済基盤,公開,https://www.keidanren.or.jp/policy/2015/045.pdf,2026-08-13,ok,企業経営・ガバナンス・サステナビリティ|行政改革・規制改革,主張・提言
keidanren_2015_044.txt,keidanren_2015_044,keidanren,経済団体,BEPS行動3（CFC税制）に係わる公開討議草案に対する意見,2015-04-30,20150430,意見,経済基盤,公開,https://www.keidanren.or.jp/policy/2015/044.html,2026-08-13,html_text,税制・財政|通商・国際経済・国際協力,主張・提言
keidanren_2015_043.txt,keidanren_2015_043,keidanren,経済団体,BEPS行動12（義務的情報開示ルール）に係わる公開討議草案に対する意見,2015-04-28,20150428,意見,経済基盤,公開,https://www.keidanren.or.jp/policy/2015/043.html,2026-08-13,html_text,税制・財政|通商・国際経済・国際協力,主張・提言
keidanren_2015_042.pdf,keidanren_2015_042,keidanren,経済団体,2014年9月度 退職金・年金に関する実態調査結果,2015-04-28,20150428,提言,労働,公開,https://www.keidanren.or.jp/policy/2015/042.pdf,2026-08-13,ok,社会保障（年金・医療・介護）|労働・雇用,内部調査・会員アンケート
keidanren_2015_041.txt,keidanren_2015_041,keidanren,経済団体,経団連・ビジネスヨーロッパ共同リリース,2015-04-23,20150423,提言,貿易投資,公開,https://www.keidanren.or.jp/policy/2015/041.html,2026-08-13,html_text,通商・国際経済・国際協力,活動記録
keidanren_2015_037.pdf,keidanren_2015_037,keidanren,経済団体,人口減少への対応は待ったなし,2015-04-14,20150414,提言,経済政策,公開,https://www.keidanren.or.jp/policy/2015/037_honbun.pdf,2026-08-13,ok,こども・子育て・人口|労働・雇用|地域経済・観光・地方創生,主張・提言
keidanren_2015_038.pdf,keidanren_2015_038,keidanren,経済団体,わが国経済外交のあり方に関する提言,2015-04-14,20150414,提言,貿易投資,公開,https://www.keidanren.or.jp/policy/2015/038_honbun.pdf,2026-08-13,ok,外交・安全保障・経済安全保障|通商・国際経済・国際協力|エネルギー・環境,主張・提言
keidanren_2015_036.pdf,keidanren_2015_036,keidanren,経済団体,社会保障分野のマイナンバー制度導入説明会,2015-04-13,20150413,提言,産業技術,公開,https://www.keidanren.or.jp/policy/2015/036_shiryo1.pdf,2026-08-13,ok,デジタル・情報通信|社会保障（年金・医療・介護）|行政改革・規制改革,活動記録
keidanren_2015_035.pdf,keidanren_2015_035,keidanren,経済団体,会社法施行規則及び会社計算規則による株式会社の各種書類のひな型（改訂版）,2015-04-10,20150410,提言,経済基盤,公開,https://www.keidanren.or.jp/policy/2015/035.pdf,2026-08-13,ok,企業経営・ガバナンス・サステナビリティ|行政改革・規制改革,主張・提言
keidanren_2015_034.txt,keidanren_2015_034,keidanren,経済団体,行政改革のあり方に関する論点整理,2015-04-06,20150406,提言,産業政策,公開,https://www.keidanren.or.jp/policy/2015/034.html,2026-08-13,html_text,行政改革・規制改革|政治・統治機構・憲法,主張・提言
keidanren_2015_031.pdf,keidanren_2015_031,keidanren,経済団体,2030年に向けた経団連低炭素社会実行計画（フェーズⅡ）,2015-04-06,20150406,提言,環境,公開,https://www.keidanren.or.jp/policy/2015/031_honbun.pdf,2026-08-13,ok,エネルギー・環境|産業政策・成長戦略,主張・提言
keidanren_2015_032.pdf,keidanren_2015_032,keidanren,経済団体,新たなエネルギーミックスの策定に向けて,2015-04-06,20150406,提言,環境,公開,https://www.keidanren.or.jp/policy/2015/032_honbun.pdf,2026-08-13,ok,エネルギー・環境|マクロ経済・経済財政運営,主張・提言
keidanren_2015_033.pdf,keidanren_2015_033,keidanren,経済団体,地球規模の削減に向け実効ある気候変動政策を求める,2015-04-06,20150406,提言,環境,公開,https://www.keidanren.or.jp/policy/2015/033_honbun.pdf,2026-08-13,ok,エネルギー・環境|通商・国際経済・国際協力|産業政策・成長戦略,主張・提言
keidanren_2015_030.pdf,keidanren_2015_030,keidanren,経済団体,エネルギー問題に関する緊急アンケート結果,2015-04-02,20150402,資料,環境,公開,https://www.keidanren.or.jp/policy/2015/030.pdf,2026-08-13,ok,エネルギー・環境|産業政策・成長戦略,内部調査・会員アンケート
keidanren_2015_029.pdf,keidanren_2015_029,keidanren,経済団体,2014年 夏季・冬季 賞与・一時金調査結果,2015-03-27,20150327,提言,労働,公開,https://www.keidanren.or.jp/policy/2015/029.pdf,2026-08-13,ok,労働・雇用,内部調査・会員アンケート
keidanren_2015_039.pdf,keidanren_2015_039,keidanren,経済団体,2014年度 低炭素社会実行計画 第三者評価委員会 評価報告書,2015-03-18,20150318,報告書,環境,公開,https://www.keidanren.or.jp/policy/2015/039.pdf,2026-08-13,ok,エネルギー・環境|産業政策・成長戦略,外部・第三者資料
keidanren_2015_026.pdf,keidanren_2015_026,keidanren,経済団体,未来創造に資する「科学技術イノベーション基本計画」への進化を求める,2015-03-17,20150317,提言,産業技術,公開,https://www.keidanren.or.jp/policy/2015/026_honbun.pdf,2026-08-13,ok,イノベーション・科学技術・スタートアップ|産業政策・成長戦略|地域経済・観光・地方創生,主張・提言
keidanren_2015_025.pdf,keidanren_2015_025,keidanren,経済団体,海洋産業の振興に向けた提言,2015-03-17,20150317,提言,産業政策,公開,https://www.keidanren.or.jp/policy/2015/025_honbun.pdf,2026-08-13,ok,エネルギー・環境|産業政策・成長戦略|イノベーション・科学技術・スタートアップ,主張・提言
keidanren_2015_024.pdf,keidanren_2015_024,keidanren,経済団体,日EU規制協力に関する提言,2015-03-17,20150317,提言,貿易投資,公開,https://www.keidanren.or.jp/policy/2015/024_honbun.pdf,2026-08-13,ok,通商・国際経済・国際協力|行政改革・規制改革,主張・提言
keidanren_2015_023.pdf,keidanren_2015_023,keidanren,経済団体,環境自主行動計画〔循環型社会形成編〕,2015-03-17,20150317,提言,環境,公開,https://www.keidanren.or.jp/policy/2015/023_gaiyo.pdf,2026-08-13,ok,エネルギー・環境|産業政策・成長戦略,内部調査・会員アンケート
keidanren_2015_028.pdf,keidanren_2015_028,keidanren,経済団体,グローバル人材の育成・活用に向けて求められる取り組みに関するアンケート結果,2015-03-17,20150317,資料,企業社会,公開,https://www.keidanren.or.jp/policy/2015/028_honbun.pdf,2026-08-13,ok,人材・教育|労働・雇用,内部調査・会員アンケート
keidanren_2015_027.pdf,keidanren_2015_027,keidanren,経済団体,「電気事業者による再生可能エネルギー電気の調達に関する特別措置法施行規則の一部を改正する省令案等」に対する意見,2015-03-11,20150311,意見,環境,公開,https://www.keidanren.or.jp/policy/2015/027.pdf,2026-08-13,ok,エネルギー・環境,主張・提言
keidanren_2015_021.pdf,keidanren_2015_021,keidanren,経済団体,マイナンバー制度への対応準備のお願い,2015-03-09,20150309,提言,産業技術,公開,https://www.keidanren.or.jp/policy/2015/021.pdf,2026-08-13,ok,デジタル・情報通信|行政改革・規制改革|企業経営・ガバナンス・サステナビリティ,主張・提言
keidanren_2015_019.txt,keidanren_2015_019,keidanren,経済団体,日印ビジネスサミットに関するＣＩＩ・経団連共同記者発表,2015-02-27,20150227,提言,地域,公開,https://www.keidanren.or.jp/policy/2015/019.html,2026-08-13,html_text,通商・国際経済・国際協力,活動記録
keidanren_2015_018.txt,keidanren_2015_018,keidanren,経済団体,個人情報保護法等の制度改正に向けた意見,2015-02-17,20150217,意見,産業技術,公開,https://www.keidanren.or.jp/policy/2015/018.html,2026-08-13,html_text,デジタル・情報通信|産業政策・成長戦略,主張・提言
keidanren_2015_017.pdf,keidanren_2015_017,keidanren,経済団体,サイバーセキュリティ対策の強化に向けた提言,2015-02-17,20150217,提言,産業技術,公開,https://www.keidanren.or.jp/policy/2015/017_honbun.pdf,2026-08-13,ok,デジタル・情報通信|外交・安全保障・経済安全保障|産業政策・成長戦略,主張・提言
keidanren_2015_016.pdf,keidanren_2015_016,keidanren,経済団体,防災・減災に資する技術等の普及・開発促進に向けて,2015-02-17,20150217,提言,企業社会,公開,https://www.keidanren.or.jp/policy/2015/016_honbun.pdf,2026-08-13,ok,国土・住宅・交通・防災|イノベーション・科学技術・スタートアップ,主張・提言
keidanren_2015_015.pdf,keidanren_2015_015,keidanren,経済団体,第58回 福利厚生費調査結果報告,2015-02-12,20150212,提言,労働,公開,https://www.keidanren.or.jp/policy/2015/015_honbun.pdf,2026-08-13,ok,労働・雇用,内部調査・会員アンケート
keidanren_2015_014.txt,keidanren_2015_014,keidanren,経済団体,活力溢れる地方経済の実現,2015-02-10,20150210,提言,国土政策,公開,https://www.keidanren.or.jp/policy/2015/014.html,2026-08-13,html_text,地域経済・観光・地方創生|中小企業|労働・雇用,主張・提言
keidanren_2015_012.txt,keidanren_2015_012,keidanren,経済団体,BEPS行動4（利子控除）に係わる公開討議草案に対する意見,2015-02-06,20150206,意見,経済基盤,公開,https://www.keidanren.or.jp/policy/2015/012.html,2026-08-13,html_text,税制・財政|通商・国際経済・国際協力|金融・資本市場,主張・提言
keidanren_2015_011.txt,keidanren_2015_011,keidanren,経済団体,BEPS行動8～10（リスク・再構築・特別措置）に係わる公開討議草案に対する意見,2015-02-06,20150206,意見,経済基盤,公開,https://www.keidanren.or.jp/policy/2015/011.html,2026-08-13,html_text,税制・財政|通商・国際経済・国際協力,主張・提言
keidanren_2015_010.txt,keidanren_2015_010,keidanren,経済団体,BEPS行動10（利益分割）に係わる公開討議草案に対する意見,2015-02-06,20150206,意見,経済基盤,公開,https://www.keidanren.or.jp/policy/2015/010.html,2026-08-13,html_text,税制・財政|通商・国際経済・国際協力,主張・提言
keidanren_2015_009.pdf,keidanren_2015_009,keidanren,経済団体,2014年6月度 定期賃金調査結果,2015-01-30,20150130,提言,労働,公開,https://www.keidanren.or.jp/policy/2015/009.pdf,2026-08-13,ok,労働・雇用,内部調査・会員アンケート
keidanren_2015_022.pdf,keidanren_2015_022,keidanren,経済団体,日本学術会議のあり方の見直しに向けて,2015-01-29,20150129,提言,産業技術,公開,https://www.keidanren.or.jp/policy/2015/022.pdf,2026-08-13,ok,イノベーション・科学技術・スタートアップ|行政改革・規制改革|政治・統治機構・憲法,主張・提言
keidanren_2015_013.pdf,keidanren_2015_013,keidanren,経済団体,「経済外交のあり方に関するアンケート」結果概要,2015-01-29,20150129,資料,貿易投資,公開,https://www.keidanren.or.jp/policy/2015/013.pdf,2026-08-13,ok,外交・安全保障・経済安全保障|通商・国際経済・国際協力,内部調査・会員アンケート
keidanren_2015_008.txt,keidanren_2015_008,keidanren,経済団体,ＩＦＩＡＲ（監査監督機関国際フォーラム）恒久的事務局の東京誘致について,2015-01-26,20150126,提言,経済基盤,公開,https://www.keidanren.or.jp/policy/2015/008.html,2026-08-13,html_text,金融・資本市場|通商・国際経済・国際協力,主張・提言
keidanren_2015_007.pdf,keidanren_2015_007,keidanren,経済団体,「第三次循環型社会形成推進基本計画の進捗状況の第１回点検結果について（暫定版）」に対する意見,2015-01-21,20150121,意見,環境,公開,https://www.keidanren.or.jp/policy/2015/007.pdf,2026-08-13,ok,エネルギー・環境|産業政策・成長戦略,主張・提言
keidanren_2015_006.txt,keidanren_2015_006,keidanren,経済団体,2015年版経営労働政策委員会報告,2015-01-20,20150120,提言,労働,公開,https://www.keidanren.or.jp/policy/2015/006.html,2026-08-13,html_text,労働・雇用|人材・教育|マクロ経済・経済財政運営,主張・提言
keidanren_2015_020.pdf,keidanren_2015_020,keidanren,経済団体,2014年人事・労務に関するトップ・マネジメント調査結果,2015-01-20,20150120,提言,労働,公開,https://www.keidanren.or.jp/policy/2015/020.pdf,2026-08-13,ok,労働・雇用|人材・教育,内部調査・会員アンケート
keidanren_2015_005.txt,keidanren_2015_005,keidanren,経済団体,BEPS行動14（効果的な紛争解決メカニズムの策定）に係わる公開討議草案に対する意見,2015-01-16,20150116,意見,経済基盤,公開,https://www.keidanren.or.jp/policy/2015/005.html,2026-08-13,html_text,税制・財政|通商・国際経済・国際協力,主張・提言
keidanren_2015_004.pdf,keidanren_2015_004,keidanren,経済団体,わが国農業の持続的発展と競争力強化・成長産業化に向けて,2015-01-16,20150116,提言,産業政策,公開,https://www.keidanren.or.jp/policy/2015/004_honbun.pdf,2026-08-13,ok,農林水産・食料|産業政策・成長戦略|イノベーション・科学技術・スタートアップ,主張・提言
keidanren_2015_003.pdf,keidanren_2015_003,keidanren,経済団体,「電気事業者による再生可能エネルギー電気の調達に関する特別措置法施行規則の一部を改正する省令案等」への意見,2015-01-09,20150109,意見,環境,公開,https://www.keidanren.or.jp/policy/2015/003.pdf,2026-08-13,ok,エネルギー・環境,主張・提言
keidanren_2015_002.txt,keidanren_2015_002,keidanren,経済団体,BEPS行動7（PE認定の人為的回避の防止）に係わる公開討議草案に対する意見,2015-01-06,20150106,意見,経済基盤,公開,https://www.keidanren.or.jp/policy/2015/002.html,2026-08-13,html_text,税制・財政|通商・国際経済・国際協力,主張・提言
keidanren_2014_112.pdf,keidanren_2014_112,keidanren,経済団体,2014年1～6月実施分 昇給、ベースアップ実施状況調査結果,2014-12-26,20141226,資料,労働,公開,https://www.keidanren.or.jp/policy/2014/112.pdf,2026-08-13,ok,労働・雇用,内部調査・会員アンケート
keidanren_2014_111.txt,keidanren_2014_111,keidanren,経済団体,「独占禁止法審査手続についての懇談会報告書」について,2014-12-25,20141225,報告書,経済基盤,公開,https://www.keidanren.or.jp/policy/2014/111.html,2026-08-13,html_text,行政改革・規制改革|政治・統治機構・憲法|企業経営・ガバナンス・サステナビリティ,主張・提言
keidanren_2014_110.txt,keidanren_2014_110,keidanren,経済団体,新内閣に望む,2014-12-24,20141224,提言,総合政策,公開,https://www.keidanren.or.jp/policy/2014/110.html,2026-08-13,html_text,マクロ経済・経済財政運営|税制・財政|産業政策・成長戦略,主張・提言
keidanren_2014_109.pdf,keidanren_2014_109,keidanren,経済団体,2014年年末賞与・一時金 大手企業業種別妥結結果,2014-12-19,20141219,提言,労働,公開,https://www.keidanren.or.jp/policy/2014/109.pdf,2026-08-13,ok,労働・雇用,内部調査・会員アンケート
keidanren_2014_108.pdf,keidanren_2014_108,keidanren,経済団体,地球温暖化対策税の使途拡大等に反対する,2014-12-17,20141217,提言,環境,公開,https://www.keidanren.or.jp/policy/2014/108_honbun.pdf,2026-08-13,ok,エネルギー・環境|税制・財政,主張・提言
keidanren_2014_106.pdf,keidanren_2014_106,keidanren,経済団体,2013年度（第58回）福利厚生費調査結果の概要,2014-12-16,20141216,提言,労働,公開,https://www.keidanren.or.jp/policy/2014/106.pdf,2026-08-13,ok,労働・雇用,内部調査・会員アンケート
keidanren_2014_105.pdf,keidanren_2014_105,keidanren,経済団体,マイナンバーガイドライン説明会,2014-12-09,20141209,提言,産業技術,公開,https://www.keidanren.or.jp/policy/2014/105_shiryo1.pdf,2026-08-13,ok,デジタル・情報通信|行政改革・規制改革,活動記録
keidanren_2014_104.txt,keidanren_2014_104,keidanren,経済団体,第24回 経団連‐全経連首脳懇談会 共同声明,2014-12-01,20141201,提言,地域,公開,https://www.keidanren.or.jp/policy/2014/104.html,2026-08-13,html_text,通商・国際経済・国際協力,活動記録
keidanren_2014_103.pdf,keidanren_2014_103,keidanren,経済団体,開発協力大綱案に対する経団連のコメント,2014-11-27,20141127,意見,国際協力,公開,https://www.keidanren.or.jp/policy/2014/103_beppyo.pdf,2026-08-13,ok,通商・国際経済・国際協力|外交・安全保障・経済安全保障,主張・提言
keidanren_2014_102.txt,keidanren_2014_102,keidanren,経済団体,日本ミャンマー合同経済会議 共同声明,2014-11-26,20141126,提言,地域,公開,https://www.keidanren.or.jp/policy/2014/102.html,2026-08-13,html_text,通商・国際経済・国際協力|産業政策・成長戦略,活動記録
keidanren_2014_101.txt,keidanren_2014_101,keidanren,経済団体,コンテンツの海外展開に向けたローカライズ・プロモーションの支援継続に関する緊急要望,2014-11-18,20141118,要望,産業政策,公開,https://www.keidanren.or.jp/policy/2014/101.html,2026-08-13,html_text,産業政策・成長戦略|地域経済・観光・地方創生|通商・国際経済・国際協力,主張・提言
keidanren_2014_092.pdf,keidanren_2014_092,keidanren,経済団体,今後の少子化対策への要望,2014-11-18,20141118,要望,経済政策,公開,https://www.keidanren.or.jp/policy/2014/092_honbun.pdf,2026-08-13,ok,こども・子育て・人口|社会保障（年金・医療・介護）|労働・雇用,主張・提言
keidanren_2014_093.pdf,keidanren_2014_093,keidanren,経済団体,国家ブランドの構築に向けた提言,2014-11-18,20141118,提言,産業政策,公開,https://www.keidanren.or.jp/policy/2014/093_honbun.pdf,2026-08-13,ok,通商・国際経済・国際協力|産業政策・成長戦略|外交・安全保障・経済安全保障,主張・提言
keidanren_2014_094.pdf,keidanren_2014_094,keidanren,経済団体,わが国企業の競争力強化に向けて,2014-11-18,20141118,提言,産業政策,公開,https://www.keidanren.or.jp/policy/2014/094_honbun.pdf,2026-08-13,ok,産業政策・成長戦略|中小企業|地域経済・観光・地方創生,主張・提言
keidanren_2014_095.pdf,keidanren_2014_095,keidanren,経済団体,第５次出入国管理基本計画策定に向けた意見,2014-11-18,20141118,意見,産業政策,公開,https://www.keidanren.or.jp/policy/2014/095_honbun.pdf,2026-08-13,ok,労働・雇用|人材・教育|外交・安全保障・経済安全保障,主張・提言
keidanren_2014_099.txt,keidanren_2014_099,keidanren,経済団体,第５期科学技術基本計画の策定に向けて,2014-11-18,20141118,提言,産業技術,公開,https://www.keidanren.or.jp/policy/2014/099.html,2026-08-13,html_text,イノベーション・科学技術・スタートアップ|産業政策・成長戦略|地域経済・観光・地方創生,主張・提言
keidanren_2014_098.pdf,keidanren_2014_098,keidanren,経済団体,宇宙基本計画に向けた提言,2014-11-18,20141118,提言,産業技術,公開,https://www.keidanren.or.jp/policy/2014/098_honbun.pdf,2026-08-13,ok,イノベーション・科学技術・スタートアップ|外交・安全保障・経済安全保障|産業政策・成長戦略,主張・提言
keidanren_2014_096.pdf,keidanren_2014_096,keidanren,経済団体,地球温暖化対策に関する提言,2014-11-18,20141118,提言,環境,公開,https://www.keidanren.or.jp/policy/2014/096_honbun.pdf,2026-08-13,ok,エネルギー・環境|通商・国際経済・国際協力,主張・提言
keidanren_2014_097.pdf,keidanren_2014_097,keidanren,経済団体,戦略的なインフラ・システムの海外展開に向けて,2014-11-18,20141118,提言,国際協力,公開,https://www.keidanren.or.jp/policy/2014/097_honbun.pdf,2026-08-13,ok,通商・国際経済・国際協力|産業政策・成長戦略|国土・住宅・交通・防災,主張・提言
keidanren_2014_100.txt,keidanren_2014_100,keidanren,経済団体,TICAD Vのフォローアップの加速を求める,2014-11-18,20141118,提言,地域,公開,https://www.keidanren.or.jp/policy/2014/100.html,2026-08-13,html_text,通商・国際経済・国際協力|産業政策・成長戦略|人材・教育,主張・提言
keidanren_2014_089.txt,keidanren_2014_089,keidanren,経済団体,「公正取引委員会の意見聴取に関する規則」（案）に対する意見,2014-10-31,20141031,意見,経済基盤,公開,https://www.keidanren.or.jp/policy/2014/089.html,2026-08-13,html_text,行政改革・規制改革|政治・統治機構・憲法,主張・提言
keidanren_2014_088.pdf,keidanren_2014_088,keidanren,経済団体,2014年3月卒「新規学卒者決定初任給調査結果」,2014-10-31,20141031,提言,労働,公開,https://www.keidanren.or.jp/policy/2014/088.pdf,2026-08-13,ok,労働・雇用,内部調査・会員アンケート
keidanren_2014_087.pdf,keidanren_2014_087,keidanren,経済団体,ロシアのビジネス環境等に関するアンケート（2014年度）結果,2014-10-27,20141027,資料,地域,公開,https://www.keidanren.or.jp/policy/2014/087.pdf,2026-08-13,ok,通商・国際経済・国際協力,内部調査・会員アンケート
keidanren_2014_086.txt,keidanren_2014_086,keidanren,経済団体,医療保険制度改革への要望,2014-10-23,20141023,要望,経済政策,公開,https://www.keidanren.or.jp/policy/2014/086.html,2026-08-13,html_text,社会保障（年金・医療・介護）|税制・財政,主張・提言
keidanren_2014_085.pdf,keidanren_2014_085,keidanren,経済団体,震災復興の今後の方向性に関する意見,2014-10-14,20141014,意見,総合政策,公開,https://www.keidanren.or.jp/policy/2014/085_gaiyo.pdf,2026-08-13,ok,地域経済・観光・地方創生|国土・住宅・交通・防災|労働・雇用,主張・提言
keidanren_2014_083.pdf,keidanren_2014_083,keidanren,経済団体,2014年度経団連規制改革要望,2014-10-14,20141014,要望,産業政策,公開,https://www.keidanren.or.jp/policy/2014/083_gaiyo.pdf,2026-08-13,ok,行政改革・規制改革|産業政策・成長戦略|エネルギー・環境,主張・提言
keidanren_2014_082.pdf,keidanren_2014_082,keidanren,経済団体,2013年度 社会貢献活動実績調査結果,2014-10-14,20141014,提言,企業社会,公開,https://www.keidanren.or.jp/policy/2014/082_honbun.pdf,2026-08-13,ok,企業経営・ガバナンス・サステナビリティ,内部調査・会員アンケート
keidanren_2014_084.pdf,keidanren_2014_084,keidanren,経済団体,主要政党の政策評価,2014-10-14,20141014,提言,総合政策,公開,https://www.keidanren.or.jp/policy/2014/084.pdf,2026-08-13,ok,政治・統治機構・憲法|マクロ経済・経済財政運営|通商・国際経済・国際協力,外部・第三者資料
keidanren_2014_081.pdf,keidanren_2014_081,keidanren,経済団体,当面のエネルギー政策に関する意見,2014-10-07,20141007,意見,環境,公開,https://www.keidanren.or.jp/policy/2014/081_honbun.pdf,2026-08-13,ok,エネルギー・環境|税制・財政,主張・提言
keidanren_2014_080.pdf,keidanren_2014_080,keidanren,経済団体,新卒採用（2014年4月入社対象）に関するアンケート調査結果の概要,2014-09-29,20140929,資料,労働,公開,https://www.keidanren.or.jp/policy/2014/080_gaiyo.pdf,2026-08-13,ok,労働・雇用|人材・教育,内部調査・会員アンケート
keidanren_2014_079.pdf,keidanren_2014_079,keidanren,経済団体,日米ＩＥＤ民間作業部会共同声明,2014-09-16,20140916,提言,産業技術,公開,https://www.keidanren.or.jp/policy/2014/079_shiryo.pdf,2026-08-13,ok,外交・安全保障・経済安全保障|産業政策・成長戦略|デジタル・情報通信,主張・提言
keidanren_2014_077.txt,keidanren_2014_077,keidanren,経済団体,多様で柔軟な企業年金制度の構築に向けて,2014-09-16,20140916,提言,経済政策,公開,https://www.keidanren.or.jp/policy/2014/077.html,2026-08-13,html_text,社会保障（年金・医療・介護）|企業経営・ガバナンス・サステナビリティ,主張・提言
keidanren_2014_078.pdf,keidanren_2014_078,keidanren,経済団体,「採用選考に関する指針」の手引きの改定について,2014-09-16,20140916,提言,労働,公開,https://www.keidanren.or.jp/policy/2014/078_shishin.pdf,2026-08-13,ok,人材・教育|労働・雇用,主張・提言
keidanren_2014_075.pdf,keidanren_2014_075,keidanren,経済団体,政治との連携強化に関する見解,2014-09-16,20140916,提言,総合政策,公開,https://www.keidanren.or.jp/policy/2014/075_honbun.pdf,2026-08-13,ok,政治・統治機構・憲法|マクロ経済・経済財政運営,主張・提言
keidanren_2014_076.txt,keidanren_2014_076,keidanren,経済団体,第５回 アジア・ビジネス・サミット 共同声明,2014-09-15,20140915,提言,地域,公開,https://www.keidanren.or.jp/policy/2014/076.html,2026-08-13,html_text,通商・国際経済・国際協力,主張・提言
keidanren_2014_074.pdf,keidanren_2014_074,keidanren,経済団体,平成27年度税制改正に関する提言,2014-09-10,20140910,提言,経済基盤,公開,https://www.keidanren.or.jp/policy/2014/074_honbun.pdf,2026-08-13,ok,税制・財政,主張・提言
keidanren_2014_073.txt,keidanren_2014_073,keidanren,経済団体,新内閣に望む,2014-09-03,20140903,提言,総合政策,公開,https://www.keidanren.or.jp/policy/2014/073.html,2026-08-13,html_text,マクロ経済・経済財政運営|産業政策・成長戦略|税制・財政,主張・提言
keidanren_2014_072.txt,keidanren_2014_072,keidanren,経済団体,日印ビジネス・リーダーズ・フォーラム2014共同報告書,2014-09-01,20140901,報告書,地域,公開,https://www.keidanren.or.jp/policy/2014/072.html,2026-08-13,html_text,通商・国際経済・国際協力|イノベーション・科学技術・スタートアップ|外交・安全保障・経済安全保障,主張・提言
keidanren_2014_071.txt,keidanren_2014_071,keidanren,経済団体,日本ブラジル経済界共同ステートメント,2014-08-01,20140801,提言,地域,公開,https://www.keidanren.or.jp/policy/2014/071.html,2026-08-13,html_text,通商・国際経済・国際協力|産業政策・成長戦略|外交・安全保障・経済安全保障,主張・提言
keidanren_2014_070.pdf,keidanren_2014_070,keidanren,経済団体,2014年夏季賞与・一時金 大手企業業種別妥結結果,2014-07-31,20140731,提言,労働,公開,https://www.keidanren.or.jp/policy/2014/070.pdf,2026-08-13,ok,労働・雇用,内部調査・会員アンケート
keidanren_2014_069.pdf,keidanren_2014_069,keidanren,経済団体,2014年春季労使交渉・中小企業業種別妥結結果,2014-07-31,20140731,提言,労働,公開,https://www.keidanren.or.jp/policy/2014/069.pdf,2026-08-13,ok,労働・雇用|中小企業,内部調査・会員アンケート
keidanren_2014_068.txt,keidanren_2014_068,keidanren,経済団体,夏季フォーラム2014 プレスリリース,2014-07-24,20140724,提言,総合政策,公開,https://www.keidanren.or.jp/policy/2014/068.html,2026-08-13,html_text,イノベーション・科学技術・スタートアップ|マクロ経済・経済財政運営|産業政策・成長戦略,活動記録
keidanren_2014_067.pdf,keidanren_2014_067,keidanren,経済団体,イノベーション創出に向けた研究開発法人の機能強化に関する提言,2014-07-15,20140715,提言,産業技術,公開,https://www.keidanren.or.jp/policy/2014/067_honbun.pdf,2026-08-13,ok,イノベーション・科学技術・スタートアップ|産業政策・成長戦略|行政改革・規制改革,主張・提言
keidanren_2014_065.pdf,keidanren_2014_065,keidanren,経済団体,地球規模の温暖化対策への貢献,2014-07-07,20140707,提言,環境,公開,https://www.keidanren.or.jp/policy/2014/065_honbun.pdf,2026-08-13,ok,エネルギー・環境|産業政策・成長戦略|通商・国際経済・国際協力,主張・提言
keidanren_2014_064.txt,keidanren_2014_064,keidanren,経済団体,消費税の複数税率導入に反対する意見,2014-07-02,20140702,意見,経済基盤,公開,https://www.keidanren.or.jp/policy/2014/064.html,2026-08-13,html_text,税制・財政|中小企業,主張・提言
keidanren_2014_063.pdf,keidanren_2014_063,keidanren,経済団体,2014年春季労使交渉・大手企業業種別妥結結果,2014-06-30,20140630,提言,労働,公開,https://www.keidanren.or.jp/policy/2014/063.pdf,2026-08-13,ok,労働・雇用,内部調査・会員アンケート
keidanren_2014_062.txt,keidanren_2014_062,keidanren,経済団体,「法人税の改革について」に関する意見を政府税制調査会に提出,2014-06-26,20140626,意見,経済基盤,公開,https://www.keidanren.or.jp/policy/2014/062.html,2026-08-13,html_text,税制・財政,主張・提言
keidanren_2014_061.pdf,keidanren_2014_061,keidanren,経済団体,公正取引委員会による審査手続の適正化を再び求める,2014-06-17,20140617,提言,経済基盤,公開,https://www.keidanren.or.jp/policy/2014/061_honbun.pdf,2026-08-13,ok,行政改革・規制改革|企業経営・ガバナンス・サステナビリティ,主張・提言
keidanren_2014_060.txt,keidanren_2014_060,keidanren,経済団体,アジア諸国における税制および執行に関する要望,2014-06-17,20140617,要望,地域,公開,https://www.keidanren.or.jp/policy/2014/060.html,2026-08-13,html_text,税制・財政|通商・国際経済・国際協力,主張・提言
keidanren_2014_059.pdf,keidanren_2014_059,keidanren,経済団体,ＰＰＰ／ＰＦＩの推進に向けたアンケート調査報告,2014-06-17,20140617,資料,国土政策,公開,https://www.keidanren.or.jp/policy/2014/059_honbun.pdf,2026-08-13,ok,国土・住宅・交通・防災|行政改革・規制改革|地域経済・観光・地方創生,内部調査・会員アンケート
keidanren_2014_058.txt,keidanren_2014_058,keidanren,経済団体,IASB・FASB「リース」基準改訂についての意見,2014-06-16,20140616,意見,経済基盤,公開,https://www.keidanren.or.jp/policy/2014/058.html,2026-08-13,html_text,企業経営・ガバナンス・サステナビリティ|金融・資本市場,主張・提言
keidanren_2014_057.txt,keidanren_2014_057,keidanren,経済団体,高いレベルの観光立国実現に向けた提言,2014-06-11,20140611,提言,国土政策,公開,https://www.keidanren.or.jp/policy/2014/057.html,2026-08-13,html_text,地域経済・観光・地方創生|国土・住宅・交通・防災|産業政策・成長戦略,主張・提言
keidanren_2014_056.pdf,keidanren_2014_056,keidanren,経済団体,2013年 夏季・冬季 賞与・一時金調査結果,2014-06-06,20140606,提言,労働,公開,https://www.keidanren.or.jp/policy/2014/056.pdf,2026-08-13,ok,労働・雇用,内部調査・会員アンケート
keidanren_2014_055.txt,keidanren_2014_055,keidanren,経済団体,経済・社会のイノベーションを進め、「日本再興」を実現する,2014-06-03,20140603,提言,総合政策,公開,https://www.keidanren.or.jp/policy/2014/055.html,2026-08-13,html_text,産業政策・成長戦略|イノベーション・科学技術・スタートアップ|エネルギー・環境,主張・提言
keidanren_2014_052.pdf,keidanren_2014_052,keidanren,経済団体,エネルギー問題に関する緊急提言,2014-05-28,20140528,提言,環境,公開,https://www.keidanren.or.jp/policy/2014/052_honbun.pdf,2026-08-13,ok,エネルギー・環境|マクロ経済・経済財政運営,主張・提言
keidanren_2014_051.pdf,keidanren_2014_051,keidanren,経済団体,電力コストに関する緊急アンケート結果,2014-05-28,20140528,資料,環境,公開,https://www.keidanren.or.jp/policy/2014/051.pdf,2026-08-13,ok,エネルギー・環境|産業政策・成長戦略,内部調査・会員アンケート
keidanren_2014_050.pdf,keidanren_2014_050,keidanren,経済団体,「法人税改革の方向性について」を説明,2014-05-23,20140523,提言,経済基盤,公開,https://www.keidanren.or.jp/policy/2014/050_honbun.pdf,2026-08-13,ok,税制・財政|産業政策・成長戦略,主張・提言
keidanren_2014_049.txt,keidanren_2014_049,keidanren,経済団体,医療保険制度改革に関する被用者保険関係5団体の要望について,2014-05-19,20140519,要望,経済政策,公開,https://www.keidanren.or.jp/policy/2014/049.html,2026-08-13,html_text,社会保障（年金・医療・介護）|税制・財政,主張・提言
keidanren_2014_048.txt,keidanren_2014_048,keidanren,経済団体,流通・取引慣行ガイドラインの見直しについて,2014-05-15,20140515,提言,経済基盤,公開,https://www.keidanren.or.jp/policy/2014/048.html,2026-08-13,html_text,行政改革・規制改革|産業政策・成長戦略,主張・提言
keidanren_2014_047.pdf,keidanren_2014_047,keidanren,経済団体,活力ある農業・地域づくり連携強化プラン,2014-05-13,20140513,提言,産業政策,公開,https://www.keidanren.or.jp/policy/2014/047_honbun.pdf,2026-08-13,ok,農林水産・食料|地域経済・観光・地方創生|産業政策・成長戦略,主張・提言
keidanren_2014_043.txt,keidanren_2014_043,keidanren,経済団体,医療保険制度改革に関する要望,2014-05-13,20140513,要望,経済政策,公開,https://www.keidanren.or.jp/policy/2014/043.html,2026-08-13,html_text,社会保障（年金・医療・介護）|税制・財政,主張・提言
keidanren_2014_044.pdf,keidanren_2014_044,keidanren,経済団体,グローバルに活躍できるマネジャーの確保・育成に向けた取り組み,2014-05-13,20140513,提言,労働,公開,https://www.keidanren.or.jp/policy/2014/044_honbun.pdf,2026-08-13,ok,人材・教育|企業経営・ガバナンス・サステナビリティ|労働・雇用,主張・提言
keidanren_2014_046.txt,keidanren_2014_046,keidanren,経済団体,新たな理念の下での国際協力の推進を求める,2014-05-13,20140513,提言,国際協力,公開,https://www.keidanren.or.jp/policy/2014/046.html,2026-08-13,html_text,通商・国際経済・国際協力|外交・安全保障・経済安全保障|産業政策・成長戦略,主張・提言
keidanren_2014_045.pdf,keidanren_2014_045,keidanren,経済団体,経団連「未来都市モデルプロジェクト」プログレス・レポート,2014-05-07,20140507,報告書,国土政策,公開,https://www.keidanren.or.jp/policy/2014/045.pdf,2026-08-13,ok,地域経済・観光・地方創生|国土・住宅・交通・防災|エネルギー・環境,活動記録
keidanren_2014_041.txt,keidanren_2014_041,keidanren,経済団体,BEPS行動2（ハイブリッドミスマッチ取決めの効果の無効化）に係わる公開討議草案に対する意見,2014-04-28,20140428,意見,経済基盤,公開,https://www.keidanren.or.jp/policy/2014/041.html,2026-08-13,html_text,税制・財政|通商・国際経済・国際協力,主張・提言
keidanren_2014_040.pdf,keidanren_2014_040,keidanren,経済団体,2013年6月度 定期賃金調査結果,2014-04-28,20140428,提言,労働,公開,https://www.keidanren.or.jp/policy/2014/040.pdf,2026-08-13,ok,労働・雇用,内部調査・会員アンケート
keidanren_2014_039.pdf,keidanren_2014_039,keidanren,経済団体,「地方法人課税のあり方に関する意見」を政府税制調査会に提出,2014-04-25,20140425,意見,経済基盤,公開,https://www.keidanren.or.jp/policy/2014/039_shiryo.pdf,2026-08-13,ok,税制・財政,主張・提言
keidanren_2014_038.pdf,keidanren_2014_038,keidanren,経済団体,「法人税改革の方向性について」を自由民主党税制調査会に提出,2014-04-22,20140422,提言,経済基盤,公開,https://www.keidanren.or.jp/policy/2014/038_honbun.pdf,2026-08-13,ok,税制・財政,主張・提言
keidanren_2014_037.txt,keidanren_2014_037,keidanren,経済団体,TPPに関する共同提言,2014-04-21,20140421,提言,貿易投資,公開,https://www.keidanren.or.jp/policy/2014/037.html,2026-08-13,html_text,通商・国際経済・国際協力,主張・提言
keidanren_2014_035.pdf,keidanren_2014_035,keidanren,経済団体,「法人課税のあり方に関する意見」を政府税制調査会に提出,2014-04-16,20140416,意見,経済基盤,公開,https://www.keidanren.or.jp/policy/2014/035_shiryo.pdf,2026-08-13,ok,税制・財政|産業政策・成長戦略,主張・提言
keidanren_2014_032.txt,keidanren_2014_032,keidanren,経済団体,景品表示法への課徴金制度導入に対する意見,2014-04-15,20140415,意見,経済基盤,公開,https://www.keidanren.or.jp/policy/2014/032.html,2026-08-13,html_text,行政改革・規制改革|企業経営・ガバナンス・サステナビリティ,主張・提言
keidanren_2014_030.txt,keidanren_2014_030,keidanren,経済団体,貿易の円滑化に向けた輸出入制度の一層の改善を求める,2014-04-15,20140415,提言,産業政策,公開,https://www.keidanren.or.jp/policy/2014/030.html,2026-08-13,html_text,通商・国際経済・国際協力|国土・住宅・交通・防災|行政改革・規制改革,主張・提言
keidanren_2014_031.txt,keidanren_2014_031,keidanren,経済団体,わが国航空貨物のセキュリティ対策に関する意見,2014-04-15,20140415,意見,産業政策,公開,https://www.keidanren.or.jp/policy/2014/031.html,2026-08-13,html_text,国土・住宅・交通・防災|通商・国際経済・国際協力|産業政策・成長戦略,主張・提言
keidanren_2014_027.pdf,keidanren_2014_027,keidanren,経済団体,わが国企業の競争力強化に向けて,2014-04-15,20140415,提言,産業政策,公開,https://www.keidanren.or.jp/policy/2014/027_honbun.pdf,2026-08-13,ok,産業政策・成長戦略|エネルギー・環境|企業経営・ガバナンス・サステナビリティ,主張・提言
keidanren_2014_028.pdf,keidanren_2014_028,keidanren,経済団体,日本の国際競争力調査,2014-04-15,20140415,提言,産業政策,公開,https://www.keidanren.or.jp/policy/2014/028_honbun.pdf,2026-08-13,ok,産業政策・成長戦略|通商・国際経済・国際協力,内部調査・会員アンケート
keidanren_2014_033.pdf,keidanren_2014_033,keidanren,経済団体,次代を担う人材育成に向けて求められる教育改革,2014-04-15,20140415,提言,企業社会,公開,https://www.keidanren.or.jp/policy/2014/033_honbun.pdf,2026-08-13,ok,人材・教育,主張・提言
keidanren_2014_029.pdf,keidanren_2014_029,keidanren,経済団体,女性活躍アクション・プラン,2014-04-15,20140415,提言,企業社会,公開,https://www.keidanren.or.jp/policy/2014/029_honbun.pdf,2026-08-13,ok,多様性・人権・ジェンダー|労働・雇用|こども・子育て・人口,主張・提言
keidanren_2014_034.pdf,keidanren_2014_034,keidanren,経済団体,環境自主行動計画〔循環型社会形成編〕,2014-04-15,20140415,提言,環境,公開,https://www.keidanren.or.jp/policy/2014/034_gaiyo.pdf,2026-08-13,ok,エネルギー・環境|産業政策・成長戦略,内部調査・会員アンケート
keidanren_2014_026.txt,keidanren_2014_026,keidanren,経済団体,BEPS行動1（電子経済の課税上の課題への対処）に係わる公開討議草案に対する意見,2014-04-14,20140414,意見,経済基盤,公開,https://www.keidanren.or.jp/policy/2014/026.html,2026-08-13,html_text,税制・財政|通商・国際経済・国際協力|デジタル・情報通信,主張・提言
keidanren_2014_025.txt,keidanren_2014_025,keidanren,経済団体,BEPS行動6（条約の濫用防止）に係わる公開討議草案に対する意見,2014-04-09,20140409,意見,経済基盤,公開,https://www.keidanren.or.jp/policy/2014/025.html,2026-08-13,html_text,税制・財政|通商・国際経済・国際協力,主張・提言
keidanren_2014_023.txt,keidanren_2014_023,keidanren,経済団体,道州制推進基本法の早期制定を求める,2014-03-31,20140331,提言,国土政策,公開,https://www.keidanren.or.jp/policy/2014/023.html,2026-08-13,html_text,政治・統治機構・憲法|行政改革・規制改革|地域経済・観光・地方創生,主張・提言
keidanren_2014_024.pdf,keidanren_2014_024,keidanren,経済団体,2013年度 環境自主行動計画第三者評価委員会 評価報告書,2014-03-31,20140331,報告書,環境,公開,https://www.keidanren.or.jp/policy/2014/024.pdf,2026-08-13,ok,エネルギー・環境|産業政策・成長戦略,内部調査・会員アンケート
keidanren_2014_022.pdf,keidanren_2014_022,keidanren,経済団体,企業のワーク・ライフ・バランスへの取組み状況,2014-03-31,20140331,資料,労働,公開,https://www.keidanren.or.jp/policy/2014/022_gaiyo.pdf,2026-08-13,ok,労働・雇用|多様性・人権・ジェンダー|こども・子育て・人口,内部調査・会員アンケート
keidanren_2014_020.txt,keidanren_2014_020,keidanren,経済団体,訪オーストラリア・ニュージーランド ミッションを終えて,2014-03-21,20140321,提言,地域,公開,https://www.keidanren.or.jp/policy/2014/020.html,2026-08-13,html_text,通商・国際経済・国際協力|外交・安全保障・経済安全保障,活動記録
keidanren_2014_021.pdf,keidanren_2014_021,keidanren,経済団体,「再生可能エネルギー固定価格買取制度における平成26年度新規参入者向け調達価格」に対する意見,2014-03-19,20140319,意見,環境,公開,https://www.keidanren.or.jp/policy/2014/021_honbun.pdf,2026-08-13,ok,エネルギー・環境,主張・提言
keidanren_2014_019.txt,keidanren_2014_019,keidanren,経済団体,個人情報保護法の見直しへの意見,2014-03-18,20140318,意見,産業技術,公開,https://www.keidanren.or.jp/policy/2014/019.html,2026-08-13,html_text,デジタル・情報通信|産業政策・成長戦略|行政改革・規制改革,主張・提言
keidanren_2014_018.txt,keidanren_2014_018,keidanren,経済団体,日米ＩＥＤ民間作業部会共同声明2014,2014-03-11,20140311,提言,産業技術,公開,https://www.keidanren.or.jp/policy/2014/018.html,2026-08-13,html_text,デジタル・情報通信|通商・国際経済・国際協力|外交・安全保障・経済安全保障,主張・提言
keidanren_2014_017.txt,keidanren_2014_017,keidanren,経済団体,経団連・ビジネスヨーロッパ共同リリース,2014-03-05,20140305,提言,貿易投資,公開,https://www.keidanren.or.jp/policy/2014/017.html,2026-08-13,html_text,通商・国際経済・国際協力,活動記録
keidanren_2014_016.txt,keidanren_2014_016,keidanren,経済団体,「移転価格文書化と国別報告に係るディスカッション・ドラフト」に対する意見,2014-02-19,20140219,意見,経済基盤,公開,https://www.keidanren.or.jp/policy/2014/016.html,2026-08-13,html_text,税制・財政|通商・国際経済・国際協力,主張・提言
keidanren_2014_015.pdf,keidanren_2014_015,keidanren,経済団体,グローバル化時代のＯＥＣＤのあり方に関する提言,2014-02-18,20140218,提言,貿易投資,公開,https://www.keidanren.or.jp/policy/2014/015_honbun.pdf,2026-08-13,ok,通商・国際経済・国際協力|マクロ経済・経済財政運営|政治・統治機構・憲法,主張・提言
keidanren_2014_011.txt,keidanren_2014_011,keidanren,経済団体,海外競合企業による技術情報等の不正取得・使用を抑止するための対策強化を求める,2014-02-18,20140218,提言,産業技術,公開,https://www.keidanren.or.jp/policy/2014/011.html,2026-08-13,html_text,イノベーション・科学技術・スタートアップ|外交・安全保障・経済安全保障|産業政策・成長戦略,主張・提言
keidanren_2014_012.txt,keidanren_2014_012,keidanren,経済団体,職務発明の法人帰属化に向けた声明,2014-02-18,20140218,提言,産業技術,公開,https://www.keidanren.or.jp/policy/2014/012.html,2026-08-13,html_text,イノベーション・科学技術・スタートアップ|産業政策・成長戦略|行政改革・規制改革,主張・提言
keidanren_2014_013.txt,keidanren_2014_013,keidanren,経済団体,理工系人材育成戦略の策定に向けて,2014-02-18,20140218,提言,産業技術,公開,https://www.keidanren.or.jp/policy/2014/013.html,2026-08-13,html_text,人材・教育|イノベーション・科学技術・スタートアップ,主張・提言
keidanren_2014_014.txt,keidanren_2014_014,keidanren,経済団体,総合科学技術会議の司令塔機能強化に関する提言,2014-02-18,20140218,提言,産業技術,公開,https://www.keidanren.or.jp/policy/2014/014.html,2026-08-13,html_text,イノベーション・科学技術・スタートアップ|行政改革・規制改革,主張・提言
keidanren_2014_010.pdf,keidanren_2014_010,keidanren,経済団体,企業間のＢＣＰ／ＢＣＭ連携の強化に向けて,2014-02-18,20140218,提言,企業社会,公開,https://www.keidanren.or.jp/policy/2014/010_honbun.pdf,2026-08-13,ok,国土・住宅・交通・防災|企業経営・ガバナンス・サステナビリティ|中小企業,主張・提言
keidanren_2014_009.txt,keidanren_2014_009,keidanren,経済団体,TPP交渉の早期妥結を求める,2014-02-10,20140210,提言,貿易投資,公開,https://www.keidanren.or.jp/policy/2014/009.html,2026-08-13,html_text,通商・国際経済・国際協力|農林水産・食料|マクロ経済・経済財政運営,主張・提言
keidanren_2014_008.txt,keidanren_2014_008,keidanren,経済団体,日印ビジネス・リーダーズ・フォーラム2014共同報告書,2014-01-25,20140125,報告書,地域,公開,https://www.keidanren.or.jp/policy/2014/008.html,2026-08-13,html_text,通商・国際経済・国際協力|エネルギー・環境|産業政策・成長戦略,活動記録
keidanren_2014_006.pdf,keidanren_2014_006,keidanren,経済団体,日本経済の発展の道筋を確立する,2014-01-20,20140120,提言,経済政策,公開,https://www.keidanren.or.jp/policy/2014/006_honbun.pdf,2026-08-13,ok,産業政策・成長戦略|マクロ経済・経済財政運営|通商・国際経済・国際協力,主張・提言
keidanren_2014_005.pdf,keidanren_2014_005,keidanren,経済団体,第57回 福利厚生費調査結果報告,2014-01-17,20140117,提言,労働,公開,https://www.keidanren.or.jp/policy/2014/005_honbun.pdf,2026-08-13,ok,労働・雇用|企業経営・ガバナンス・サステナビリティ,内部調査・会員アンケート
keidanren_2014_004.txt,keidanren_2014_004,keidanren,経済団体,2014年版経営労働政策委員会報告,2014-01-15,20140115,提言,労働,公開,https://www.keidanren.or.jp/policy/2014/004.html,2026-08-13,html_text,労働・雇用|人材・教育|マクロ経済・経済財政運営,主張・提言
keidanren_2014_002.pdf,keidanren_2014_002,keidanren,経済団体,IFRS任意適用に関する実務対応参考事例,2014-01-15,20140115,提言,経済基盤,公開,https://www.keidanren.or.jp/policy/2014/002.pdf,2026-08-13,ok,金融・資本市場|企業経営・ガバナンス・サステナビリティ,内部調査・会員アンケート
keidanren_2014_003.pdf,keidanren_2014_003,keidanren,経済団体,IASB討議資料「財務報告に関する概念フレームワークの見直し」に関する意見,2014-01-14,20140114,意見,経済基盤,公開,https://www.keidanren.or.jp/policy/2014/003.pdf,2026-08-13,ok,企業経営・ガバナンス・サステナビリティ|金融・資本市場,主張・提言
keidanren_2014_001.pdf,keidanren_2014_001,keidanren,経済団体,新卒採用（2013年4月入社対象）に関するアンケート調査結果の概要,2014-01-09,20140109,資料,労働,公開,https://www.keidanren.or.jp/policy/2014/001_gaiyo.pdf,2026-08-13,ok,労働・雇用|人材・教育,内部調査・会員アンケート
keidanren_2014_007.pdf,keidanren_2014_007,keidanren,経済団体,新しい「エネルギー基本計画」策定に向けた意見,2014-01-06,20140106,意見,環境,公開,https://www.keidanren.or.jp/policy/2014/007_honbun.pdf,2026-08-13,ok,エネルギー・環境|産業政策・成長戦略,主張・提言
keidanren_2013_115.pdf,keidanren_2013_115,keidanren,経済団体,会社法施行規則及び会社計算規則による株式会社の各種書類のひな型（改訂版）,2013-12-27,20131227,提言,経済基盤,公開,https://www.keidanren.or.jp/policy/2013/115.pdf,2026-08-13,ok,企業経営・ガバナンス・サステナビリティ,主張・提言
keidanren_2013_116.pdf,keidanren_2013_116,keidanren,経済団体,2013年1～6月実施分 昇給、ベースアップ実施状況調査結果,2013-12-27,20131227,資料,労働,公開,https://www.keidanren.or.jp/policy/2013/116.pdf,2026-08-13,ok,労働・雇用,内部調査・会員アンケート
keidanren_2013_114.pdf,keidanren_2013_114,keidanren,経済団体,2013年年末賞与・一時金 大手企業業種別妥結結果,2013-12-26,20131226,提言,労働,公開,https://www.keidanren.or.jp/policy/2013/114.pdf,2026-08-13,ok,労働・雇用,内部調査・会員アンケート
keidanren_2013_111.pdf,keidanren_2013_111,keidanren,経済団体,高齢社会に対応した住まい・まちのあり方,2013-12-17,20131217,提言,国土政策,公開,https://www.keidanren.or.jp/policy/2013/111_honbun.pdf,2026-08-13,ok,国土・住宅・交通・防災|社会保障（年金・医療・介護）|デジタル・情報通信,主張・提言
keidanren_2013_112.pdf,keidanren_2013_112,keidanren,経済団体,イノベーション創出に向けた国立大学の改革について,2013-12-17,20131217,提言,産業技術,公開,https://www.keidanren.or.jp/policy/2013/112_honbun.pdf,2026-08-13,ok,人材・教育|イノベーション・科学技術・スタートアップ|行政改革・規制改革,主張・提言
keidanren_2013_113.txt,keidanren_2013_113,keidanren,経済団体,緊急提言：日・トルコ経済連携協定（ＥＰＡ）交渉の早期開始を求める,2013-12-17,20131217,提言,貿易投資,公開,https://www.keidanren.or.jp/policy/2013/113.html,2026-08-13,html_text,通商・国際経済・国際協力,主張・提言
keidanren_2013_110.pdf,keidanren_2013_110,keidanren,経済団体,「2012年度 福利厚生費調査結果（第57回）」の概要,2013-12-17,20131217,提言,労働,公開,https://www.keidanren.or.jp/policy/2013/110.pdf,2026-08-13,ok,労働・雇用|企業経営・ガバナンス・サステナビリティ,内部調査・会員アンケート
keidanren_2013_109.txt,keidanren_2013_109,keidanren,経済団体,ASEAN諸国とのさらなる連携強化に向けて,2013-12-11,20131211,提言,地域,公開,https://www.keidanren.or.jp/policy/2013/109.html,2026-08-13,html_text,通商・国際経済・国際協力|エネルギー・環境|産業政策・成長戦略,主張・提言
keidanren_2013_108.txt,keidanren_2013_108,keidanren,経済団体,企業年金積立金に対する特別法人税の撤廃を求める,2013-11-29,20131129,提言,経済政策,公開,https://www.keidanren.or.jp/policy/2013/108.html,2026-08-13,html_text,税制・財政|社会保障（年金・医療・介護）,主張・提言
keidanren_2013_106.pdf,keidanren_2013_106,keidanren,経済団体,地球温暖化対策税の使途拡大等に反対する,2013-11-22,20131122,提言,環境,公開,https://www.keidanren.or.jp/policy/2013/106_honbun.pdf,2026-08-13,ok,エネルギー・環境|税制・財政,主張・提言
keidanren_2013_105.txt,keidanren_2013_105,keidanren,経済団体,消費税の複数税率導入に反対する意見,2013-11-20,20131120,意見,経済基盤,公開,https://www.keidanren.or.jp/policy/2013/105.html,2026-08-13,html_text,税制・財政,主張・提言
keidanren_2013_104.txt,keidanren_2013_104,keidanren,経済団体,「採用選考に関する企業の倫理憲章」の趣旨実現をめざす共同宣言について,2013-11-20,20131120,提言,労働,公開,https://www.keidanren.or.jp/policy/2013/104.html,2026-08-13,html_text,労働・雇用|人材・教育,主張・提言
keidanren_2013_102.pdf,keidanren_2013_102,keidanren,経済団体,環境自主行動計画＜温暖化対策編＞総括評価報告,2013-11-19,20131119,提言,環境,公開,https://www.keidanren.or.jp/policy/2013/102_honbun.pdf,2026-08-13,ok,エネルギー・環境|産業政策・成長戦略,内部調査・会員アンケート
keidanren_2013_101.pdf,keidanren_2013_101,keidanren,経済団体,環境自主行動計画〔温暖化対策編〕 2013年度フォローアップ結果,2013-11-19,20131119,提言,環境,公開,https://www.keidanren.or.jp/policy/2013/101_honbun.pdf,2026-08-13,ok,エネルギー・環境|産業政策・成長戦略,内部調査・会員アンケート
keidanren_2013_100.pdf,keidanren_2013_100,keidanren,経済団体,戦略的なインフラ・システムの海外展開に向けて,2013-11-19,20131119,提言,国際協力,公開,https://www.keidanren.or.jp/policy/2013/100_honbun.pdf,2026-08-13,ok,通商・国際経済・国際協力|国土・住宅・交通・防災|産業政策・成長戦略,主張・提言
keidanren_2013_103.txt,keidanren_2013_103,keidanren,経済団体,アラブ諸国との経済協力のあり方について,2013-11-19,20131119,提言,地域,公開,https://www.keidanren.or.jp/policy/2013/103.html,2026-08-13,html_text,通商・国際経済・国際協力|エネルギー・環境|外交・安全保障・経済安全保障,主張・提言
keidanren_2013_107.txt,keidanren_2013_107,keidanren,経済団体,日本ミャンマー合同経済会議 共同声明,2013-11-19,20131119,提言,地域,公開,https://www.keidanren.or.jp/policy/2013/107.html,2026-08-13,html_text,通商・国際経済・国際協力,活動記録
keidanren_2013_099.pdf,keidanren_2013_099,keidanren,経済団体,地球温暖化対策税に関する意見,2013-11-19,20131119,意見,環境,公開,https://www.keidanren.or.jp/policy/2013/099_honbun.pdf,2026-08-13,ok,エネルギー・環境|税制・財政,主張・提言
keidanren_2013_098.txt,keidanren_2013_098,keidanren,経済団体,日ＥＵ経済連携協定の早期締結を求める,2013-11-15,20131115,提言,貿易投資,公開,https://www.keidanren.or.jp/policy/2013/098.html,2026-08-13,html_text,通商・国際経済・国際協力|産業政策・成長戦略,主張・提言
keidanren_2013_095.txt,keidanren_2013_095,keidanren,経済団体,クルーズ振興に向けた提言,2013-11-15,20131115,提言,国土政策,公開,https://www.keidanren.or.jp/policy/2013/095.html,2026-08-13,html_text,地域経済・観光・地方創生|国土・住宅・交通・防災|通商・国際経済・国際協力,主張・提言
keidanren_2013_096.txt,keidanren_2013_096,keidanren,経済団体,平成26年度診療報酬改定に関する要請,2013-11-15,20131115,提言,経済政策,公開,https://www.keidanren.or.jp/policy/2013/096.html,2026-08-13,html_text,社会保障（年金・医療・介護）|税制・財政,主張・提言
keidanren_2013_117.pdf,keidanren_2013_117,keidanren,経済団体,2013年人事・労務に関するトップ・マネジメント調査結果,2013-11-06,20131106,提言,労働,公開,https://www.keidanren.or.jp/policy/2013/117.pdf,2026-08-13,ok,労働・雇用,内部調査・会員アンケート
keidanren_2013_093.pdf,keidanren_2013_093,keidanren,経済団体,2013年3月卒「新規学卒者決定初任給調査結果」,2013-10-30,20131030,提言,労働,公開,https://www.keidanren.or.jp/policy/2013/093.pdf,2026-08-13,ok,労働・雇用,内部調査・会員アンケート
keidanren_2013_092.pdf,keidanren_2013_092,keidanren,経済団体,観光関連産業の成長産業化と競争力ある観光地域づくりに関する報告書,2013-10-30,20131030,報告書,国土政策,公開,https://www.keidanren.or.jp/policy/2013/092_honbun.pdf,2026-08-13,ok,地域経済・観光・地方創生|産業政策・成長戦略,主張・提言
keidanren_2013_091.txt,keidanren_2013_091,keidanren,経済団体,政策評価について,2013-10-23,20131023,提言,総合政策,公開,https://www.keidanren.or.jp/policy/2013/091.html,2026-08-13,html_text,政治・統治機構・憲法|マクロ経済・経済財政運営,主張・提言
keidanren_2013_090.txt,keidanren_2013_090,keidanren,経済団体,日米インターネット・エコノミー民間作業部会 共同声明2013,2013-10-22,20131022,提言,産業技術,公開,https://www.keidanren.or.jp/policy/2013/090.html,2026-08-13,html_text,デジタル・情報通信|通商・国際経済・国際協力,主張・提言
keidanren_2013_085.txt,keidanren_2013_085,keidanren,経済団体,社会保障制度改革の推進に向けて,2013-10-15,20131015,提言,経済政策,公開,https://www.keidanren.or.jp/policy/2013/085.html,2026-08-13,html_text,社会保障（年金・医療・介護）|税制・財政|こども・子育て・人口,主張・提言
keidanren_2013_086.pdf,keidanren_2013_086,keidanren,経済団体,企業年金税制に関する重点要望,2013-10-15,20131015,要望,経済政策,公開,https://www.keidanren.or.jp/policy/2013/086_shiryo.pdf,2026-08-13,ok,税制・財政|社会保障（年金・医療・介護）,主張・提言
keidanren_2013_087.pdf,keidanren_2013_087,keidanren,経済団体,2013年度経団連規制改革要望,2013-10-15,20131015,要望,産業政策,公開,https://www.keidanren.or.jp/policy/2013/087_gaiyo.pdf,2026-08-13,ok,行政改革・規制改革|産業政策・成長戦略|労働・雇用,主張・提言
keidanren_2013_089.pdf,keidanren_2013_089,keidanren,経済団体,今後のエネルギー政策のあり方に関する提言,2013-10-15,20131015,提言,環境,公開,https://www.keidanren.or.jp/policy/2013/089_honbun.pdf,2026-08-13,ok,エネルギー・環境|マクロ経済・経済財政運営,主張・提言
keidanren_2013_088.pdf,keidanren_2013_088,keidanren,経済団体,真に実効的な将来枠組みの構築に向けて,2013-10-15,20131015,提言,環境,公開,https://www.keidanren.or.jp/policy/2013/088_honbun.pdf,2026-08-13,ok,エネルギー・環境|産業政策・成長戦略|通商・国際経済・国際協力,主張・提言
keidanren_2013_084.pdf,keidanren_2013_084,keidanren,経済団体,2012年度 社会貢献活動実績調査結果,2013-10-15,20131015,提言,企業社会,公開,https://www.keidanren.or.jp/policy/2013/084_honbun.pdf,2026-08-13,ok,企業経営・ガバナンス・サステナビリティ,内部調査・会員アンケート
keidanren_2013_083.pdf,keidanren_2013_083,keidanren,経済団体,当面の地球温暖化政策に関する考え方,2013-10-04,20131004,提言,環境,公開,https://www.keidanren.or.jp/policy/2013/083_honbun.pdf,2026-08-13,ok,エネルギー・環境|産業政策・成長戦略,主張・提言
keidanren_2013_082.pdf,keidanren_2013_082,keidanren,経済団体,女性の活躍支援・推進に関する企業の取り組み事例集,2013-09-19,20130919,提言,企業社会,公開,https://www.keidanren.or.jp/policy/2013/082.pdf,2026-08-13,ok,多様性・人権・ジェンダー|労働・雇用|企業経営・ガバナンス・サステナビリティ,内部調査・会員アンケート
keidanren_2013_079.pdf,keidanren_2013_079,keidanren,経済団体,改訂公開草案「リース」に対するコメント,2013-09-13,20130913,意見,経済基盤,公開,https://www.keidanren.or.jp/policy/2013/079_comment.pdf,2026-08-13,ok,企業経営・ガバナンス・サステナビリティ,主張・提言
keidanren_2013_081.pdf,keidanren_2013_081,keidanren,経済団体,採用選考に関する指針,2013-09-13,20130913,提言,労働,公開,https://www.keidanren.or.jp/policy/2013/081_shishin.pdf,2026-08-13,ok,労働・雇用|人材・教育,主張・提言
keidanren_2013_078.pdf,keidanren_2013_078,keidanren,経済団体,地域基盤の強化に関する基本的考え方,2013-09-11,20130911,提言,企業社会,公開,https://www.keidanren.or.jp/policy/2013/078_honbun.pdf,2026-08-13,ok,国土・住宅・交通・防災|マクロ経済・経済財政運営,主張・提言
keidanren_2013_077.pdf,keidanren_2013_077,keidanren,経済団体,平成26年度税制改正に関する提言,2013-09-09,20130909,提言,経済基盤,公開,https://www.keidanren.or.jp/policy/2013/077_honbun.pdf,2026-08-13,ok,税制・財政|マクロ経済・経済財政運営,主張・提言
keidanren_2013_076.pdf,keidanren_2013_076,keidanren,経済団体,経団連「未来都市モデルプロジェクト」プログレス・レポート,2013-09-09,20130909,報告書,国土政策,公開,https://www.keidanren.or.jp/policy/2013/076.pdf,2026-08-13,ok,地域経済・観光・地方創生|産業政策・成長戦略|国土・住宅・交通・防災,活動記録
keidanren_2013_075.pdf,keidanren_2013_075,keidanren,経済団体,2013年夏季賞与・一時金 大手企業業種別妥結結果,2013-08-07,20130807,提言,労働,公開,https://www.keidanren.or.jp/policy/2013/075.pdf,2026-08-13,ok,労働・雇用,内部調査・会員アンケート
keidanren_2013_074.txt,keidanren_2013_074,keidanren,経済団体,第４回 アジア・ビジネス・サミット 共同声明,2013-07-31,20130731,提言,地域,公開,https://www.keidanren.or.jp/policy/2013/074.html,2026-08-13,html_text,通商・国際経済・国際協力|エネルギー・環境|地域経済・観光・地方創生,外部・第三者資料
keidanren_2013_072.pdf,keidanren_2013_072,keidanren,経済団体,女性活躍支援・推進等に関する調査結果,2013-07-29,20130729,提言,企業社会,公開,https://www.keidanren.or.jp/policy/2013/072.pdf,2026-08-13,ok,多様性・人権・ジェンダー|労働・雇用,内部調査・会員アンケート
keidanren_2013_073.pdf,keidanren_2013_073,keidanren,経済団体,女性活躍支援・推進等に関する追加調査結果,2013-07-29,20130729,提言,企業社会,公開,https://www.keidanren.or.jp/policy/2013/073.pdf,2026-08-13,ok,多様性・人権・ジェンダー|労働・雇用,内部調査・会員アンケート
keidanren_2013_070.pdf,keidanren_2013_070,keidanren,経済団体,今後の労働者派遣制度のあり方について,2013-07-24,20130724,提言,労働,公開,https://www.keidanren.or.jp/policy/2013/070_honbun.pdf,2026-08-13,ok,労働・雇用|行政改革・規制改革,主張・提言
keidanren_2013_069.pdf,keidanren_2013_069,keidanren,経済団体,エネルギー・低炭素化関連技術アンケート結果概要,2013-07-22,20130722,資料,環境,公開,https://www.keidanren.or.jp/policy/2013/069_kekka.pdf,2026-08-13,ok,エネルギー・環境|イノベーション・科学技術・スタートアップ,内部調査・会員アンケート
keidanren_2013_068.pdf,keidanren_2013_068,keidanren,経済団体,夏季フォーラム2013 議長総括－「強い日本」を再生する－,2013-07-19,20130719,提言,総合政策,公開,https://www.keidanren.or.jp/policy/2013/068_honbun.pdf,2026-08-13,ok,マクロ経済・経済財政運営|産業政策・成長戦略|外交・安全保障・経済安全保障,活動記録
keidanren_2013_066.txt,keidanren_2013_066,keidanren,経済団体,民間企業の活力発揮に向けた「日本再興戦略」の一層の拡充を求める,2013-07-16,20130716,提言,産業政策,公開,https://www.keidanren.or.jp/policy/2013/066.html,2026-08-13,html_text,産業政策・成長戦略|税制・財政|労働・雇用,主張・提言
keidanren_2013_065.pdf,keidanren_2013_065,keidanren,経済団体,攻めの地球温暖化外交戦略への提言,2013-07-16,20130716,提言,環境,公開,https://www.keidanren.or.jp/policy/2013/065_honbun.pdf,2026-08-13,ok,エネルギー・環境|通商・国際経済・国際協力|産業政策・成長戦略,主張・提言
keidanren_2013_067.pdf,keidanren_2013_067,keidanren,経済団体,農林漁業等の活性化に向けた取り組みに関する事例集,2013-07-16,20130716,提言,産業政策,公開,https://www.keidanren.or.jp/policy/2013/067_all.pdf,2026-08-13,ok,農林水産・食料|地域経済・観光・地方創生,活動記録
keidanren_2013_063.pdf,keidanren_2013_063,keidanren,経済団体,2013年春季労使交渉・大手企業業種別妥結結果,2013-07-12,20130712,提言,労働,公開,https://www.keidanren.or.jp/policy/2013/063.pdf,2026-08-13,ok,労働・雇用,内部調査・会員アンケート
keidanren_2013_064.pdf,keidanren_2013_064,keidanren,経済団体,2013年春季労使交渉・中小企業業種別妥結結果,2013-07-12,20130712,提言,労働,公開,https://www.keidanren.or.jp/policy/2013/064.pdf,2026-08-13,ok,労働・雇用|中小企業,内部調査・会員アンケート
keidanren_2013_062.txt,keidanren_2013_062,keidanren,経済団体,日本再興戦略に基づく税制措置に関する提言,2013-07-10,20130710,提言,経済基盤,公開,https://www.keidanren.or.jp/policy/2013/062.html,2026-08-13,html_text,税制・財政|産業政策・成長戦略,主張・提言
keidanren_2013_060.pdf,keidanren_2013_060,keidanren,経済団体,新たな成長を実現する大規模MICE施設開発に向けて,2013-06-17,20130617,提言,国土政策,公開,https://www.keidanren.or.jp/policy/2013/060_honbun.pdf,2026-08-13,ok,地域経済・観光・地方創生|国土・住宅・交通・防災|産業政策・成長戦略,主張・提言
keidanren_2013_059.pdf,keidanren_2013_059,keidanren,経済団体,「世界を舞台に活躍できる人づくりのために」,2013-06-13,20130613,提言,企業社会,公開,https://www.keidanren.or.jp/policy/2013/059_honbun.pdf,2026-08-13,ok,人材・教育|産業政策・成長戦略,主張・提言
keidanren_2013_061.txt,keidanren_2013_061,keidanren,経済団体,ＯＤＡ予算の拡充と国際標準化戦略の推進を求める,2013-06-11,20130611,提言,国際協力,公開,https://www.keidanren.or.jp/policy/2013/061.html,2026-08-13,html_text,通商・国際経済・国際協力|産業政策・成長戦略|外交・安全保障・経済安全保障,主張・提言
keidanren_2013_058.txt,keidanren_2013_058,keidanren,経済団体,「民法（債権関係）の改正に関する中間試案」に対する提言,2013-06-11,20130611,提言,経済基盤,公開,https://www.keidanren.or.jp/policy/2013/058.html,2026-08-13,html_text,政治・統治機構・憲法|企業経営・ガバナンス・サステナビリティ,主張・提言
keidanren_2013_056.txt,keidanren_2013_056,keidanren,経済団体,今後のわが国の企業会計制度に関する基本的考え方,2013-06-10,20130610,提言,経済基盤,公開,https://www.keidanren.or.jp/policy/2013/056.html,2026-08-13,html_text,金融・資本市場|企業経営・ガバナンス・サステナビリティ,主張・提言
keidanren_2013_055.txt,keidanren_2013_055,keidanren,経済団体,今こそ競争力を強化し、成長を実現する,2013-06-04,20130604,提言,総合政策,公開,https://www.keidanren.or.jp/policy/2013/055.html,2026-08-13,html_text,産業政策・成長戦略|マクロ経済・経済財政運営|通商・国際経済・国際協力,主張・提言
keidanren_2013_053.txt,keidanren_2013_053,keidanren,経済団体,日印ビジネス・リーダーズ・フォーラム2013共同報告書,2013-05-29,20130529,報告書,地域,公開,https://www.keidanren.or.jp/policy/2013/053.html,2026-08-13,html_text,通商・国際経済・国際協力|外交・安全保障・経済安全保障|エネルギー・環境,活動記録
keidanren_2013_052.pdf,keidanren_2013_052,keidanren,経済団体,財政健全化と効率的な財政運営に向けて,2013-05-27,20130527,提言,経済政策,公開,https://www.keidanren.or.jp/policy/2013/052_honbun.pdf,2026-08-13,ok,税制・財政|社会保障（年金・医療・介護）|マクロ経済・経済財政運営,主張・提言
keidanren_2013_051.txt,keidanren_2013_051,keidanren,経済団体,日本の成長に資するジャパン・ブランドの強化に向けて,2013-05-27,20130527,提言,産業政策,公開,https://www.keidanren.or.jp/policy/2013/051.html,2026-08-13,html_text,産業政策・成長戦略|通商・国際経済・国際協力|地域経済・観光・地方創生,主張・提言
keidanren_2013_050.txt,keidanren_2013_050,keidanren,経済団体,日本経済再生に向けた基盤整備,2013-05-22,20130522,提言,経済政策,公開,https://www.keidanren.or.jp/policy/2013/050.html,2026-08-13,html_text,マクロ経済・経済財政運営|産業政策・成長戦略|税制・財政,主張・提言
keidanren_2013_049.txt,keidanren_2013_049,keidanren,経済団体,Ｇ８ビジネス・サミット(Ｂ８)プレスリリース,2013-05-21,20130521,提言,貿易投資,公開,https://www.keidanren.or.jp/policy/2013/049.html,2026-08-13,html_text,通商・国際経済・国際協力|税制・財政,活動記録
keidanren_2013_044.txt,keidanren_2013_044,keidanren,経済団体,待機児童の解消に向けた一層の取り組みを求める,2013-05-14,20130514,提言,経済政策,公開,https://www.keidanren.or.jp/policy/2013/044.html,2026-08-13,html_text,こども・子育て・人口|労働・雇用|行政改革・規制改革,主張・提言
keidanren_2013_046.pdf,keidanren_2013_046,keidanren,経済団体,職務発明の法人帰属をあらためて求める,2013-05-14,20130514,提言,産業技術,公開,https://www.keidanren.or.jp/policy/2013/046_honbun.pdf,2026-08-13,ok,イノベーション・科学技術・スタートアップ|産業政策・成長戦略,主張・提言
keidanren_2013_047.pdf,keidanren_2013_047,keidanren,経済団体,防衛計画の大綱に向けた提言,2013-05-14,20130514,提言,産業技術,公開,https://www.keidanren.or.jp/policy/2013/047_honbun.pdf,2026-08-13,ok,外交・安全保障・経済安全保障|産業政策・成長戦略|通商・国際経済・国際協力,主張・提言
keidanren_2013_048.pdf,keidanren_2013_048,keidanren,経済団体,イタリアおよびイギリスの防衛産業政策に関する調査ミッション報告,2013-05-14,20130514,提言,産業技術,公開,https://www.keidanren.or.jp/policy/2013/048.pdf,2026-08-13,ok,外交・安全保障・経済安全保障|産業政策・成長戦略|通商・国際経済・国際協力,活動記録
keidanren_2013_045.pdf,keidanren_2013_045,keidanren,経済団体,中小企業のアジア地域への海外展開をめぐる課題と求められる対応,2013-05-14,20130514,提言,労働,公開,https://www.keidanren.or.jp/policy/2013/045_honbun.pdf,2026-08-13,ok,中小企業|通商・国際経済・国際協力,主張・提言
keidanren_2013_041.pdf,keidanren_2013_041,keidanren,経済団体,地方法人課税のあり方,2013-05-10,20130510,提言,経済基盤,公開,https://www.keidanren.or.jp/policy/2013/041_honbun.pdf,2026-08-13,ok,税制・財政|マクロ経済・経済財政運営,主張・提言
keidanren_2013_043.txt,keidanren_2013_043,keidanren,経済団体,「原子力規制委員会設置法の一部の施行に伴う関係規則の整備等に関する規則（案）」等に対する意見,2013-05-10,20130510,意見,環境,公開,https://www.keidanren.or.jp/policy/2013/043.html,2026-08-13,html_text,エネルギー・環境|行政改革・規制改革,主張・提言
keidanren_2013_039.pdf,keidanren_2013_039,keidanren,経済団体,質の高い日中韓FTAならびに東アジア地域包括的経済連携(RCEP)の早期実現を求める,2013-05-07,20130507,提言,貿易投資,公開,https://www.keidanren.or.jp/policy/2013/039_honbun.pdf,2026-08-13,ok,通商・国際経済・国際協力|産業政策・成長戦略,主張・提言
keidanren_2013_040.txt,keidanren_2013_040,keidanren,経済団体,「第三次循環型社会形成推進基本計画（案）」に対する意見,2013-05-02,20130502,意見,環境,公開,https://www.keidanren.or.jp/policy/2013/040.html,2026-08-13,html_text,エネルギー・環境|行政改革・規制改革,主張・提言
keidanren_2013_038.pdf,keidanren_2013_038,keidanren,経済団体,2012年9月度 退職金・年金に関する実態調査結果,2013-04-26,20130426,提言,労働,公開,https://www.keidanren.or.jp/policy/2013/038.pdf,2026-08-13,ok,労働・雇用|社会保障（年金・医療・介護）,内部調査・会員アンケート
keidanren_2013_037.pdf,keidanren_2013_037,keidanren,経済団体,2012年度 環境自主行動計画第三者評価委員会 評価報告書,2013-04-19,20130419,報告書,環境,公開,https://www.keidanren.or.jp/policy/2013/037.pdf,2026-08-13,ok,エネルギー・環境|産業政策・成長戦略,内部調査・会員アンケート
keidanren_2013_034.pdf,keidanren_2013_034,keidanren,経済団体,通商戦略の再構築に関する提言,2013-04-16,20130416,提言,貿易投資,公開,https://www.keidanren.or.jp/policy/2013/034_honbun.pdf,2026-08-13,ok,通商・国際経済・国際協力|産業政策・成長戦略,主張・提言
keidanren_2013_035.txt,keidanren_2013_035,keidanren,経済団体,インフラ・システム海外展開の機動的かつ戦略的な推進を求める,2013-04-16,20130416,提言,国際協力,公開,https://www.keidanren.or.jp/policy/2013/035.html,2026-08-13,html_text,通商・国際経済・国際協力|産業政策・成長戦略|外交・安全保障・経済安全保障,主張・提言
keidanren_2013_032.pdf,keidanren_2013_032,keidanren,経済団体,次期総合物流施策大綱に望む,2013-04-16,20130416,提言,産業政策,公開,https://www.keidanren.or.jp/policy/2013/032_honbun.pdf,2026-08-13,ok,国土・住宅・交通・防災|産業政策・成長戦略|通商・国際経済・国際協力,主張・提言
keidanren_2013_033.pdf,keidanren_2013_033,keidanren,経済団体,労働者の活躍と企業の成長を促す労働法制,2013-04-16,20130416,提言,労働,公開,https://www.keidanren.or.jp/policy/2013/033_honbun.pdf,2026-08-13,ok,労働・雇用|人材・教育,主張・提言
keidanren_2013_036.pdf,keidanren_2013_036,keidanren,経済団体,二国間オフセット・メカニズムに関するアンケート結果,2013-04-16,20130416,資料,環境,公開,https://www.keidanren.or.jp/policy/2013/036.pdf,2026-08-13,ok,エネルギー・環境|通商・国際経済・国際協力|産業政策・成長戦略,内部調査・会員アンケート
keidanren_2013_031.pdf,keidanren_2013_031,keidanren,経済団体,電力問題に関する緊急アンケート結果,2013-04-15,20130415,資料,環境,公開,https://www.keidanren.or.jp/policy/2013/031.pdf,2026-08-13,ok,エネルギー・環境|産業政策・成長戦略,内部調査・会員アンケート
keidanren_2013_028.txt,keidanren_2013_028,keidanren,経済団体,独占禁止法改正法案（審判廃止）の早期再提出・成立を求める,2013-04-10,20130410,提言,経済基盤,公開,https://www.keidanren.or.jp/policy/2013/028.html,2026-08-13,html_text,行政改革・規制改革|企業経営・ガバナンス・サステナビリティ,主張・提言
keidanren_2013_029.txt,keidanren_2013_029,keidanren,経済団体,公正取引委員会審判制度廃止の早期実現を求める,2013-04-10,20130410,提言,経済基盤,公開,https://www.keidanren.or.jp/policy/2013/029.html,2026-08-13,html_text,行政改革・規制改革|企業経営・ガバナンス・サステナビリティ,主張・提言
keidanren_2013_026.txt,keidanren_2013_026,keidanren,経済団体,IASB・FASB暫定決定「顧客との契約から生じる収益」の「開示」及び「経過措置」に対する意見,2013-03-27,20130327,意見,経済基盤,公開,https://www.keidanren.or.jp/policy/2013/026.html,2026-08-13,html_text,企業経営・ガバナンス・サステナビリティ|金融・資本市場,主張・提言
keidanren_2013_025.pdf,keidanren_2013_025,keidanren,経済団体,「2012年 夏季・冬季 賞与・一時金調査結果」,2013-03-27,20130327,提言,労働,公開,https://www.keidanren.or.jp/policy/2013/025.pdf,2026-08-13,ok,労働・雇用,内部調査・会員アンケート
keidanren_2013_023.txt,keidanren_2013_023,keidanren,経済団体,日本における集団訴訟制度に関する緊急提言,2013-03-25,20130325,提言,経済基盤,公開,https://www.keidanren.or.jp/policy/2013/023.html,2026-08-13,html_text,企業経営・ガバナンス・サステナビリティ|行政改革・規制改革,主張・提言
keidanren_2013_022.pdf,keidanren_2013_022,keidanren,経済団体,企業のワーク・ライフ・バランスへの取組み状況,2013-03-25,20130325,資料,労働,公開,https://www.keidanren.or.jp/policy/2013/022.pdf,2026-08-13,ok,労働・雇用|こども・子育て・人口|企業経営・ガバナンス・サステナビリティ,内部調査・会員アンケート
keidanren_2013_024.txt,keidanren_2013_024,keidanren,経済団体,「再生可能エネルギー固定価格買取制度における平成25年度新規参入者向け調達価格」に対する意見,2013-03-22,20130322,意見,環境,公開,https://www.keidanren.or.jp/policy/2013/024.html,2026-08-13,html_text,エネルギー・環境,主張・提言
keidanren_2013_019.pdf,keidanren_2013_019,keidanren,経済団体,新たな産業政策体系の構築を求める,2013-03-19,20130319,提言,産業政策,公開,https://www.keidanren.or.jp/policy/2013/019_honbun.pdf,2026-08-13,ok,産業政策・成長戦略|行政改革・規制改革|労働・雇用,主張・提言
keidanren_2013_020.pdf,keidanren_2013_020,keidanren,経済団体,公共データの産業利用に関する調査結果,2013-03-19,20130319,提言,産業技術,公開,https://www.keidanren.or.jp/policy/2013/020_honbun.pdf,2026-08-13,ok,デジタル・情報通信|行政改革・規制改革,内部調査・会員アンケート
keidanren_2013_021.pdf,keidanren_2013_021,keidanren,経済団体,環境自主行動計画〔循環型社会形成編〕,2013-03-19,20130319,提言,環境,公開,https://www.keidanren.or.jp/policy/2013/021_gaiyo.pdf,2026-08-13,ok,エネルギー・環境|産業政策・成長戦略,内部調査・会員アンケート
keidanren_2013_018.pdf,keidanren_2013_018,keidanren,経済団体,道州制実現に向けた緊急提言,2013-03-14,20130314,提言,国土政策,公開,https://www.keidanren.or.jp/japanese/policy/2007/025.pdf,2026-08-13,ok,行政改革・規制改革|政治・統治機構・憲法|地域経済・観光・地方創生,主張・提言
keidanren_2013_017.txt,keidanren_2013_017,keidanren,経済団体,観光関連産業の競争力強化に向けて,2013-02-22,20130222,提言,国土政策,公開,https://www.keidanren.or.jp/policy/2013/017.html,2026-08-13,html_text,地域経済・観光・地方創生|通商・国際経済・国際協力|人材・教育,主張・提言
keidanren_2013_014.pdf,keidanren_2013_014,keidanren,経済団体,企業の事業活動の継続性強化に向けて,2013-02-19,20130219,提言,企業社会,公開,https://www.keidanren.or.jp/policy/2013/014_honbun.pdf,2026-08-13,ok,国土・住宅・交通・防災|企業経営・ガバナンス・サステナビリティ,主張・提言
keidanren_2013_015.pdf,keidanren_2013_015,keidanren,経済団体,「知的財産政策ビジョン」策定に向けた提言,2013-02-19,20130219,提言,産業技術,公開,https://www.keidanren.or.jp/policy/2013/015_honbun.pdf,2026-08-13,ok,イノベーション・科学技術・スタートアップ|税制・財政|産業政策・成長戦略,主張・提言
keidanren_2013_016.txt,keidanren_2013_016,keidanren,経済団体,電子書籍の流通と利用の促進に資する「電子出版権」の新設を求める,2013-02-19,20130219,提言,産業技術,公開,https://www.keidanren.or.jp/policy/2013/016.html,2026-08-13,html_text,デジタル・情報通信|産業政策・成長戦略,主張・提言
keidanren_2013_013.txt,keidanren_2013_013,keidanren,経済団体,メコンミッション団長報告,2013-02-12,20130212,提言,地域,公開,https://www.keidanren.or.jp/policy/2013/013.html,2026-08-13,html_text,通商・国際経済・国際協力,活動記録
keidanren_2013_012.pdf,keidanren_2013_012,keidanren,経済団体,第56回 福利厚生費調査結果報告,2013-01-30,20130130,提言,労働,公開,https://www.keidanren.or.jp/policy/2013/012_honbun.pdf,2026-08-13,ok,労働・雇用|企業経営・ガバナンス・サステナビリティ,内部調査・会員アンケート
keidanren_2013_004.txt,keidanren_2013_004,keidanren,経済団体,今後の経済運営に関する基本的考え方,2013-01-22,20130122,提言,経済政策,公開,https://www.keidanren.or.jp/policy/2013/004.html,2026-08-13,html_text,マクロ経済・経済財政運営|社会保障（年金・医療・介護）|行政改革・規制改革,主張・提言
keidanren_2013_005.pdf,keidanren_2013_005,keidanren,経済団体,今後の企業年金制度のあり方,2013-01-22,20130122,提言,経済政策,公開,https://www.keidanren.or.jp/policy/2013/005_honbun.pdf,2026-08-13,ok,社会保障（年金・医療・介護）|税制・財政,主張・提言
keidanren_2013_006.txt,keidanren_2013_006,keidanren,経済団体,2013年版経営労働政策委員会報告,2013-01-22,20130122,提言,労働,公開,https://www.keidanren.or.jp/policy/2013/006.html,2026-08-13,html_text,労働・雇用|人材・教育|マクロ経済・経済財政運営,主張・提言
keidanren_2013_008.pdf,keidanren_2013_008,keidanren,経済団体,科学技術イノベーション政策の推進体制の抜本的強化を求める,2013-01-22,20130122,提言,産業技術,公開,https://www.keidanren.or.jp/policy/2013/008_honbun.pdf,2026-08-13,ok,イノベーション・科学技術・スタートアップ|産業政策・成長戦略|行政改革・規制改革,主張・提言
keidanren_2013_009.pdf,keidanren_2013_009,keidanren,経済団体,情報通信技術の利活用による経済再生を目指して,2013-01-22,20130122,提言,産業技術,公開,https://www.keidanren.or.jp/policy/2013/009_honbun.pdf,2026-08-13,ok,デジタル・情報通信|行政改革・規制改革|産業政策・成長戦略,主張・提言
keidanren_2013_010.pdf,keidanren_2013_010,keidanren,経済団体,わが国農業の競争力強化と成長産業化に向けた取り組みの加速を求める,2013-01-22,20130122,提言,産業政策,公開,https://www.keidanren.or.jp/policy/2013/010_honbun.pdf,2026-08-13,ok,農林水産・食料|産業政策・成長戦略|中小企業,主張・提言
keidanren_2013_007.txt,keidanren_2013_007,keidanren,経済団体,サブサハラ・アフリカの持続可能な成長に貢献するために,2013-01-22,20130122,提言,地域,公開,https://www.keidanren.or.jp/policy/2013/007.html,2026-08-13,html_text,通商・国際経済・国際協力|産業政策・成長戦略|外交・安全保障・経済安全保障,主張・提言
keidanren_2013_003.pdf,keidanren_2013_003,keidanren,経済団体,経団連低炭素社会実行計画,2013-01-17,20130117,提言,環境,公開,https://www.keidanren.or.jp/policy/2013/003_honbun.pdf,2026-08-13,ok,エネルギー・環境|産業政策・成長戦略,主張・提言
keidanren_2013_002.pdf,keidanren_2013_002,keidanren,経済団体,2012年6月度 定期賃金調査結果,2013-01-17,20130117,提言,労働,公開,https://www.keidanren.or.jp/policy/2013/002.pdf,2026-08-13,ok,労働・雇用,内部調査・会員アンケート
keidanren_2013_001.pdf,keidanren_2013_001,keidanren,経済団体,国益・国民本位の質の高い政治の実現に向けて,2013-01-15,20130115,提言,総合政策,公開,https://www.keidanren.or.jp/policy/2013/001_honbun.pdf,2026-08-13,ok,政治・統治機構・憲法|行政改革・規制改革,主張・提言
keidanren_2012_093.txt,keidanren_2012_093,keidanren,経済団体,わが国コンテンツの海外展開支援策に関する緊急要望,2012-12-28,20121228,要望,産業政策,公開,https://www.keidanren.or.jp/policy/2012/093.html,2026-08-13,html_text,産業政策・成長戦略|通商・国際経済・国際協力,主張・提言
keidanren_2012_092.pdf,keidanren_2012_092,keidanren,経済団体,「2011年度 福利厚生費調査結果（第56回）」の概要,2012-12-27,20121227,提言,労働,公開,https://www.keidanren.or.jp/policy/2012/092.pdf,2026-08-13,ok,労働・雇用|企業経営・ガバナンス・サステナビリティ,内部調査・会員アンケート
keidanren_2012_091.txt,keidanren_2012_091,keidanren,経済団体,新内閣に望む,2012-12-26,20121226,提言,総合政策,公開,https://www.keidanren.or.jp/policy/2012/091.html,2026-08-13,html_text,マクロ経済・経済財政運営|産業政策・成長戦略|税制・財政,主張・提言
keidanren_2012_090.pdf,keidanren_2012_090,keidanren,経済団体,2012年年末賞与・一時金 大手企業業種別妥結結果,2012-12-26,20121226,提言,労働,公開,https://www.keidanren.or.jp/policy/2012/090.pdf,2026-08-13,ok,労働・雇用,内部調査・会員アンケート
keidanren_2012_088.pdf,keidanren_2012_088,keidanren,経済団体,エネルギー政策の再構築を求める,2012-12-18,20121218,提言,環境,公開,https://www.keidanren.or.jp/policy/2012/088_honbun.pdf,2026-08-13,ok,エネルギー・環境|マクロ経済・経済財政運営,主張・提言
keidanren_2012_089.pdf,keidanren_2012_089,keidanren,経済団体,地球温暖化政策に関する意見,2012-12-18,20121218,意見,環境,公開,https://www.keidanren.or.jp/policy/2012/089_honbun.pdf,2026-08-13,ok,エネルギー・環境|産業政策・成長戦略|マクロ経済・経済財政運営,主張・提言
keidanren_2012_087.txt,keidanren_2012_087,keidanren,経済団体,インサイダー取引規制の見直しについての意見,2012-12-11,20121211,意見,経済基盤,公開,https://www.keidanren.or.jp/policy/2012/087.html,2026-08-13,html_text,金融・資本市場|企業経営・ガバナンス・サステナビリティ,主張・提言
keidanren_2012_086.pdf,keidanren_2012_086,keidanren,経済団体,「2012年1～6月実施分 昇給、ベースアップ実施状況調査結果」について,2012-11-30,20121130,資料,労働,公開,https://www.keidanren.or.jp/policy/2012/086.pdf,2026-08-13,ok,労働・雇用,内部調査・会員アンケート
keidanren_2012_085.txt,keidanren_2012_085,keidanren,経済団体,「採用選考に関する企業の倫理憲章」の趣旨実現をめざす共同宣言について,2012-11-29,20121129,提言,労働,公開,https://www.keidanren.or.jp/policy/2012/085.html,2026-08-13,html_text,人材・教育|労働・雇用,主張・提言
keidanren_2012_081.pdf,keidanren_2012_081,keidanren,経済団体,社会保障制度改革のあり方に関する提言,2012-11-20,20121120,提言,経済政策,公開,https://www.keidanren.or.jp/policy/2012/081_honbun.pdf,2026-08-13,ok,社会保障（年金・医療・介護）|税制・財政|マクロ経済・経済財政運営,主張・提言
keidanren_2012_082.pdf,keidanren_2012_082,keidanren,経済団体,豊かな生活を形づくるための住宅政策のあり方,2012-11-20,20121120,提言,国土政策,公開,https://www.keidanren.or.jp/policy/2012/082_honbun.pdf,2026-08-13,ok,国土・住宅・交通・防災|産業政策・成長戦略|税制・財政,主張・提言
keidanren_2012_083.pdf,keidanren_2012_083,keidanren,経済団体,新たな宇宙基本計画に向けた提言,2012-11-20,20121120,提言,産業技術,公開,https://www.keidanren.or.jp/policy/2012/083_honbun.pdf,2026-08-13,ok,産業政策・成長戦略|外交・安全保障・経済安全保障|イノベーション・科学技術・スタートアップ,主張・提言
keidanren_2012_084.pdf,keidanren_2012_084,keidanren,経済団体,環境自主行動計画〔温暖化対策編〕 2012年度フォローアップ結果,2012-11-20,20121120,提言,環境,公開,https://www.keidanren.or.jp/policy/2012/084_honbun.pdf,2026-08-13,ok,エネルギー・環境|産業政策・成長戦略,内部調査・会員アンケート
keidanren_2012_079.txt,keidanren_2012_079,keidanren,経済団体,日・ＥＵインターネット政策の連携強化に向けて,2012-11-15,20121115,提言,産業技術,公開,https://www.keidanren.or.jp/policy/2012/079.html,2026-08-13,html_text,デジタル・情報通信|通商・国際経済・国際協力,主張・提言
keidanren_2012_080.txt,keidanren_2012_080,keidanren,経済団体,「採用選考に関する企業の倫理憲章」の趣旨実現をめざす共同宣言について,2012-11-13,20121113,提言,労働,公開,https://www.keidanren.or.jp/policy/2012/080.html,2026-08-13,html_text,人材・教育|労働・雇用,主張・提言
keidanren_2012_076.pdf,keidanren_2012_076,keidanren,経済団体,2012年3月卒「新規学卒者決定初任給調査結果」,2012-10-29,20121029,提言,労働,公開,https://www.keidanren.or.jp/policy/2012/076.pdf,2026-08-13,ok,労働・雇用,内部調査・会員アンケート
keidanren_2012_075.pdf,keidanren_2012_075,keidanren,経済団体,「2012年人事・労務に関するトップ・マネジメント調査結果」の概要,2012-10-25,20121025,提言,労働,公開,https://www.keidanren.or.jp/policy/2012/075.pdf,2026-08-13,ok,労働・雇用|人材・教育,内部調査・会員アンケート
keidanren_2012_074.txt,keidanren_2012_074,keidanren,経済団体,訪欧ミッションを終えて,2012-10-18,20121018,提言,地域,公開,https://www.keidanren.or.jp/policy/2012/074.html,2026-08-13,html_text,通商・国際経済・国際協力,活動記録
keidanren_2012_073.txt,keidanren_2012_073,keidanren,経済団体,日米クラウドコンピューティング民間作業部会 報告書,2012-10-18,20121018,報告書,産業技術,公開,https://www.keidanren.or.jp/policy/2012/073.html,2026-08-13,html_text,デジタル・情報通信|通商・国際経済・国際協力|イノベーション・科学技術・スタートアップ,主張・提言
keidanren_2012_071.pdf,keidanren_2012_071,keidanren,経済団体,COP18に向けた提言,2012-10-16,20121016,提言,環境,公開,https://www.keidanren.or.jp/policy/2012/071_honbun.pdf,2026-08-13,ok,エネルギー・環境|通商・国際経済・国際協力,主張・提言
keidanren_2012_072.txt,keidanren_2012_072,keidanren,経済団体,日メコン地域協力に関する提言,2012-10-16,20121016,提言,地域,公開,https://www.keidanren.or.jp/policy/2012/072.html,2026-08-13,html_text,通商・国際経済・国際協力|地域経済・観光・地方創生,主張・提言
keidanren_2012_070.pdf,keidanren_2012_070,keidanren,経済団体,2011年度 社会貢献活動実績調査結果,2012-10-16,20121016,提言,企業社会,公開,https://www.keidanren.or.jp/policy/2012/070_gaiyo.pdf,2026-08-13,ok,企業経営・ガバナンス・サステナビリティ,内部調査・会員アンケート
keidanren_2012_069.pdf,keidanren_2012_069,keidanren,経済団体,平成25年度税制改正に関する提言,2012-10-05,20121005,提言,経済基盤,公開,https://www.keidanren.or.jp/policy/2012/069_honbun.pdf,2026-08-13,ok,税制・財政|マクロ経済・経済財政運営,主張・提言
keidanren_2012_068.txt,keidanren_2012_068,keidanren,経済団体,新内閣に望む,2012-10-01,20121001,提言,総合政策,公開,https://www.keidanren.or.jp/policy/2012/068.html,2026-08-13,html_text,マクロ経済・経済財政運営|通商・国際経済・国際協力|エネルギー・環境,主張・提言
keidanren_2012_077.pdf,keidanren_2012_077,keidanren,経済団体,低炭素社会実行計画 第三者評価委員会 評価報告書,2012-09-19,20120919,報告書,環境,公開,http://www.npu.go.jp/policy/policy07/pdf/20101203_02/siryou3.pdf,2026-08-13,error,エネルギー・環境|産業政策・成長戦略,外部・第三者資料
keidanren_2012_067.txt,keidanren_2012_067,keidanren,経済団体,グローバル・サービス・コアリション 複数国間サービス協定に関する声明,2012-09-19,20120919,提言,貿易投資,公開,https://www.keidanren.or.jp/policy/2012/067.html,2026-08-13,html_text,通商・国際経済・国際協力|産業政策・成長戦略,主張・提言
keidanren_2012_065.pdf,keidanren_2012_065,keidanren,経済団体,2012年度経団連規制改革要望,2012-09-18,20120918,要望,産業政策,公開,https://www.keidanren.or.jp/policy/2012/065_01.pdf,2026-08-13,ok,行政改革・規制改革|国土・住宅・交通・防災|エネルギー・環境,主張・提言
keidanren_2012_064.txt,keidanren_2012_064,keidanren,経済団体,IFRS財団 公開草案「デュー・プロセス・ハンドブック」に対するコメント,2012-09-05,20120905,意見,経済基盤,公開,https://www.keidanren.or.jp/policy/2012/064.html,2026-08-13,html_text,金融・資本市場|企業経営・ガバナンス・サステナビリティ,主張・提言
keidanren_2012_063.txt,keidanren_2012_063,keidanren,経済団体,タイにおける大規模洪水の事後措置の拡充を求める,2012-09-03,20120903,提言,地域,公開,https://www.keidanren.or.jp/policy/2012/063.html,2026-08-13,html_text,通商・国際経済・国際協力|国土・住宅・交通・防災|金融・資本市場,主張・提言
keidanren_2012_061.pdf,keidanren_2012_061,keidanren,経済団体,エネルギー・環境政策の選択肢等に関するアンケート結果,2012-08-13,20120813,資料,環境,公開,https://www.keidanren.or.jp/policy/2012/061.pdf,2026-08-13,ok,エネルギー・環境|マクロ経済・経済財政運営,内部調査・会員アンケート
keidanren_2012_066.txt,keidanren_2012_066,keidanren,経済団体,政府ＣＩＯの設置に向けた考え方,2012-08-06,20120806,提言,産業技術,公開,https://www.keidanren.or.jp/policy/2012/066.html,2026-08-13,html_text,デジタル・情報通信|行政改革・規制改革,主張・提言
keidanren_2012_058.pdf,keidanren_2012_058,keidanren,経済団体,新卒採用（2012年4月入社対象）に関するアンケート調査結果の概要,2012-07-30,20120730,資料,労働,公開,https://www.keidanren.or.jp/policy/2012/058_gaiyo.pdf,2026-08-13,ok,人材・教育|労働・雇用,内部調査・会員アンケート
keidanren_2012_057.pdf,keidanren_2012_057,keidanren,経済団体,「エネルギー・環境に関する選択肢」に関する意見,2012-07-27,20120727,意見,環境,公開,https://www.keidanren.or.jp/policy/2012/057_honbun.pdf,2026-08-13,ok,エネルギー・環境|マクロ経済・経済財政運営|産業政策・成長戦略,主張・提言
keidanren_2012_056.pdf,keidanren_2012_056,keidanren,経済団体,2012年夏季賞与・一時金 大手企業業種別妥結結果,2012-07-26,20120726,提言,労働,公開,https://www.keidanren.or.jp/policy/2012/056.pdf,2026-08-13,ok,労働・雇用,内部調査・会員アンケート
keidanren_2012_055.txt,keidanren_2012_055,keidanren,経済団体,夏季フォーラム2012 議長総括－新しい日本を創る－,2012-07-20,20120720,提言,総合政策,公開,https://www.keidanren.or.jp/policy/2012/055.html,2026-08-13,html_text,マクロ経済・経済財政運営|産業政策・成長戦略|エネルギー・環境,主張・提言
keidanren_2012_053.txt,keidanren_2012_053,keidanren,経済団体,報告書「強靭な流通サプライチェーンの構築に向けて」,2012-07-17,20120717,報告書,産業政策,公開,https://www.keidanren.or.jp/policy/2012/053.html,2026-08-13,html_text,国土・住宅・交通・防災|産業政策・成長戦略|行政改革・規制改革,主張・提言
keidanren_2012_052.pdf,keidanren_2012_052,keidanren,経済団体,新たな海洋基本計画に向けた提言,2012-07-17,20120717,提言,産業政策,公開,https://www.keidanren.or.jp/policy/2012/052_honbun.pdf,2026-08-13,ok,外交・安全保障・経済安全保障|エネルギー・環境|国土・住宅・交通・防災,主張・提言
keidanren_2012_059.pdf,keidanren_2012_059,keidanren,経済団体,日米防衛産業協力に関する共同声明,2012-07-17,20120717,提言,産業技術,公開,https://www.keidanren.or.jp/policy/2012/059.pdf,2026-08-13,ok,外交・安全保障・経済安全保障|産業政策・成長戦略|通商・国際経済・国際協力,主張・提言
keidanren_2012_054.txt,keidanren_2012_054,keidanren,経済団体,日本インドネシア経済連携協定の高度化を求める,2012-07-17,20120717,提言,貿易投資,公開,https://www.keidanren.or.jp/policy/2012/054.html,2026-08-13,html_text,通商・国際経済・国際協力|産業政策・成長戦略,主張・提言
keidanren_2012_051.pdf,keidanren_2012_051,keidanren,経済団体,2014年度入社対象の「採用選考に関する企業の倫理憲章」について,2012-07-17,20120717,提言,労働,公開,https://www.keidanren.or.jp/policy/2011/015.pdf,2026-08-13,ok,労働・雇用|人材・教育,主張・提言
keidanren_2012_050.txt,keidanren_2012_050,keidanren,経済団体,第３回 アジア・ビジネス・サミット共同声明,2012-07-13,20120713,提言,地域,公開,https://www.keidanren.or.jp/policy/2012/050.html,2026-08-13,html_text,通商・国際経済・国際協力|産業政策・成長戦略|国土・住宅・交通・防災,主張・提言
keidanren_2012_049.pdf,keidanren_2012_049,keidanren,経済団体,2012年春季労使交渉・中小企業業種別妥結結果,2012-07-13,20120713,提言,労働,公開,https://www.keidanren.or.jp/policy/2012/049.pdf,2026-08-13,ok,労働・雇用|中小企業,内部調査・会員アンケート
keidanren_2012_062.txt,keidanren_2012_062,keidanren,経済団体,「エネルギー・環境に関する選択肢」についての説明会を開催,2012-07-12,20120712,提言,環境,公開,https://www.keidanren.or.jp/policy/2012/062.html,2026-08-13,html_text,エネルギー・環境|マクロ経済・経済財政運営,活動記録
keidanren_2012_048.pdf,keidanren_2012_048,keidanren,経済団体,2012年春季労使交渉・大手企業業種別妥結結果,2012-07-12,20120712,提言,労働,公開,https://www.keidanren.or.jp/policy/2012/048.pdf,2026-08-13,ok,労働・雇用,内部調査・会員アンケート
keidanren_2012_047.pdf,keidanren_2012_047,keidanren,経済団体,震災からの復興の加速に向けた提言,2012-07-09,20120709,提言,総合政策,公開,https://www.keidanren.or.jp/policy/2012/047_honbun.pdf,2026-08-13,ok,国土・住宅・交通・防災|地域経済・観光・地方創生|中小企業,主張・提言
keidanren_2012_046.pdf,keidanren_2012_046,keidanren,経済団体,未来都市モデルプロジェクト プログレス・レポート,2012-07-09,20120709,報告書,国土政策,公開,https://www.keidanren.or.jp/policy/2012/046.pdf,2026-08-13,ok,エネルギー・環境|地域経済・観光・地方創生|国土・住宅・交通・防災,活動記録
keidanren_2012_045.txt,keidanren_2012_045,keidanren,経済団体,「道州制実現に向けた政治のリーダーシップを」,2012-06-27,20120627,提言,国土政策,公開,https://www.keidanren.or.jp/policy/2012/045.html,2026-08-13,html_text,政治・統治機構・憲法|行政改革・規制改革|地域経済・観光・地方創生,主張・提言
keidanren_2012_044.pdf,keidanren_2012_044,keidanren,経済団体,起業創造委員会報告書「オンリーワンで市場を拓く」,2012-06-19,20120619,報告書,産業政策,公開,https://www.keidanren.or.jp/policy/2012/044_honbun.pdf,2026-08-13,ok,中小企業|産業政策・成長戦略|イノベーション・科学技術・スタートアップ,主張・提言
keidanren_2012_043.txt,keidanren_2012_043,keidanren,経済団体,インフラ輸出の競争力強化を図り、わが国の成長につなげる,2012-06-14,20120614,提言,国際協力,公開,https://www.keidanren.or.jp/policy/2012/043.html,2026-08-13,html_text,通商・国際経済・国際協力|産業政策・成長戦略|外交・安全保障・経済安全保障,主張・提言
keidanren_2012_042.txt,keidanren_2012_042,keidanren,経済団体,TPPを梃子とする経済連携の促進に向けて,2012-06-11,20120611,提言,貿易投資,公開,https://www.keidanren.or.jp/policy/2012/042.html,2026-08-13,html_text,通商・国際経済・国際協力|産業政策・成長戦略,主張・提言
keidanren_2012_041.txt,keidanren_2012_041,keidanren,経済団体,決断と実行で日本を再生する,2012-06-05,20120605,提言,総合政策,公開,https://www.keidanren.or.jp/policy/2012/041.html,2026-08-13,html_text,マクロ経済・経済財政運営|税制・財政|産業政策・成長戦略,主張・提言
keidanren_2012_040.txt,keidanren_2012_040,keidanren,経済団体,「再生可能エネルギー特別措置法の施行に向けた主要論点」に対する意見,2012-06-01,20120601,意見,環境,公開,https://www.keidanren.or.jp/policy/2012/040.html,2026-08-13,html_text,エネルギー・環境,主張・提言
keidanren_2012_037.txt,keidanren_2012_037,keidanren,経済団体,第22回日タイ合同貿易経済委員会 サマリー,2012-05-28,20120528,提言,地域,公開,https://www.keidanren.or.jp/policy/2012/037.html,2026-08-13,html_text,通商・国際経済・国際協力,活動記録
keidanren_2012_036.txt,keidanren_2012_036,keidanren,経済団体,社会保障・税一体改革の着実な推進を求める,2012-05-24,20120524,提言,経済政策,公開,https://www.keidanren.or.jp/policy/2012/036.html,2026-08-13,html_text,税制・財政|社会保障（年金・医療・介護）|マクロ経済・経済財政運営,主張・提言
keidanren_2012_034.txt,keidanren_2012_034,keidanren,経済団体,経団連訪中ミッション米倉団長所見,2012-05-16,20120516,提言,地域,公開,https://www.keidanren.or.jp/policy/2012/034.html,2026-08-13,html_text,通商・国際経済・国際協力|外交・安全保障・経済安全保障,活動記録
keidanren_2012_030.pdf,keidanren_2012_030,keidanren,経済団体,成長戦略の実行と財政再建の断行を求める,2012-05-15,20120515,提言,経済政策,公開,https://www.keidanren.or.jp/policy/2012/030_honbun.pdf,2026-08-13,ok,マクロ経済・経済財政運営|税制・財政|産業政策・成長戦略,主張・提言
keidanren_2012_031.pdf,keidanren_2012_031,keidanren,経済団体,高齢社会に対応した住まい・まちのあり方,2012-05-15,20120515,提言,国土政策,公開,https://www.keidanren.or.jp/policy/2012/031_honbun.pdf,2026-08-13,ok,国土・住宅・交通・防災|社会保障（年金・医療・介護）|地域経済・観光・地方創生,主張・提言
keidanren_2012_032.pdf,keidanren_2012_032,keidanren,経済団体,ミドルマネジャーをめぐる現状課題と求められる対応,2012-05-15,20120515,提言,労働,公開,https://www.keidanren.or.jp/policy/2012/032_honbun.pdf,2026-08-13,ok,労働・雇用|人材・教育|企業経営・ガバナンス・サステナビリティ,主張・提言
keidanren_2012_033.txt,keidanren_2012_033,keidanren,経済団体,第101回ＩＬＯ総会の議題に対する経団連の基本方針,2012-05-15,20120515,提言,労働,公開,https://www.keidanren.or.jp/policy/2012/033.html,2026-08-13,html_text,労働・雇用|社会保障（年金・医療・介護）|通商・国際経済・国際協力,主張・提言
keidanren_2012_028.pdf,keidanren_2012_028,keidanren,経済団体,第４回日中韓ビジネス・サミット共同声明,2012-05-13,20120513,提言,地域,公開,https://www.keidanren.or.jp/policy/2012/028cn.pdf,2026-08-13,ok,通商・国際経済・国際協力|産業政策・成長戦略|金融・資本市場,主張・提言
keidanren_2012_025.pdf,keidanren_2012_025,keidanren,経済団体,当面の電力供給および電力料金に関する緊急アンケート結果,2012-04-23,20120423,資料,環境,公開,https://www.keidanren.or.jp/policy/2012/025.pdf,2026-08-13,ok,エネルギー・環境|産業政策・成長戦略,内部調査・会員アンケート
keidanren_2012_029.pdf,keidanren_2012_029,keidanren,経済団体,2011年度 環境自主行動計画第三者評価委員会 評価報告書,2012-04-23,20120423,報告書,環境,公開,https://www.keidanren.or.jp/policy/2012/029.pdf,2026-08-13,ok,エネルギー・環境|産業政策・成長戦略,外部・第三者資料
keidanren_2012_024.pdf,keidanren_2012_024,keidanren,経済団体,「イノベーション立国・日本」構築を目指して,2012-04-17,20120417,提言,産業技術,公開,https://www.keidanren.or.jp/policy/2012/024_honbun.pdf,2026-08-13,ok,イノベーション・科学技術・スタートアップ|産業政策・成長戦略|デジタル・情報通信,主張・提言
keidanren_2012_023.txt,keidanren_2012_023,keidanren,経済団体,日ミャンマー経済関係の強化に関する提言,2012-04-17,20120417,提言,地域,公開,https://www.keidanren.or.jp/policy/2012/023.html,2026-08-13,html_text,通商・国際経済・国際協力|産業政策・成長戦略,主張・提言
keidanren_2012_018.txt,keidanren_2012_018,keidanren,経済団体,国際競争力強化に向けた港湾・輸出入諸制度の改革,2012-03-21,20120321,提言,産業政策,公開,https://www.keidanren.or.jp/policy/2012/018.html,2026-08-13,html_text,通商・国際経済・国際協力|国土・住宅・交通・防災|行政改革・規制改革,主張・提言
keidanren_2012_019.pdf,keidanren_2012_019,keidanren,経済団体,環境自主行動計画〔循環型社会形成編〕,2012-03-21,20120321,提言,環境,公開,https://www.keidanren.or.jp/policy/2012/019_gaiyo.pdf,2026-08-13,ok,エネルギー・環境|産業政策・成長戦略,内部調査・会員アンケート
keidanren_2012_021.txt,keidanren_2012_021,keidanren,経済団体,日・トルコ経済連携協定（ＥＰＡ）交渉の早期開始を求める,2012-03-21,20120321,提言,貿易投資,公開,https://www.keidanren.or.jp/policy/2012/021.html,2026-08-13,html_text,通商・国際経済・国際協力|産業政策・成長戦略,主張・提言
keidanren_2012_017.pdf,keidanren_2012_017,keidanren,経済団体,企業のワーク・ライフ・バランスへの取組み状況,2012-03-21,20120321,資料,労働,公開,https://www.keidanren.or.jp/policy/2012/017.pdf,2026-08-13,ok,労働・雇用|こども・子育て・人口|人材・教育,内部調査・会員アンケート
keidanren_2012_020.txt,keidanren_2012_020,keidanren,経済団体,日米インターネット・エコノミー民間会合 共同声明,2012-03-21,20120321,提言,産業技術,公開,https://www.keidanren.or.jp/policy/2012/020.html,2026-08-13,html_text,デジタル・情報通信|通商・国際経済・国際協力,主張・提言
keidanren_2012_016.pdf,keidanren_2012_016,keidanren,経済団体,「2011年 夏季・冬季 賞与・一時金調査結果」について,2012-03-16,20120316,提言,労働,公開,https://www.keidanren.or.jp/policy/2012/016.pdf,2026-08-13,ok,労働・雇用,内部調査・会員アンケート
keidanren_2012_015.txt,keidanren_2012_015,keidanren,経済団体,ＡＳＥＡＮミッション 団長所見,2012-03-09,20120309,提言,地域,公開,https://www.keidanren.or.jp/policy/2012/015.html,2026-08-13,html_text,通商・国際経済・国際協力|産業政策・成長戦略,活動記録
keidanren_2012_014.txt,keidanren_2012_014,keidanren,経済団体,「日加経済連携協定（ＥＰＡ）の可能性に関する共同研究報告書」の発表に関する 経団連カナダ委員会・在日カナダ商工会議所（ＣＣＣＪ）の共同声明,2012-03-07,20120307,報告書,貿易投資,公開,https://www.keidanren.or.jp/policy/2012/014.html,2026-08-13,html_text,通商・国際経済・国際協力,主張・提言
keidanren_2012_013.pdf,keidanren_2012_013,keidanren,経済団体,災害に強い経済社会の構築に向けて,2012-03-05,20120305,提言,企業社会,公開,https://www.keidanren.or.jp/policy/2012/013_honbun.pdf,2026-08-13,ok,国土・住宅・交通・防災|企業経営・ガバナンス・サステナビリティ,主張・提言
keidanren_2012_011.pdf,keidanren_2012_011,keidanren,経済団体,東日本大震災における経済界の被災者・被災地支援活動に関する報告書,2012-03-05,20120305,報告書,企業社会,公開,https://www.keidanren.or.jp/policy/2012/011.pdf,2026-08-13,ok,国土・住宅・交通・防災|企業経営・ガバナンス・サステナビリティ,内部調査・会員アンケート
keidanren_2012_012.pdf,keidanren_2012_012,keidanren,経済団体,ドイツおよびスウェーデンの防衛産業政策に関する調査ミッション報告,2012-02-22,20120222,提言,産業技術,公開,https://www.keidanren.or.jp/policy/2012/012.pdf,2026-08-13,ok,外交・安全保障・経済安全保障|通商・国際経済・国際協力|産業政策・成長戦略,活動記録
keidanren_2012_009.txt,keidanren_2012_009,keidanren,経済団体,新型インフルエンザ対策の早期確立を求める,2012-02-21,20120221,提言,企業社会,公開,https://www.keidanren.or.jp/policy/2012/009.html,2026-08-13,html_text,国土・住宅・交通・防災,主張・提言
keidanren_2012_010.txt,keidanren_2012_010,keidanren,経済団体,新たな観光立国推進基本計画に向けた提言,2012-02-21,20120221,提言,国土政策,公開,https://www.keidanren.or.jp/policy/2012/010.html,2026-08-13,html_text,地域経済・観光・地方創生|国土・住宅・交通・防災|税制・財政,主張・提言
keidanren_2012_008.txt,keidanren_2012_008,keidanren,経済団体,高度人材に対するポイント制に係る出入国管理上の優遇制度に対するパブリック・コメント意見,2012-02-16,20120216,意見,産業政策,公開,https://www.keidanren.or.jp/policy/2012/008.html,2026-08-13,html_text,人材・教育|行政改革・規制改革|産業政策・成長戦略,主張・提言
keidanren_2012_006.txt,keidanren_2012_006,keidanren,経済団体,2012年版経営労働政策委員会報告,2012-01-24,20120124,提言,労働,公開,https://www.keidanren.or.jp/policy/2012/006.html,2026-08-13,html_text,労働・雇用|マクロ経済・経済財政運営|人材・教育,主張・提言
keidanren_2012_007.pdf,keidanren_2012_007,keidanren,経済団体,「会社法制の見直しに関する中間試案」に対する意見,2012-01-24,20120124,意見,経済基盤,公開,https://www.keidanren.or.jp/policy/2012/007.pdf,2026-08-13,ok,企業経営・ガバナンス・サステナビリティ|政治・統治機構・憲法,主張・提言
keidanren_2012_005.pdf,keidanren_2012_005,keidanren,経済団体,第55回 福利厚生費調査結果報告,2012-01-23,20120123,提言,労働,公開,https://www.keidanren.or.jp/policy/2012/005_honbun.pdf,2026-08-13,ok,労働・雇用|企業経営・ガバナンス・サステナビリティ,内部調査・会員アンケート
keidanren_2012_004.pdf,keidanren_2012_004,keidanren,経済団体,「2011年6月度 定期賃金調査結果」について,2012-01-20,20120120,提言,労働,公開,https://www.keidanren.or.jp/policy/2012/004.pdf,2026-08-13,ok,労働・雇用,内部調査・会員アンケート
keidanren_2012_003.txt,keidanren_2012_003,keidanren,経済団体,新内閣に望む,2012-01-16,20120116,提言,総合政策,公開,https://www.keidanren.or.jp/policy/2012/003.html,2026-08-13,html_text,マクロ経済・経済財政運営|税制・財政|社会保障（年金・医療・介護）,主張・提言
keidanren_2012_001.pdf,keidanren_2012_001,keidanren,経済団体,会社法施行規則及び会社計算規則による株式会社の各種書類のひな型（改訂版）,2012-01-11,20120111,提言,経済基盤,公開,https://www.keidanren.or.jp/policy/2012/001.pdf,2026-08-13,ok,企業経営・ガバナンス・サステナビリティ,主張・提言
keidanren_2011_116.txt,keidanren_2011_116,keidanren,経済団体,日印CEOジョイント・フォーラム共同報告書,2011-12-28,20111228,報告書,地域,公開,https://www.keidanren.or.jp/policy/2011/116.html,2026-08-13,html_text,通商・国際経済・国際協力|産業政策・成長戦略|エネルギー・環境,活動記録
keidanren_2011_115.pdf,keidanren_2011_115,keidanren,経済団体,2011年年末賞与・一時金 大手企業業種別妥結結果,2011-12-21,20111221,提言,労働,公開,https://www.keidanren.or.jp/policy/2011/115.pdf,2026-08-13,ok,労働・雇用,内部調査・会員アンケート
keidanren_2011_114.txt,keidanren_2011_114,keidanren,経済団体,平成24年度診療報酬改定等に関する緊急要請,2011-12-16,20111216,提言,経済政策,公開,https://www.keidanren.or.jp/policy/2011/114.html,2026-08-13,html_text,社会保障（年金・医療・介護）|マクロ経済・経済財政運営,主張・提言
keidanren_2011_117.pdf,keidanren_2011_117,keidanren,経済団体,「科学技術イノベーション政策推進のための有識者研究会報告書（素案）」に対する意見,2011-12-14,20111214,意見,産業技術,公開,https://www.keidanren.or.jp/policy/2011/117.pdf,2026-08-13,ok,イノベーション・科学技術・スタートアップ|政治・統治機構・憲法,主張・提言
keidanren_2011_113.pdf,keidanren_2011_113,keidanren,経済団体,環境自主行動計画〔温暖化対策編〕 2011年度フォローアップ結果,2011-12-13,20111213,提言,環境,公開,https://www.keidanren.or.jp/policy/2011/113all.pdf,2026-08-13,ok,エネルギー・環境|産業政策・成長戦略,内部調査・会員アンケート
keidanren_2011_110.pdf,keidanren_2011_110,keidanren,経済団体,アジア太平洋地域における経済統合の推進を求める,2011-12-13,20111213,提言,貿易投資,公開,https://www.keidanren.or.jp/policy/2011/110gaiyo.pdf,2026-08-13,ok,通商・国際経済・国際協力|産業政策・成長戦略|農林水産・食料,主張・提言
keidanren_2011_111.pdf,keidanren_2011_111,keidanren,経済団体,改めて国際協力の推進を求める,2011-12-13,20111213,提言,国際協力,公開,https://www.keidanren.or.jp/policy/2011/111gaiyo.pdf,2026-08-13,ok,通商・国際経済・国際協力|産業政策・成長戦略,主張・提言
keidanren_2011_112.pdf,keidanren_2011_112,keidanren,経済団体,「東日本大震災における被災者・被災地支援アンケート」 調査結果＜速報版＞,2011-12-13,20111213,資料,企業社会,公開,https://www.keidanren.or.jp/policy/2011/112sokuho.pdf,2026-08-13,ok,国土・住宅・交通・防災|企業経営・ガバナンス・サステナビリティ,内部調査・会員アンケート
keidanren_2011_109.pdf,keidanren_2011_109,keidanren,経済団体,フィナンシャル・リーダーズ・ワーキンググループならびにグローバル・サービス・コアリション 越境データ流通とサービス貿易に関する声明,2011-11-21,20111121,提言,,公開,https://www.keidanren.or.jp/english/policy/2011/109.pdf,2026-09-07,ok,通商・国際経済・国際協力|デジタル・情報通信,主張・提言
keidanren_2011_107.pdf,keidanren_2011_107,keidanren,経済団体,エネルギー政策に関する第２次提言,2011-11-15,20111115,提言,環境,公開,https://www.keidanren.or.jp/policy/2011/107gaiyo.pdf,2026-08-13,ok,エネルギー・環境|産業政策・成長戦略,主張・提言
keidanren_2011_108.pdf,keidanren_2011_108,keidanren,経済団体,日タイ経済連携協定の高度化とビジネス環境の向上を求める,2011-11-15,20111115,提言,貿易投資,公開,https://www.keidanren.or.jp/policy/2011/108gaiyo.pdf,2026-08-13,ok,通商・国際経済・国際協力|産業政策・成長戦略|労働・雇用,主張・提言
keidanren_2011_106.pdf,keidanren_2011_106,keidanren,経済団体,「2011年1～6月実施分 昇給、ベースアップ実施状況調査結果」について,2011-11-14,20111114,資料,労働,公開,https://www.keidanren.or.jp/policy/2011/106.pdf,2026-08-13,ok,労働・雇用,内部調査・会員アンケート
keidanren_2011_105.txt,keidanren_2011_105,keidanren,経済団体,平成24年度診療報酬改定に関する要請,2011-11-11,20111111,提言,経済政策,公開,https://www.keidanren.or.jp/policy/2011/105.html,2026-08-13,html_text,社会保障（年金・医療・介護）,主張・提言
keidanren_2011_103.txt,keidanren_2011_103,keidanren,経済団体,「『有害物質使用特定施設等に係る構造等に関する基準の設定及び定期点検の方法について（第２次答申案）』に対する意見」及び「『水質汚濁防止法施行規則の一部を改正する省令案の概要について』に対する意見」,2011-11-01,20111101,意見,環境,公開,https://www.keidanren.or.jp/policy/2011/103.html,2026-08-13,html_text,エネルギー・環境,主張・提言
keidanren_2011_102.pdf,keidanren_2011_102,keidanren,経済団体,日・ＥＵ経済統合協定に関する緊急提言,2011-10-31,20111031,提言,貿易投資,公開,https://www.keidanren.or.jp/japanese/policy/2010/036.pdf,2026-08-13,ok,通商・国際経済・国際協力|産業政策・成長戦略,主張・提言
keidanren_2011_101.pdf,keidanren_2011_101,keidanren,経済団体,今夏の電力需給対策に関するアンケート結果について,2011-10-21,20111021,資料,環境,公開,https://www.keidanren.or.jp/policy/2011/101.pdf,2026-08-13,ok,エネルギー・環境|産業政策・成長戦略,内部調査・会員アンケート
keidanren_2011_099.txt,keidanren_2011_099,keidanren,経済団体,公正取引委員会審判制度の早期廃止を再び求める,2011-10-18,20111018,提言,経済基盤,公開,https://www.keidanren.or.jp/policy/2011/099.html,2026-08-13,html_text,行政改革・規制改革|政治・統治機構・憲法,主張・提言
keidanren_2011_098.pdf,keidanren_2011_098,keidanren,経済団体,科学技術イノベーションの推進に向けた重要課題,2011-10-18,20111018,提言,産業技術,公開,https://www.keidanren.or.jp/policy/2011/098gaiyo.pdf,2026-08-13,ok,イノベーション・科学技術・スタートアップ|エネルギー・環境|産業政策・成長戦略,主張・提言
keidanren_2011_096.pdf,keidanren_2011_096,keidanren,経済団体,今後の日本を支える高度ICT人材の育成に向けて,2011-10-18,20111018,提言,産業技術,公開,https://www.keidanren.or.jp/policy/2011/096gaiyo.pdf,2026-08-13,ok,人材・教育|デジタル・情報通信|イノベーション・科学技術・スタートアップ,主張・提言
keidanren_2011_100.pdf,keidanren_2011_100,keidanren,経済団体,海賊対策の強化に向けた提言,2011-10-18,20111018,提言,産業政策,公開,https://www.keidanren.or.jp/policy/2011/100gaiyo.pdf,2026-08-13,ok,外交・安全保障・経済安全保障|通商・国際経済・国際協力,主張・提言
keidanren_2011_097.pdf,keidanren_2011_097,keidanren,経済団体,2010年度社会貢献活動実績調査結果,2011-10-18,20111018,提言,企業社会,公開,https://www.keidanren.or.jp/policy/2011/097gaiyo.pdf,2026-08-13,ok,企業経営・ガバナンス・サステナビリティ,内部調査・会員アンケート
keidanren_2011_095.pdf,keidanren_2011_095,keidanren,経済団体,2011年3月卒「新規学卒者決定初任給調査結果」の概要,2011-10-14,20111014,提言,労働,公開,https://www.keidanren.or.jp/policy/2011/095.pdf,2026-08-13,ok,労働・雇用,内部調査・会員アンケート
keidanren_2011_093.txt,keidanren_2011_093,keidanren,経済団体,第２回アジア・ビジネス・サミット共同声明,2011-09-29,20110929,提言,地域,公開,https://www.keidanren.or.jp/policy/2011/093.html,2026-08-13,html_text,通商・国際経済・国際協力|エネルギー・環境|国土・住宅・交通・防災,主張・提言
keidanren_2011_092.pdf,keidanren_2011_092,keidanren,経済団体,「2011年人事・労務に関するトップ・マネジメント調査結果」の概要,2011-09-29,20110929,提言,労働,公開,https://www.keidanren.or.jp/policy/2011/092.pdf,2026-08-13,ok,労働・雇用|人材・教育,内部調査・会員アンケート
keidanren_2011_091.pdf,keidanren_2011_091,keidanren,経済団体,新卒採用（2011年3月卒業者）に関するアンケート調査結果の概要,2011-09-28,20110928,資料,労働,公開,https://www.keidanren.or.jp/policy/2011/091kekka.pdf,2026-08-13,ok,労働・雇用|人材・教育,内部調査・会員アンケート
keidanren_2011_088.pdf,keidanren_2011_088,keidanren,経済団体,2011年度経団連規制改革要望,2011-09-20,20110920,要望,産業政策,公開,https://www.keidanren.or.jp/policy/2011/088_01.pdf,2026-08-13,ok,行政改革・規制改革|国土・住宅・交通・防災,主張・提言
keidanren_2011_090.txt,keidanren_2011_090,keidanren,経済団体,訪ミャンマー官民合同ミッション 藤野団長所見,2011-09-17,20110917,提言,地域,公開,https://www.keidanren.or.jp/policy/2011/090.html,2026-08-13,html_text,通商・国際経済・国際協力,活動記録
keidanren_2011_089.pdf,keidanren_2011_089,keidanren,経済団体,「経団連成長戦略2011」,2011-09-16,20110916,提言,総合政策,公開,https://www.keidanren.or.jp/policy/2011/089gaiyo.pdf,2026-08-13,ok,産業政策・成長戦略|通商・国際経済・国際協力|税制・財政,主張・提言
keidanren_2011_087.pdf,keidanren_2011_087,keidanren,経済団体,提言「ポスト京都議定書の新たな国際枠組の構築に向けて」,2011-09-15,20110915,提言,環境,公開,https://www.keidanren.or.jp/policy/2011/087gaiyo.pdf,2026-08-13,ok,エネルギー・環境|通商・国際経済・国際協力,主張・提言
keidanren_2011_086.pdf,keidanren_2011_086,keidanren,経済団体,平成24年度税制改正に関する提言,2011-09-14,20110914,提言,経済基盤,公開,https://www.keidanren.or.jp/policy/2011/086gaiyo.pdf,2026-08-13,ok,税制・財政|マクロ経済・経済財政運営,主張・提言
keidanren_2011_084.txt,keidanren_2011_084,keidanren,経済団体,新内閣に望む,2011-09-02,20110902,提言,総合政策,公開,https://www.keidanren.or.jp/policy/2011/084.html,2026-08-13,html_text,マクロ経済・経済財政運営|税制・財政|エネルギー・環境,主張・提言
keidanren_2011_083.pdf,keidanren_2011_083,keidanren,経済団体,2011年春季労使交渉・中小企業業種別妥結結果,2011-07-29,20110729,提言,労働,公開,https://www.keidanren.or.jp/policy/2011/083.pdf,2026-08-13,ok,労働・雇用|中小企業,内部調査・会員アンケート
keidanren_2011_082.pdf,keidanren_2011_082,keidanren,経済団体,2011年夏季賞与・一時金 大手企業業種別妥結結果,2011-07-28,20110728,提言,労働,公開,https://www.keidanren.or.jp/policy/2011/082.pdf,2026-08-13,ok,労働・雇用,内部調査・会員アンケート
keidanren_2011_081.txt,keidanren_2011_081,keidanren,経済団体,アピール２０１１,2011-07-22,20110722,提言,総合政策,公開,https://www.keidanren.or.jp/policy/2011/081.html,2026-08-13,html_text,エネルギー・環境|マクロ経済・経済財政運営|通商・国際経済・国際協力,主張・提言
keidanren_2011_085.txt,keidanren_2011_085,keidanren,経済団体,グローバル・サービス・サミット コミュニケ,2011-07-21,20110721,提言,貿易投資,公開,https://www.keidanren.or.jp/policy/2011/085.html,2026-08-13,html_text,通商・国際経済・国際協力|産業政策・成長戦略,主張・提言
keidanren_2011_118.txt,keidanren_2011_118,keidanren,経済団体,日コロンビア経済連携協定（ＥＰＡ）締結のため早期の交渉入りを求める,2011-07-20,20110720,提言,地域,公開,https://www.keidanren.or.jp/policy/2011/118.html,2026-08-13,html_text,通商・国際経済・国際協力|エネルギー・環境,主張・提言
keidanren_2011_079.txt,keidanren_2011_079,keidanren,経済団体,平成24年度住宅関連税制改正・予算等に関する要望,2011-07-19,20110719,要望,国土政策,公開,https://www.keidanren.or.jp/policy/2011/079.html,2026-08-13,html_text,国土・住宅・交通・防災|税制・財政,主張・提言
keidanren_2011_080.pdf,keidanren_2011_080,keidanren,経済団体,今後の高齢者雇用のあり方について,2011-07-19,20110719,提言,労働,公開,https://www.keidanren.or.jp/policy/2011/080gaiyo.pdf,2026-08-13,ok,労働・雇用|社会保障（年金・医療・介護）|人材・教育,主張・提言
keidanren_2011_078.pdf,keidanren_2011_078,keidanren,経済団体,エネルギー政策に関する第１次提言,2011-07-14,20110714,提言,環境,公開,https://www.keidanren.or.jp/policy/2011/078gaiyo.pdf,2026-08-13,ok,エネルギー・環境|産業政策・成長戦略,主張・提言
keidanren_2011_074.txt,keidanren_2011_074,keidanren,経済団体,日本経済再生のための緊急アピール,2011-07-11,20110711,提言,総合政策,公開,https://www.keidanren.or.jp/policy/2011/074.html,2026-08-13,html_text,マクロ経済・経済財政運営|エネルギー・環境|税制・財政,主張・提言
keidanren_2011_075.pdf,keidanren_2011_075,keidanren,経済団体,復旧・復興と成長に向けたICTの利活用のあり方,2011-07-11,20110711,提言,産業技術,公開,https://www.keidanren.or.jp/policy/2011/075honbun.pdf,2026-08-13,ok,デジタル・情報通信|国土・住宅・交通・防災|産業政策・成長戦略,主張・提言
keidanren_2011_077.txt,keidanren_2011_077,keidanren,経済団体,ＡＳＥＡＮ政策対話ミッション団長所見,2011-07-09,20110709,提言,地域,公開,https://www.keidanren.or.jp/policy/2011/077.html,2026-08-13,html_text,通商・国際経済・国際協力|産業政策・成長戦略,活動記録
keidanren_2011_072.txt,keidanren_2011_072,keidanren,経済団体,平成24年度科学技術重要施策アクションプラン（パブリックコメント募集案）に対する意見,2011-07-08,20110708,意見,産業技術,公開,https://www.keidanren.or.jp/policy/2011/072.html,2026-08-13,html_text,イノベーション・科学技術・スタートアップ|国土・住宅・交通・防災|デジタル・情報通信,主張・提言
keidanren_2011_073.txt,keidanren_2011_073,keidanren,経済団体,経団連訪欧ミッション団長所見,2011-07-08,20110708,提言,地域,公開,https://www.keidanren.or.jp/policy/2011/073.html,2026-08-13,html_text,通商・国際経済・国際協力|エネルギー・環境,活動記録
keidanren_2011_076.txt,keidanren_2011_076,keidanren,経済団体,ブラジル渡航にかかる査証発給の迅速化および有効期間延長に関する要望,2011-07-05,20110705,要望,地域,公開,https://www.keidanren.or.jp/policy/2011/076.html,2026-08-13,html_text,通商・国際経済・国際協力|外交・安全保障・経済安全保障,主張・提言
keidanren_2011_071.pdf,keidanren_2011_071,keidanren,経済団体,米国の防衛産業政策に関する調査ミッション報告,2011-07-01,20110701,提言,産業技術,公開,https://www.keidanren.or.jp/policy/2011/071.pdf,2026-08-13,ok,外交・安全保障・経済安全保障|通商・国際経済・国際協力|産業政策・成長戦略,活動記録
keidanren_2011_070.pdf,keidanren_2011_070,keidanren,経済団体,IFRS導入準備タスクフォースのフィードバック資料,2011-06-30,20110630,提言,経済基盤,公開,https://www.keidanren.or.jp/policy/2011/070.pdf,2026-08-13,ok,金融・資本市場|企業経営・ガバナンス・サステナビリティ,内部調査・会員アンケート
keidanren_2011_069.txt,keidanren_2011_069,keidanren,経済団体,国際会計基準（IFRS）の適用に関する早期検討を求める,2011-06-29,20110629,提言,経済基盤,公開,https://www.keidanren.or.jp/policy/2011/069.html,2026-08-13,html_text,金融・資本市場|企業経営・ガバナンス・サステナビリティ,主張・提言
keidanren_2011_066.txt,keidanren_2011_066,keidanren,経済団体,復興創生に向けた緊急アピール,2011-06-24,20110624,提言,総合政策,公開,https://www.keidanren.or.jp/policy/2011/066.html,2026-08-13,html_text,国土・住宅・交通・防災|行政改革・規制改革|マクロ経済・経済財政運営,主張・提言
keidanren_2011_067.txt,keidanren_2011_067,keidanren,経済団体,答申「科学技術に関する基本政策について」見直し案に関する意見,2011-06-24,20110624,意見,産業技術,公開,https://www.keidanren.or.jp/policy/2011/067.html,2026-08-13,html_text,イノベーション・科学技術・スタートアップ|エネルギー・環境|国土・住宅・交通・防災,主張・提言
keidanren_2011_063.txt,keidanren_2011_063,keidanren,経済団体,社会保障と税の一体改革に対する意見,2011-06-15,20110615,意見,経済政策,公開,https://www.keidanren.or.jp/policy/2011/063.html,2026-08-13,html_text,社会保障（年金・医療・介護）|税制・財政|こども・子育て・人口,主張・提言
keidanren_2011_061.txt,keidanren_2011_061,keidanren,経済団体,社会保障協定に関する要望,2011-06-14,20110614,要望,貿易投資,公開,https://www.keidanren.or.jp/policy/2011/061.html,2026-08-13,html_text,社会保障（年金・医療・介護）|通商・国際経済・国際協力|労働・雇用,主張・提言
keidanren_2011_062.pdf,keidanren_2011_062,keidanren,経済団体,グローバル人材の育成に向けた提言,2011-06-14,20110614,提言,企業社会,公開,https://www.keidanren.or.jp/policy/2011/062gaiyo.pdf,2026-08-13,ok,人材・教育|通商・国際経済・国際協力,主張・提言
keidanren_2011_059.pdf,keidanren_2011_059,keidanren,経済団体,2011年春季労使交渉・大手企業業種別妥結結果,2011-06-10,20110610,提言,労働,公開,https://www.keidanren.or.jp/policy/2011/059.pdf,2026-08-13,ok,労働・雇用,内部調査・会員アンケート
keidanren_2011_058.pdf,keidanren_2011_058,keidanren,経済団体,東日本大震災にかかる規制改革要望への政府回答について,2011-06-08,20110608,要望,産業政策,公開,http://www.cao.go.jp/sasshin/kisei-seido/publication/230607/item230607-1.pdf,2026-08-13,ok,国土・住宅・交通・防災|行政改革・規制改革,外部・第三者資料
keidanren_2011_060.txt,keidanren_2011_060,keidanren,経済団体,企業の雇用維持に対する新たな支援策の実施を求める,2011-06-02,20110602,提言,労働,公開,https://www.keidanren.or.jp/policy/2011/060.html,2026-08-13,html_text,労働・雇用|マクロ経済・経済財政運営,主張・提言
keidanren_2011_054.pdf,keidanren_2011_054,keidanren,経済団体,復興・創生マスタープラン,2011-05-27,20110527,提言,総合政策,公開,https://www.keidanren.or.jp/policy/2011/054honbun.pdf,2026-08-13,ok,国土・住宅・交通・防災|エネルギー・環境|産業政策・成長戦略,主張・提言
keidanren_2011_053.txt,keidanren_2011_053,keidanren,経済団体,国難を乗り越え「新たな日本」を創造する,2011-05-26,20110526,提言,総合政策,公開,https://www.keidanren.or.jp/policy/2011/053.html,2026-08-13,html_text,マクロ経済・経済財政運営|産業政策・成長戦略|社会保障（年金・医療・介護）,主張・提言
keidanren_2011_052.txt,keidanren_2011_052,keidanren,経済団体,第３回日中韓ビジネス・サミット共同声明,2011-05-22,20110522,提言,地域,公開,https://www.keidanren.or.jp/policy/2011/052.html,2026-08-13,html_text,通商・国際経済・国際協力|エネルギー・環境|産業政策・成長戦略,主張・提言
keidanren_2011_049.pdf,keidanren_2011_049,keidanren,経済団体,宇宙基本法に基づく宇宙開発利用の推進に向けた提言,2011-05-17,20110517,提言,産業技術,公開,https://www.keidanren.or.jp/policy/2011/049gaiyo.pdf,2026-08-13,ok,産業政策・成長戦略|イノベーション・科学技術・スタートアップ|外交・安全保障・経済安全保障,主張・提言
keidanren_2011_048.pdf,keidanren_2011_048,keidanren,経済団体,資源の安定確保に関する提言,2011-05-17,20110517,提言,環境,公開,https://www.keidanren.or.jp/policy/2011/048gaiyo.pdf,2026-08-13,ok,エネルギー・環境|産業政策・成長戦略|通商・国際経済・国際協力,主張・提言
keidanren_2011_047.pdf,keidanren_2011_047,keidanren,経済団体,公的統計の活用による的確な現状把握と政策決定に向けて,2011-05-17,20110517,提言,経済政策,公開,https://www.keidanren.or.jp/policy/2011/047gaiyo.pdf,2026-08-13,ok,行政改革・規制改革|マクロ経済・経済財政運営,主張・提言
keidanren_2011_043.pdf,keidanren_2011_043,keidanren,経済団体,東日本大震災にかかる規制改革要望（第２弾）,2011-05-13,20110513,要望,産業政策,公開,https://www.keidanren.or.jp/policy/2011/043_01.pdf,2026-08-13,ok,国土・住宅・交通・防災|行政改革・規制改革|エネルギー・環境,主張・提言
keidanren_2011_044.txt,keidanren_2011_044,keidanren,経済団体,共同声明「今こそＥＩＡ交渉を開始すべき」,2011-05-13,20110513,提言,貿易投資,公開,https://www.keidanren.or.jp/policy/2011/044.html,2026-08-13,html_text,通商・国際経済・国際協力,主張・提言
keidanren_2011_045.txt,keidanren_2011_045,keidanren,経済団体,訪中ミッション米倉団長所見,2011-05-13,20110513,提言,地域,公開,https://www.keidanren.or.jp/policy/2011/045.html,2026-08-13,html_text,通商・国際経済・国際協力|外交・安全保障・経済安全保障,活動記録
keidanren_2011_042.txt,keidanren_2011_042,keidanren,経済団体,「採用選考に関する企業の倫理憲章」 (2011年3月15日公表) の趣旨実現をめざす共同宣言について,2011-05-11,20110511,提言,労働,公開,https://www.keidanren.or.jp/policy/2011/042.html,2026-08-13,html_text,労働・雇用|人材・教育,主張・提言
keidanren_2011_036.pdf,keidanren_2011_036,keidanren,経済団体,「電力対策自主行動計画」の策定状況について,2011-05-09,20110509,資料,環境,公開,https://www.keidanren.or.jp/policy/2011/036besshi1.pdf,2026-08-13,ok,エネルギー・環境|産業政策・成長戦略,内部調査・会員アンケート
keidanren_2011_040.pdf,keidanren_2011_040,keidanren,経済団体,東日本大震災にかかる規制改革要望,2011-04-28,20110428,要望,産業政策,公開,https://www.keidanren.or.jp/policy/2011/040_01.pdf,2026-08-13,ok,国土・住宅・交通・防災|行政改革・規制改革,主張・提言
keidanren_2011_039.txt,keidanren_2011_039,keidanren,経済団体,今夏の電力需給対策に関する労使の取り組みおよび政府への緊急提言,2011-04-27,20110427,提言,労働,公開,https://www.keidanren.or.jp/policy/2011/039.html,2026-08-13,html_text,エネルギー・環境|労働・雇用,主張・提言
keidanren_2011_038.txt,keidanren_2011_038,keidanren,経済団体,「第４期科学技術基本計画」の見直しに向けた考え方,2011-04-27,20110427,提言,産業技術,公開,https://www.keidanren.or.jp/policy/2011/038.html,2026-08-13,html_text,イノベーション・科学技術・スタートアップ|税制・財政,主張・提言
keidanren_2011_057.pdf,keidanren_2011_057,keidanren,経済団体,イノベーション創出の加速化に向けた知財政策・制度のあり方,2011-04-27,20110427,提言,産業技術,公開,https://www.keidanren.or.jp/policy/2011/057gaiyo.pdf,2026-08-13,ok,イノベーション・科学技術・スタートアップ|通商・国際経済・国際協力|産業政策・成長戦略,主張・提言
keidanren_2011_034.txt,keidanren_2011_034,keidanren,経済団体,震災復興基本法の早期制定を求める,2011-04-22,20110422,提言,総合政策,公開,https://www.keidanren.or.jp/policy/2011/034.html,2026-08-13,html_text,国土・住宅・交通・防災|政治・統治機構・憲法|行政改革・規制改革,主張・提言
keidanren_2011_033.txt,keidanren_2011_033,keidanren,経済団体,震災対応において金融面での万全の措置を求める,2011-04-22,20110422,提言,経済政策,公開,https://www.keidanren.or.jp/policy/2011/033.html,2026-08-13,html_text,金融・資本市場|マクロ経済・経済財政運営|中小企業,主張・提言
keidanren_2011_046.pdf,keidanren_2011_046,keidanren,経済団体,2010年度 環境自主行動計画第三者評価委員会 評価報告書,2011-04-21,20110421,報告書,環境,公開,https://www.keidanren.or.jp/policy/2011/046.pdf,2026-08-13,ok,エネルギー・環境|産業政策・成長戦略,内部調査・会員アンケート
keidanren_2011_030.pdf,keidanren_2011_030,keidanren,経済団体,わが国の通商戦略に関する提言,2011-04-19,20110419,提言,貿易投資,公開,https://www.keidanren.or.jp/policy/2011/030gaiyo.pdf,2026-08-13,ok,通商・国際経済・国際協力|産業政策・成長戦略,主張・提言
keidanren_2011_028.pdf,keidanren_2011_028,keidanren,経済団体,「2010年 夏季・冬季 賞与・一時金調査結果」の概要,2011-04-14,20110414,提言,労働,公開,https://www.keidanren.or.jp/policy/2011/028.pdf,2026-08-13,ok,労働・雇用,内部調査・会員アンケート
keidanren_2011_027.txt,keidanren_2011_027,keidanren,経済団体,電力対策自主行動計画,2011-04-11,20110411,提言,環境,公開,https://www.keidanren.or.jp/policy/2011/027.html,2026-08-13,html_text,エネルギー・環境|産業政策・成長戦略,主張・提言
keidanren_2011_024.txt,keidanren_2011_024,keidanren,経済団体,Ｇ８ビジネス・サミット共同宣言,2011-04-08,20110408,提言,貿易投資,公開,https://www.keidanren.or.jp/policy/2011/024.html,2026-08-13,html_text,通商・国際経済・国際協力|エネルギー・環境|マクロ経済・経済財政運営,主張・提言
keidanren_2011_064.pdf,keidanren_2011_064,keidanren,経済団体,報告書「日本の産業競争力」,2011-04-07,20110407,報告書,産業政策,公開,https://www.keidanren.or.jp/policy/2011/064honbun.pdf,2026-08-13,ok,産業政策・成長戦略|人材・教育|通商・国際経済・国際協力,主張・提言
keidanren_2011_026.txt,keidanren_2011_026,keidanren,経済団体,震災からの早期復旧・復興に向けた当面の雇用対策について,2011-04-05,20110405,提言,労働,公開,https://www.keidanren.or.jp/policy/2011/026.html,2026-08-13,html_text,労働・雇用|国土・住宅・交通・防災,主張・提言
keidanren_2011_022.pdf,keidanren_2011_022,keidanren,経済団体,震災復興に向けた緊急提言,2011-03-31,20110331,提言,総合政策,公開,https://www.keidanren.or.jp/policy/2011/022.pdf,2026-08-13,ok,国土・住宅・交通・防災|マクロ経済・経済財政運営|税制・財政,主張・提言
keidanren_2011_021.txt,keidanren_2011_021,keidanren,経済団体,「科学技術イノベーション戦略協議会（仮称）」のあり方について,2011-03-29,20110329,提言,産業技術,公開,https://www.keidanren.or.jp/policy/2011/021.html,2026-08-13,html_text,イノベーション・科学技術・スタートアップ|行政改革・規制改革|産業政策・成長戦略,主張・提言
keidanren_2011_020.pdf,keidanren_2011_020,keidanren,経済団体,「2010年9月度 退職金・年金に関する実態調査結果」の概要,2011-03-25,20110325,提言,労働,公開,https://www.keidanren.or.jp/policy/2011/020.pdf,2026-08-13,ok,労働・雇用|社会保障（年金・医療・介護）,内部調査・会員アンケート
keidanren_2011_019.pdf,keidanren_2011_019,keidanren,経済団体,未曾有の震災からの早期復旧に向けた緊急アピール,2011-03-16,20110316,提言,総合政策,公開,https://www.keidanren.or.jp/policy/2011/019.pdf,2026-08-13,ok,国土・住宅・交通・防災|マクロ経済・経済財政運営|税制・財政,主張・提言
keidanren_2011_017.txt,keidanren_2011_017,keidanren,経済団体,改定「観光立国推進基本計画」に望む,2011-03-15,20110315,提言,国土政策,公開,https://www.keidanren.or.jp/policy/2011/017.html,2026-08-13,html_text,地域経済・観光・地方創生|通商・国際経済・国際協力,主張・提言
keidanren_2011_016.pdf,keidanren_2011_016,keidanren,経済団体,農林漁業等の活性化に向けた取り組みに関する事例集,2011-03-15,20110315,提言,産業政策,公開,https://www.keidanren.or.jp/policy/2011/016_all.pdf,2026-08-13,ok,農林水産・食料|地域経済・観光・地方創生|産業政策・成長戦略,活動記録
keidanren_2011_018.pdf,keidanren_2011_018,keidanren,経済団体,環境自主行動計画〔循環型社会形成編〕,2011-03-15,20110315,提言,環境,公開,https://www.keidanren.or.jp/policy/2011/018gaiyo.pdf,2026-08-13,ok,エネルギー・環境|産業政策・成長戦略,内部調査・会員アンケート
keidanren_2011_015.pdf,keidanren_2011_015,keidanren,経済団体,採用選考に関する企業の倫理憲章,2011-03-15,20110315,提言,労働,公開,https://www.keidanren.or.jp/policy/2011/015.pdf,2026-08-13,ok,人材・教育|労働・雇用,主張・提言
keidanren_2011_056.pdf,keidanren_2011_056,keidanren,経済団体,企業から見た理工系大学・大学院教育のグッド・プラクティス事例,2011-03-15,20110315,提言,産業技術,公開,https://www.keidanren.or.jp/policy/2010/114.pdf,2026-08-13,ok,人材・教育|イノベーション・科学技術・スタートアップ|産業政策・成長戦略,内部調査・会員アンケート
keidanren_2011_014.pdf,keidanren_2011_014,keidanren,経済団体,国民生活の安心基盤の確立に向けた提言,2011-03-11,20110311,提言,経済基盤,公開,https://www.keidanren.or.jp/policy/2011/014gaiyo.pdf,2026-08-13,ok,社会保障（年金・医療・介護）|税制・財政|こども・子育て・人口,主張・提言
keidanren_2011_013.pdf,keidanren_2011_013,keidanren,経済団体,未来都市モデルプロジェクト 最終報告,2011-03-07,20110307,提言,国土政策,公開,https://www.keidanren.or.jp/policy/2011/013gaiyo.pdf,2026-08-13,ok,地域経済・観光・地方創生|エネルギー・環境|産業政策・成長戦略,活動記録
keidanren_2011_012.txt,keidanren_2011_012,keidanren,経済団体,シンポジウム「日・ＥＵ経済関係の強化・統合に向けて」を開催,2011-02-23,20110223,提言,地域,公開,https://www.keidanren.or.jp/policy/2011/012.html,2026-08-13,html_text,通商・国際経済・国際協力,活動記録
keidanren_2011_011.txt,keidanren_2011_011,keidanren,経済団体,ASEANミッション米倉団長所見,2011-02-18,20110218,提言,地域,公開,https://www.keidanren.or.jp/policy/2011/011.html,2026-08-13,html_text,通商・国際経済・国際協力|産業政策・成長戦略|国土・住宅・交通・防災,活動記録
keidanren_2011_010.pdf,keidanren_2011_010,keidanren,経済団体,力強い農業の実現に向けた提言,2011-02-10,20110210,提言,産業政策,公開,https://www.keidanren.or.jp/policy/2011/010gaiyo.pdf,2026-08-13,ok,農林水産・食料|産業政策・成長戦略|通商・国際経済・国際協力,主張・提言
keidanren_2011_008.pdf,keidanren_2011_008,keidanren,経済団体,第54回 福利厚生費調査結果報告,2011-01-28,20110128,提言,労働,公開,https://www.keidanren.or.jp/policy/2010/120.pdf,2026-08-13,ok,労働・雇用|企業経営・ガバナンス・サステナビリティ,内部調査・会員アンケート
keidanren_2011_007.pdf,keidanren_2011_007,keidanren,経済団体,「社会保障・税に関わる番号制度についての基本方針の主要論点」について,2011-01-26,20110126,提言,産業技術,公開,https://www.keidanren.or.jp/policy/2010/079.pdf,2026-08-13,ok,デジタル・情報通信|社会保障（年金・医療・介護）|税制・財政,主張・提言
keidanren_2011_006.pdf,keidanren_2011_006,keidanren,経済団体,「2010年6月度 定期賃金調査結果」の概要,2011-01-25,20110125,提言,労働,公開,https://www.keidanren.or.jp/policy/2011/006.pdf,2026-08-13,ok,労働・雇用,内部調査・会員アンケート
keidanren_2011_009.txt,keidanren_2011_009,keidanren,経済団体,産業構造審議会知的財産政策部会技術的制限手段に係る規制の在り方に関する小委員会「技術的制限手段に係る不正競争防止法の見直しの方向性について（案）」に対する意見,2011-01-21,20110121,意見,産業技術,公開,https://www.keidanren.or.jp/policy/2011/009.html,2026-08-13,html_text,イノベーション・科学技術・スタートアップ|産業政策・成長戦略,主張・提言
keidanren_2011_004.txt,keidanren_2011_004,keidanren,経済団体,2011年版経営労働政策委員会報告,2011-01-18,20110118,提言,労働,公開,https://www.keidanren.or.jp/policy/2011/004.html,2026-08-13,html_text,労働・雇用|人材・教育|産業政策・成長戦略,主張・提言
keidanren_2011_005.pdf,keidanren_2011_005,keidanren,経済団体,産業界の求める人材像と大学教育への期待に関するアンケート結果,2011-01-18,20110118,資料,企業社会,公開,https://www.keidanren.or.jp/policy/2011/005gaiyo.pdf,2026-08-13,ok,人材・教育|労働・雇用,内部調査・会員アンケート
keidanren_2011_002.txt,keidanren_2011_002,keidanren,経済団体,新内閣に望む,2011-01-14,20110114,提言,総合政策,公開,https://www.keidanren.or.jp/policy/2011/002.html,2026-08-13,html_text,マクロ経済・経済財政運営|税制・財政|通商・国際経済・国際協力,主張・提言
keidanren_2011_003.txt,keidanren_2011_003,keidanren,経済団体,「買取制度小委員会報告書（案）」に対する意見,2011-01-14,20110114,意見,環境,公開,https://www.keidanren.or.jp/policy/2011/003.html,2026-08-13,html_text,エネルギー・環境|産業政策・成長戦略|税制・財政,主張・提言
keidanren_2011_001.txt,keidanren_2011_001,keidanren,経済団体,新卒者の採用選考活動の在り方について,2011-01-12,20110112,提言,労働,公開,https://www.keidanren.or.jp/policy/2011/001.html,2026-08-13,html_text,労働・雇用|人材・教育,主張・提言
keidanren_2010_122.txt,keidanren_2010_122,keidanren,経済団体,「採用選考に関する企業の倫理憲章」の趣旨実現をめざす共同宣言について,2010-12-28,20101228,提言,労働,公開,https://www.keidanren.or.jp/policy/2010/122.html,2026-08-13,html_text,人材・教育|労働・雇用,主張・提言
keidanren_2010_123.txt,keidanren_2010_123,keidanren,経済団体,産業構造審議会 知的財産政策部会 特許制度小委員会報告書「特許制度に関する法制的な課題について」（案）に対する意見,2010-12-28,20101228,意見,産業技術,公開,https://www.keidanren.or.jp/policy/2010/123.html,2026-08-13,html_text,イノベーション・科学技術・スタートアップ|産業政策・成長戦略,主張・提言
keidanren_2010_120.pdf,keidanren_2010_120,keidanren,経済団体,「2009年度 福利厚生費調査結果（第54回）」の概要,2010-12-21,20101221,提言,労働,公開,https://www.keidanren.or.jp/policy/2010/120.pdf,2026-08-13,ok,労働・雇用,内部調査・会員アンケート
keidanren_2010_121.pdf,keidanren_2010_121,keidanren,経済団体,会社法施行規則及び会社計算規則による株式会社の各種書類のひな型（改訂版）,2010-12-17,20101217,提言,経済基盤,公開,https://www.keidanren.or.jp/policy/2010/121.pdf,2026-08-13,ok,企業経営・ガバナンス・サステナビリティ,主張・提言
keidanren_2010_117.pdf,keidanren_2010_117,keidanren,経済団体,2010年年末賞与・一時金 大手企業業種別妥結結果,2010-12-15,20101215,提言,労働,公開,https://www.keidanren.or.jp/policy/2010/117.pdf,2026-08-13,ok,労働・雇用,内部調査・会員アンケート
keidanren_2010_116.pdf,keidanren_2010_116,keidanren,経済団体,アジア債券市場整備の加速を求める,2010-12-14,20101214,提言,地域,公開,https://www.keidanren.or.jp/policy/2010/116gaiyo.pdf,2026-08-13,ok,金融・資本市場|通商・国際経済・国際協力,主張・提言
keidanren_2010_115.pdf,keidanren_2010_115,keidanren,経済団体,2011年度以降の環境自主行動計画〔循環型社会形成編〕,2010-12-14,20101214,提言,環境,公開,https://www.keidanren.or.jp/policy/2010/115gaiyo.pdf,2026-08-13,ok,エネルギー・環境|産業政策・成長戦略,主張・提言
keidanren_2010_118.txt,keidanren_2010_118,keidanren,経済団体,BizMEF（エネルギー安全保障と気候変動に関する主要経済国ビジネスフォーラム）共同声明サマリー,2010-12-07,20101207,提言,環境,公開,https://www.keidanren.or.jp/policy/2010/118.html,2026-08-13,html_text,エネルギー・環境|通商・国際経済・国際協力,主張・提言
keidanren_2010_114.pdf,keidanren_2010_114,keidanren,経済団体,サンライズ・レポート,2010-12-06,20101206,報告書,総合政策,公開,https://www.keidanren.or.jp/policy/2010/114.pdf,2026-08-13,ok,産業政策・成長戦略|エネルギー・環境|イノベーション・科学技術・スタートアップ,主張・提言
keidanren_2010_112.txt,keidanren_2010_112,keidanren,経済団体,緊急提言「海外インフラ展開のための金融機能の強化を求める」,2010-12-06,20101206,提言,国際協力,公開,https://www.keidanren.or.jp/policy/2010/112.html,2026-08-13,html_text,通商・国際経済・国際協力|金融・資本市場|産業政策・成長戦略,主張・提言
keidanren_2010_113.txt,keidanren_2010_113,keidanren,経済団体,高齢者医療制度の再構築と被用者保険の維持・発展に向けた被用者保険関係４団体共同アピール,2010-12-06,20101206,提言,経済政策,公開,https://www.keidanren.or.jp/policy/2010/113.html,2026-08-13,html_text,社会保障（年金・医療・介護）|政治・統治機構・憲法,主張・提言
keidanren_2010_119.txt,keidanren_2010_119,keidanren,経済団体,ＣＯＰ16における気候変動、エネルギー、経済成長に関する共同声明,2010-12-05,20101205,提言,環境,公開,https://www.keidanren.or.jp/policy/2010/119.html,2026-08-13,html_text,エネルギー・環境|通商・国際経済・国際協力,主張・提言
keidanren_2010_110.pdf,keidanren_2010_110,keidanren,経済団体,「私たちは、番号制度の導入を支持します。」,2010-11-22,20101122,提言,産業技術,公開,https://www.keidanren.or.jp/policy/2010/110.pdf,2026-08-13,ok,デジタル・情報通信|社会保障（年金・医療・介護）|行政改革・規制改革,主張・提言
keidanren_2010_108.txt,keidanren_2010_108,keidanren,経済団体,地球温暖化防止に向け真に実効ある国際枠組を求める,2010-11-16,20101116,提言,環境,公開,https://www.keidanren.or.jp/policy/2010/108.html,2026-08-13,html_text,エネルギー・環境|通商・国際経済・国際協力,主張・提言
keidanren_2010_109.pdf,keidanren_2010_109,keidanren,経済団体,環境自主行動計画〔温暖化対策編〕 2010年度フォローアップ結果,2010-11-16,20101116,提言,環境,公開,https://www.keidanren.or.jp/policy/2010/109honbun.pdf,2026-08-13,ok,エネルギー・環境|産業政策・成長戦略,内部調査・会員アンケート
keidanren_2010_107.pdf,keidanren_2010_107,keidanren,経済団体,日中韓自由貿易協定の早期締結を求める,2010-11-16,20101116,提言,貿易投資,公開,https://www.keidanren.or.jp/policy/2010/107gaiyo.pdf,2026-08-13,ok,通商・国際経済・国際協力|産業政策・成長戦略,主張・提言
keidanren_2010_105.pdf,keidanren_2010_105,keidanren,経済団体,豊かな国民生活の基盤としての番号制度の早期実現を求める,2010-11-16,20101116,提言,産業技術,公開,https://www.keidanren.or.jp/policy/2010/105honbun.pdf,2026-08-13,ok,デジタル・情報通信|行政改革・規制改革|社会保障（年金・医療・介護）,主張・提言
keidanren_2010_106.pdf,keidanren_2010_106,keidanren,経済団体,「2010年1～6月実施分 昇給、ベースアップ実施状況調査結果」の概要,2010-11-09,20101109,資料,労働,公開,https://www.keidanren.or.jp/policy/2010/106.pdf,2026-08-13,ok,労働・雇用,内部調査・会員アンケート
keidanren_2010_104.pdf,keidanren_2010_104,keidanren,経済団体,「家族の日」・「家族の週間」にちなんだ各社の取り組み,2010-11-04,20101104,提言,経済政策,公開,https://www.keidanren.or.jp/policy/2010/104.pdf,2026-08-13,ok,こども・子育て・人口|労働・雇用|企業経営・ガバナンス・サステナビリティ,内部調査・会員アンケート
keidanren_2010_102.txt,keidanren_2010_102,keidanren,経済団体,平成22年度補正予算の早期成立を望む,2010-11-01,20101101,提言,総合政策,公開,https://www.keidanren.or.jp/policy/2010/102.html,2026-08-13,html_text,マクロ経済・経済財政運営|税制・財政,主張・提言
keidanren_2010_101.txt,keidanren_2010_101,keidanren,経済団体,ＴＰＰ(環太平洋経済連携協定)交渉への早期参加を求める,2010-11-01,20101101,提言,貿易投資,公開,https://www.keidanren.or.jp/policy/2010/101.html,2026-08-13,html_text,通商・国際経済・国際協力|農林水産・食料|産業政策・成長戦略,主張・提言
keidanren_2010_103.txt,keidanren_2010_103,keidanren,経済団体,企業年金に関する制度改善要望,2010-11-01,20101101,要望,経済政策,公開,https://www.keidanren.or.jp/policy/2010/103.html,2026-08-13,html_text,社会保障（年金・医療・介護）|労働・雇用,主張・提言
keidanren_2010_099.txt,keidanren_2010_099,keidanren,経済団体,第３回 日印ビジネス・リーダーズ・フォーラム共同報告書,2010-10-25,20101025,報告書,地域,公開,https://www.keidanren.or.jp/policy/2010/099.html,2026-08-13,html_text,通商・国際経済・国際協力|産業政策・成長戦略|エネルギー・環境,主張・提言
keidanren_2010_096.txt,keidanren_2010_096,keidanren,経済団体,経済連携協定の一層の推進を改めて求める,2010-10-21,20101021,提言,貿易投資,公開,https://www.keidanren.or.jp/policy/2010/096.html,2026-08-13,html_text,通商・国際経済・国際協力|農林水産・食料,主張・提言
keidanren_2010_094.pdf,keidanren_2010_094,keidanren,経済団体,企業結合に関する独占禁止法上の審査手続・審査基準の適正化を求める,2010-10-19,20101019,提言,経済基盤,公開,https://www.keidanren.or.jp/policy/2010/094gaiyo.pdf,2026-08-13,ok,行政改革・規制改革|企業経営・ガバナンス・サステナビリティ,主張・提言
keidanren_2010_093.pdf,keidanren_2010_093,keidanren,経済団体,イノベーション創出に向けた新たな科学技術基本計画の策定を求める,2010-10-19,20101019,提言,産業技術,公開,https://www.keidanren.or.jp/policy/2010/093gaiyo.pdf,2026-08-13,ok,イノベーション・科学技術・スタートアップ|産業政策・成長戦略|人材・教育,主張・提言
keidanren_2010_092.pdf,keidanren_2010_092,keidanren,経済団体,課題解決型の福利厚生の実現に向けて,2010-10-19,20101019,提言,労働,公開,https://www.keidanren.or.jp/policy/2010/092gaiyo.pdf,2026-08-13,ok,労働・雇用|人材・教育|社会保障（年金・医療・介護）,主張・提言
keidanren_2010_090.txt,keidanren_2010_090,keidanren,経済団体,提言「国際貢献の視点から、官民一体で海外インフラ整備の推進を求める」,2010-10-19,20101019,提言,国際協力,公開,https://www.keidanren.or.jp/policy/2010/090.html,2026-08-13,html_text,通商・国際経済・国際協力|産業政策・成長戦略|エネルギー・環境,主張・提言
keidanren_2010_091.txt,keidanren_2010_091,keidanren,経済団体,アジアにおけるインフラ・プロジェクト推進に向けて,2010-10-19,20101019,提言,地域,公開,https://www.keidanren.or.jp/policy/2010/091.html,2026-08-13,html_text,通商・国際経済・国際協力|国土・住宅・交通・防災|エネルギー・環境,主張・提言
keidanren_2010_095.pdf,keidanren_2010_095,keidanren,経済団体,2009年度社会貢献活動実績調査結果,2010-10-19,20101019,提言,企業社会,公開,https://www.keidanren.or.jp/policy/2010/095gaiyo.pdf,2026-08-13,ok,企業経営・ガバナンス・サステナビリティ,内部調査・会員アンケート
keidanren_2010_098.txt,keidanren_2010_098,keidanren,経済団体,「元気な日本復活特別枠」要望に関するパブリックコメント,2010-10-19,20101019,要望,国際協力,公開,https://www.keidanren.or.jp/policy/2010/098.html,2026-08-13,html_text,通商・国際経済・国際協力|エネルギー・環境|産業政策・成長戦略,主張・提言
keidanren_2010_089.pdf,keidanren_2010_089,keidanren,経済団体,「日本国内投資促進プログラム」の早期実行を求める,2010-10-18,20101018,提言,産業政策,公開,https://www.keidanren.or.jp/policy/2010/089gaiyo.pdf,2026-08-13,ok,産業政策・成長戦略|税制・財政|通商・国際経済・国際協力,主張・提言
keidanren_2010_097.txt,keidanren_2010_097,keidanren,経済団体,「株式会社日本政策金融公庫法施行令の一部を改正する政令」（案）に対するパブリック・コメント,2010-10-15,20101015,意見,国際協力,公開,https://www.keidanren.or.jp/policy/2010/097.html,2026-08-13,html_text,通商・国際経済・国際協力|金融・資本市場,主張・提言
keidanren_2010_088.pdf,keidanren_2010_088,keidanren,経済団体,2010年度日本経団連規制改革要望,2010-10-14,20101014,要望,産業政策,公開,https://www.keidanren.or.jp/policy/2010/088_01.pdf,2026-08-13,ok,行政改革・規制改革|国土・住宅・交通・防災,主張・提言
keidanren_2010_087.pdf,keidanren_2010_087,keidanren,経済団体,2010年3月卒「新規学卒者決定初任給調査結果」の概要,2010-10-01,20101001,提言,労働,公開,https://www.keidanren.or.jp/policy/2010/087.pdf,2026-08-13,ok,労働・雇用|人材・教育,内部調査・会員アンケート
keidanren_2010_086.pdf,keidanren_2010_086,keidanren,経済団体,2010年人事・労務に関するトップ・マネジメント調査,2010-09-30,20100930,提言,労働,公開,https://www.keidanren.or.jp/policy/2010/086.pdf,2026-08-13,ok,労働・雇用|人材・教育,内部調査・会員アンケート
keidanren_2010_083.txt,keidanren_2010_083,keidanren,経済団体,広域ポートオーソリティに関する提案,2010-09-21,20100921,提言,産業政策,公開,https://www.keidanren.or.jp/policy/2010/083.html,2026-08-13,html_text,国土・住宅・交通・防災|税制・財政|産業政策・成長戦略,主張・提言
keidanren_2010_082.txt,keidanren_2010_082,keidanren,経済団体,新内閣に望む,2010-09-17,20100917,提言,総合政策,公開,https://www.keidanren.or.jp/policy/2010/082.html,2026-08-13,html_text,マクロ経済・経済財政運営|産業政策・成長戦略|税制・財政,主張・提言
keidanren_2010_081.pdf,keidanren_2010_081,keidanren,経済団体,排出量取引制度環境省案に関するアンケートの集計結果,2010-09-16,20100916,資料,環境,公開,https://www.keidanren.or.jp/policy/2010/081.pdf,2026-08-13,ok,エネルギー・環境|産業政策・成長戦略,内部調査・会員アンケート
keidanren_2010_078.pdf,keidanren_2010_078,keidanren,経済団体,平成23年度税制改正に関する提言,2010-09-14,20100914,提言,経済基盤,公開,https://www.keidanren.or.jp/policy/2010/078gaiyo.pdf,2026-08-13,ok,税制・財政|マクロ経済・経済財政運営,主張・提言
keidanren_2010_073.pdf,keidanren_2010_073,keidanren,経済団体,平成23年度都市・土地・ＰＦＩ税制改正に対する要望,2010-09-14,20100914,要望,国土政策,公開,https://www.keidanren.or.jp/policy/2010/073.pdf,2026-08-13,ok,国土・住宅・交通・防災|税制・財政|地域経済・観光・地方創生,主張・提言
keidanren_2010_074.pdf,keidanren_2010_074,keidanren,経済団体,豊かな住生活の実現と住宅市場の活性化に向けて,2010-09-14,20100914,提言,国土政策,公開,https://www.keidanren.or.jp/policy/2010/074.pdf,2026-08-13,ok,国土・住宅・交通・防災|税制・財政|産業政策・成長戦略,主張・提言
keidanren_2010_076.pdf,keidanren_2010_076,keidanren,経済団体,地球規模の低炭素社会の実現に向けて,2010-09-14,20100914,提言,環境,公開,https://www.keidanren.or.jp/policy/2010/076gaiyo.pdf,2026-08-13,ok,エネルギー・環境|産業政策・成長戦略,主張・提言
keidanren_2010_077.pdf,keidanren_2010_077,keidanren,経済団体,循環型社会のさらなる進展に向けた提言,2010-09-14,20100914,提言,環境,公開,https://www.keidanren.or.jp/policy/2010/077gaiyo.pdf,2026-08-13,ok,エネルギー・環境|産業政策・成長戦略|行政改革・規制改革,主張・提言
keidanren_2010_075.txt,keidanren_2010_075,keidanren,経済団体,大学卒業予定者・大学院修士課程修了予定者等の採用選考に関する企業の倫理憲章,2010-09-14,20100914,提言,労働,公開,https://www.keidanren.or.jp/policy/2010/075.html,2026-08-13,html_text,労働・雇用|人材・教育,主張・提言
keidanren_2010_072.pdf,keidanren_2010_072,keidanren,経済団体,未来都市モデルプロジェクト中間報告,2010-09-13,20100913,提言,国土政策,公開,https://www.keidanren.or.jp/policy/2010/072honbun.pdf,2026-08-13,ok,地域経済・観光・地方創生|産業政策・成長戦略|エネルギー・環境,主張・提言
keidanren_2010_071.txt,keidanren_2010_071,keidanren,経済団体,IGF（インターネット・ガバナンス・フォーラム）Vilnius会合への意見,2010-09-10,20100910,意見,産業技術,公開,https://www.keidanren.or.jp/policy/2010/071.html,2026-08-13,html_text,デジタル・情報通信|通商・国際経済・国際協力,主張・提言
keidanren_2010_080.txt,keidanren_2010_080,keidanren,経済団体,総務省意見募集 ICTの利活用を阻む制度・規制等についての意見,2010-08-20,20100820,意見,産業技術,公開,https://www.keidanren.or.jp/policy/2010/080.html,2026-08-13,html_text,デジタル・情報通信|行政改革・規制改革,主張・提言
keidanren_2010_079.pdf,keidanren_2010_079,keidanren,経済団体,「社会保障・税に関わる番号制度に関する検討会中間取りまとめ」に関する意見,2010-08-11,20100811,意見,産業技術,公開,https://www.keidanren.or.jp/policy/2010/079.pdf,2026-08-13,ok,デジタル・情報通信|社会保障（年金・医療・介護）|行政改革・規制改革,主張・提言
keidanren_2010_070.txt,keidanren_2010_070,keidanren,経済団体,アピール２０１０,2010-07-23,20100723,提言,総合政策,公開,https://www.keidanren.or.jp/policy/2010/070.html,2026-08-13,html_text,マクロ経済・経済財政運営|産業政策・成長戦略|企業経営・ガバナンス・サステナビリティ,主張・提言
keidanren_2010_063.pdf,keidanren_2010_063,keidanren,経済団体,「新成長戦略」の早期実行を求める,2010-07-20,20100720,提言,経済政策,公開,https://www.keidanren.or.jp/policy/2010/063.pdf,2026-08-13,ok,マクロ経済・経済財政運営|税制・財政|産業政策・成長戦略,主張・提言
keidanren_2010_068.pdf,keidanren_2010_068,keidanren,経済団体,企業の競争力強化に資する会社法制の実現を求める,2010-07-20,20100720,提言,経済基盤,公開,https://www.keidanren.or.jp/policy/2010/068gaiyo.pdf,2026-08-13,ok,企業経営・ガバナンス・サステナビリティ|行政改革・規制改革,主張・提言
keidanren_2010_069.txt,keidanren_2010_069,keidanren,経済団体,財務報告に関わるわが国開示制度の見直しについて,2010-07-20,20100720,提言,経済基盤,公開,https://www.keidanren.or.jp/policy/2010/069.html,2026-08-13,html_text,金融・資本市場|企業経営・ガバナンス・サステナビリティ|行政改革・規制改革,主張・提言
keidanren_2010_067.pdf,keidanren_2010_067,keidanren,経済団体,新たな防衛計画の大綱に向けた提言,2010-07-20,20100720,提言,産業技術,公開,https://www.keidanren.or.jp/policy/2010/067gaiyo.pdf,2026-08-13,ok,外交・安全保障・経済安全保障|産業政策・成長戦略,主張・提言
keidanren_2010_064.pdf,keidanren_2010_064,keidanren,経済団体,中小企業を支える人材の確保・定着・育成に関する報告書,2010-07-20,20100720,報告書,労働,公開,https://www.keidanren.or.jp/policy/2010/064gaiyo.pdf,2026-08-13,ok,中小企業|人材・教育|労働・雇用,内部調査・会員アンケート
keidanren_2010_065.pdf,keidanren_2010_065,keidanren,経済団体,2010年夏季賞与・一時金 大手企業業種別妥結結果,2010-07-20,20100720,提言,労働,公開,https://www.keidanren.or.jp/policy/2010/065.pdf,2026-08-13,ok,労働・雇用,内部調査・会員アンケート
keidanren_2010_066.pdf,keidanren_2010_066,keidanren,経済団体,2010年春季労使交渉・中小企業業種別妥結結果,2010-07-20,20100720,提言,労働,公開,https://www.keidanren.or.jp/policy/2010/066.pdf,2026-08-13,ok,労働・雇用,内部調査・会員アンケート
keidanren_2010_062.pdf,keidanren_2010_062,keidanren,経済団体,生物多様性条約における「遺伝資源へのアクセスと利益配分」に関する議定書原案に対する意見,2010-07-01,20100701,意見,環境,公開,https://www.cbd.int/doc/meetings/abs/abswg-09/official/abswg-09-03-en.pdf,2026-08-13,ok,エネルギー・環境|通商・国際経済・国際協力,主張・提言
keidanren_2010_061.txt,keidanren_2010_061,keidanren,経済団体,地球温暖化対策に係る中長期ロードマップ（環境大臣試案）に対する意見,2010-06-30,20100630,意見,環境,公開,https://www.keidanren.or.jp/policy/2010/061.html,2026-08-13,html_text,エネルギー・環境|マクロ経済・経済財政運営,主張・提言
keidanren_2010_054.pdf,keidanren_2010_054,keidanren,経済団体,アジア太平洋地域の持続的成長を目指して,2010-06-15,20100615,提言,貿易投資,公開,https://www.keidanren.or.jp/policy/2010/054gaiyo.pdf,2026-08-13,ok,通商・国際経済・国際協力|産業政策・成長戦略,主張・提言
keidanren_2010_053.txt,keidanren_2010_053,keidanren,経済団体,生物多様性の保全と持続可能な利用をめざして,2010-06-15,20100615,提言,環境,公開,https://www.keidanren.or.jp/policy/2010/053.html,2026-08-13,html_text,エネルギー・環境|産業政策・成長戦略,主張・提言
keidanren_2010_052.pdf,keidanren_2010_052,keidanren,経済団体,2010年春季労使交渉・大手企業業種別妥結結果,2010-06-10,20100610,提言,労働,公開,https://www.keidanren.or.jp/policy/2010/052.pdf,2026-08-13,ok,労働・雇用,内部調査・会員アンケート
keidanren_2010_050.txt,keidanren_2010_050,keidanren,経済団体,新内閣に望む,2010-06-08,20100608,提言,総合政策,公開,https://www.keidanren.or.jp/policy/2010/050.html,2026-08-13,html_text,マクロ経済・経済財政運営|税制・財政|産業政策・成長戦略,主張・提言
keidanren_2010_049.txt,keidanren_2010_049,keidanren,経済団体,子ども・子育て新システム構築に向けた要望,2010-06-08,20100608,要望,経済政策,公開,https://www.keidanren.or.jp/policy/2010/049.html,2026-08-13,html_text,こども・子育て・人口|税制・財政,主張・提言
keidanren_2010_060.txt,keidanren_2010_060,keidanren,経済団体,「再生可能エネルギーの全量買取制度に関するオプションについて」 に対する意見,2010-06-08,20100608,意見,環境,公開,https://www.keidanren.or.jp/policy/2010/060.html,2026-08-13,html_text,エネルギー・環境,主張・提言
keidanren_2010_057.txt,keidanren_2010_057,keidanren,経済団体,「科学技術基本政策策定の基本方針(案)」に関する意見,2010-06-07,20100607,意見,産業技術,公開,https://www.keidanren.or.jp/policy/2010/057.html,2026-08-13,html_text,イノベーション・科学技術・スタートアップ|産業政策・成長戦略|行政改革・規制改革,主張・提言
keidanren_2010_048.txt,keidanren_2010_048,keidanren,経済団体,第２回日中韓ビジネスサミット共同声明,2010-05-30,20100530,提言,地域,公開,https://www.keidanren.or.jp/policy/2010/048.html,2026-08-13,html_text,通商・国際経済・国際協力|エネルギー・環境|金融・資本市場,主張・提言
keidanren_2010_056.txt,keidanren_2010_056,keidanren,経済団体,科学・技術予算編成プロセス改革「アクション・プラン」(案)に関する意見,2010-05-28,20100528,意見,産業技術,公開,https://www.keidanren.or.jp/policy/2010/056.html,2026-08-13,html_text,イノベーション・科学技術・スタートアップ|行政改革・規制改革|税制・財政,主張・提言
keidanren_2010_047.txt,keidanren_2010_047,keidanren,経済団体,民間活力で経済を再生し世界に貢献する,2010-05-27,20100527,提言,総合政策,公開,https://www.keidanren.or.jp/policy/2010/047.html,2026-08-13,html_text,マクロ経済・経済財政運営|産業政策・成長戦略|税制・財政,主張・提言
keidanren_2026_044.pdf,keidanren_2026_044,keidanren,経済団体,2026年夏季賞与・一時金 大手企業業種別妥結結果,2026-08-06,20260806,提言,労働,公開,https://www.keidanren.or.jp/policy/2026/044.pdf,2026-09-03,ok,労働・雇用,内部調査・会員アンケート
keidanren_2026_043.pdf,keidanren_2026_043,keidanren,経済団体,2026年春季労使交渉・大手企業業種別妥結結果,2026-08-04,20260804,提言,労働,公開,https://www.keidanren.or.jp/policy/2026/043.pdf,2026-09-03,ok,労働・雇用,内部調査・会員アンケート
keidanren_2026_042.txt,keidanren_2026_042,keidanren,経済団体,第15回アジア・ビジネス・サミット共同声明,2026-07-30,20260730,提言,地域,公開,https://www.keidanren.or.jp/policy/2026/042.html,2026-09-03,html_text,通商・国際経済・国際協力|エネルギー・環境|デジタル・情報通信,主張・提言
keidanren_2026_040.pdf,keidanren_2026_040,keidanren,経済団体,投資牽引型経済の実現～将来世代に明るい未来を～,2026-07-24,20260724,提言,総合政策,公開,https://www.keidanren.or.jp/policy/2026/040.pdf,2026-09-03,ok,マクロ経済・経済財政運営|産業政策・成長戦略|税制・財政,主張・提言
keidanren_2026_041.txt,keidanren_2026_041,keidanren,経済団体,OECD公開討議草案「第7章 グループ内役務に関する特別の考慮事項の見直し」に対する意見,2026-07-22,20260722,意見,経済基盤,公開,https://www.keidanren.or.jp/policy/2026/041.html,2026-09-03,html_text,税制・財政|通商・国際経済・国際協力,主張・提言
keidanren_2026_039.pdf,keidanren_2026_039,keidanren,経済団体,「今後の原子力政策の方向性と行動指針（案）」に対する意見,2026-07-09,20260709,意見,環境,公開,https://www.keidanren.or.jp/policy/2026/039.pdf,2026-09-03,ok,エネルギー・環境|産業政策・成長戦略,主張・提言
keidanren_2026_038.pdf,keidanren_2026_038,keidanren,経済団体,「第二次出入国在留管理基本計画（案）」に対する意見,2026-07-08,20260708,意見,産業政策,公開,https://www.keidanren.or.jp/policy/2026/038.pdf,2026-09-03,ok,労働・雇用|デジタル・情報通信|外交・安全保障・経済安全保障,主張・提言
keidanren_2026_036.pdf,keidanren_2026_036,keidanren,経済団体,2026年春季労使交渉・中小企業業種別回答状況,2026-07-08,20260708,資料,労働,公開,https://www.keidanren.or.jp/policy/2026/036.pdf,2026-08-13,ok,労働・雇用|中小企業,内部調査・会員アンケート
doyukai_2012_121029a.pdf,doyukai_2012_121029a,doyukai,経済団体,臨時国会開会を機に「決断し、実行する政治」への転換を,2012-10-29,20121029,提言,政治,公開,https://www.doyukai.or.jp/policyproposals/articles/2012/pdf/121029a.pdf,2026-09-03,ok,政治・統治機構・憲法|マクロ経済・経済財政運営|社会保障（年金・医療・介護）,主張・提言
doyukai_1997_970916.pdf,doyukai_1997_970916,doyukai,経済団体,98年度税制改革についての意見 &lt;法人・個人所得課税関連&gt;,1997-09-16,19970916,意見,税制,公開,https://www.doyukai.or.jp/policyproposals/articles/1997/pdf/970916a.pdf,2026-09-03,ok,税制・財政,主張・提言
doyukai_1998_980729.pdf,doyukai_1998_980729,doyukai,経済団体,地方主権による新しい国づくり,1998-07-29,19980729,提言,地域経済、地方行財政,公開,https://www.doyukai.or.jp/policyproposals/articles/1998/pdf/980729a.pdf,2026-09-03,ok,行政改革・規制改革|地域経済・観光・地方創生|税制・財政,主張・提言
doyukai_1999_990728a.pdf,doyukai_1999_990728a,doyukai,経済団体,地方の活性化・自立のための7ヶ条 -未来に希望の持てる、活力ある豊かな国にするために-,1999-07-28,19990728,提言,地域経済,公開,https://www.doyukai.or.jp/policyproposals/articles/1999/pdf/990728a.pdf,2026-09-03,ok,地域経済・観光・地方創生|行政改革・規制改革|税制・財政,主張・提言
doyukai_2000_000706a.txt,doyukai_2000_000706a,doyukai,経済団体,地方税財政改革についての経済5団体意見,2000-07-06,20000706,意見,地方行財政、税制,公開,https://www.doyukai.or.jp/policyproposals/2000/000706a.html,2026-09-03,html_text,税制・財政|行政改革・規制改革,主張・提言
doyukai_2001_020412a.pdf,doyukai_2001_020412a,doyukai,経済団体,市町村合併の促進に向けての緊急提言,2002-04-12,20020412,提言,地方行財政,公開,https://www.doyukai.or.jp/policyproposals/articles/2001/pdf/020412.pdf,2026-09-03,ok,行政改革・規制改革|地域経済・観光・地方創生|税制・財政,主張・提言
doyukai_2002_021002a.pdf,doyukai_2002_021002a,doyukai,経済団体,自ら考え、行動する地域づくりを目指して -地域主権確立への行財政改革の提言-,2002-10-02,20021002,提言,地域経済、政治、行政改革、財政,公開,https://www.doyukai.or.jp/policyproposals/articles/2002/pdf/021002_2.pdf,2026-09-03,ok,行政改革・規制改革|地域経済・観光・地方創生|税制・財政,主張・提言
doyukai_2003_040421a.pdf,doyukai_2003_040421a,doyukai,経済団体,早急に三位一体改革の“全体像”と“工程表”を示すよう求める -地域主権の確立による個性と活力ある地域づくりを目指して-,2004-04-21,20040421,提言,地方行財政、規制・制度改革,公開,https://www.doyukai.or.jp/policyproposals/articles/2003/pdf/040421_01.pdf,2026-09-03,ok,国土・住宅・交通・防災|行政改革・規制改革|地域経済・観光・地方創生,主張・提言
doyukai_2004_041029a.pdf,doyukai_2004_041029a,doyukai,経済団体,総理の決断で、三位一体改革の着実な実行を求める,2004-10-28,20041028,提言,地方行財政、規制・制度改革,公開,https://www.doyukai.or.jp/policyproposals/articles/2004/pdf/041029_01.pdf,2026-09-03,ok,税制・財政|行政改革・規制改革|地域経済・観光・地方創生,主張・提言
doyukai_2004_050418a.pdf,doyukai_2004_050418a,doyukai,経済団体,地方財政改革の提言 -地方交付税削減を改革の第一歩に-,2005-04-18,20050418,提言,地方行財政,公開,https://www.doyukai.or.jp/policyproposals/articles/2004/pdf/050418.pdf,2026-09-03,ok,行政改革・規制改革|税制・財政|政治・統治機構・憲法,主張・提言
doyukai_2005_051019a.pdf,doyukai_2005_051019a,doyukai,経済団体,教育の「現場力」強化に向けて - 地域と学校の力を育てる教育改革の推進を -,2005-10-19,20051019,提言,教育,公開,https://www.doyukai.or.jp/policyproposals/articles/2005/pdf/051019.pdf,2026-09-03,ok,人材・教育,主張・提言
doyukai_2005_051104a.pdf,doyukai_2005_051104a,doyukai,経済団体,全国経済同友会地方行財政改革推進会議提言 「新しい地域主権型システム実現に向けた提言」（行政改革部会） 「地方公務員制度改革への10の提言」（地方公務員制度改革部会）,2005-11-04,20051104,提言,地方行財政,公開,https://www.doyukai.or.jp/policyproposals/articles/2005/pdf/051104a1.pdf,2026-09-03,ok,行政改革・規制改革|地域経済・観光・地方創生|労働・雇用,主張・提言
doyukai_2005_060425a.pdf,doyukai_2005_060425a,doyukai,経済団体,基礎自治体強化による地域の自立 -一律的・画一的から多様化・個性化推奨の地域行政へ-,2006-04-25,20060425,提言,地方行財政,公開,https://www.doyukai.or.jp/policyproposals/articles/2005/pdf/060425a.pdf,2026-09-03,ok,行政改革・規制改革|政治・統治機構・憲法|地域経済・観光・地方創生,主張・提言
doyukai_2007_071120a.pdf,doyukai_2007_071120a,doyukai,経済団体,地方分権改革推進委員会「中間的な取りまとめ」に対する意見,2007-11-20,20071120,意見,地方行財政,公開,https://www.doyukai.or.jp/policyproposals/articles/2007/pdf/071120a.pdf,2026-09-03,ok,行政改革・規制改革|税制・財政|政治・統治機構・憲法,主張・提言
doyukai_2007_070612a.pdf,doyukai_2007_070612a,doyukai,経済団体,「基礎自治体の経営改革」 -改革の指針と施策-,2007-06-12,20070612,提言,地方行財政,公開,https://www.doyukai.or.jp/policyproposals/articles/2007/pdf/070612a.pdf,2026-09-03,ok,行政改革・規制改革|地域経済・観光・地方創生|政治・統治機構・憲法,主張・提言
doyukai_2008_080521a.pdf,doyukai_2008_080521a,doyukai,経済団体,ニッポン再生の原動力としての地域経済活性化 &#xff5e;地域の視点から、地域の潜在力と可能性を活かす&#xff5e;,2008-05-21,20080521,提言,地域経済,公開,https://www.doyukai.or.jp/policyproposals/articles/2008/pdf/080521b.pdf,2026-09-03,ok,地域経済・観光・地方創生|農林水産・食料|行政改革・規制改革,主張・提言
doyukai_2008_080624a.pdf,doyukai_2008_080624a,doyukai,経済団体,基礎自治体のガバナンス改革 &#xff5e;課題と改革の方向性&#xff5e;,2008-06-24,20080624,提言,地方行財政,公開,https://www.doyukai.or.jp/policyproposals/articles/2008/pdf/080624b.pdf,2026-09-03,ok,行政改革・規制改革|政治・統治機構・憲法|地域経済・観光・地方創生,主張・提言
doyukai_2009_091009a.pdf,doyukai_2009_091009a,doyukai,経済団体,地域主権型道州制の導入に向けて&lt;中間報告書&gt;,2009-10-09,20091009,報告書,地方行財政,公開,https://www.doyukai.or.jp/policyproposals/articles/2009/pdf/091009a.pdf,2026-09-03,ok,行政改革・規制改革|政治・統治機構・憲法|地域経済・観光・地方創生,主張・提言
doyukai_2009_091208a.pdf,doyukai_2009_091208a,doyukai,経済団体,緊急アピール 2010年度予算を地域主権実現の第一歩に,2009-12-08,20091208,提言,地方行財政、財政,公開,https://www.doyukai.or.jp/policyproposals/articles/2009/pdf/091208a.pdf,2026-09-03,ok,行政改革・規制改革|税制・財政|政治・統治機構・憲法,主張・提言
doyukai_2010_100611a.pdf,doyukai_2010_100611a,doyukai,経済団体,地域主権戦略大綱の策定に向けて &#xFF5E;地域主権国家の全体像の提示を求める&#xFF5E;,2010-06-11,20100611,提言,地域経済、地方行財政,公開,https://www.doyukai.or.jp/policyproposals/articles/2010/pdf/100611a.pdf,2026-09-03,ok,行政改革・規制改革|地域経済・観光・地方創生|政治・統治機構・憲法,主張・提言
doyukai_2012_120509a.pdf,doyukai_2012_120509a,doyukai,経済団体,観光立国に向けた環境づくりを進める &#xFF5E;次代を担う産業としての成長基盤を作る&#xFF5E;,2012-05-09,20120509,提言,地域経済、観光,公開,https://www.doyukai.or.jp/policyproposals/articles/2012/pdf/120509a.pdf,2026-09-03,ok,地域経済・観光・地方創生|産業政策・成長戦略|国土・住宅・交通・防災,主張・提言
doyukai_2011_120229a.pdf,doyukai_2011_120229a,doyukai,経済団体,観光立国推進基本計画の改定案に対する意見 （パブリック･コメント）,2012-02-29,20120229,意見,地域経済、観光,公開,https://www.doyukai.or.jp/policyproposals/articles/2011/pdf/120229a.pdf,2026-09-03,ok,地域経済・観光・地方創生|国土・住宅・交通・防災|労働・雇用,主張・提言
doyukai_2015_160323a.pdf,doyukai_2015_160323a,doyukai,経済団体,若者に魅力ある仕事を地方で創出するために ―“志ある者が動けるメカニズム”を創ろう―,2016-03-23,20160323,提言,地域経済、地方行財政,公開,https://www.doyukai.or.jp/policyproposals/articles/2015/pdf/160322c.pdf,2026-09-03,ok,地域経済・観光・地方創生|労働・雇用|こども・子育て・人口,主張・提言
doyukai_2014_150224a.pdf,doyukai_2014_150224a,doyukai,経済団体,知事・市町村長は“地域経営者”となれ ―統一地方選挙の重要争点とすべき5つの取り組み―,2015-02-24,20150224,提言,地方行財政、政治,公開,https://www.doyukai.or.jp/policyproposals/articles/2014/pdf/150224a.pdf,2026-09-03,ok,地域経済・観光・地方創生|行政改革・規制改革|政治・統治機構・憲法,主張・提言
doyukai_2014_141225a.pdf,doyukai_2014_141225a,doyukai,経済団体,地域固有の価値を活かした真の地方創生を目指して [第1次意見書],2014-12-25,20141225,意見,地域経済、地方行財政,公開,https://www.doyukai.or.jp/policyproposals/articles/2014/pdf/141225a.pdf,2026-09-03,ok,地域経済・観光・地方創生|中小企業|税制・財政,主張・提言
doyukai_2014_140925a.pdf,doyukai_2014_140925a,doyukai,経済団体,地方創生に向けた地方分権の推進について,2014-09-25,20140925,提言,地域経済、地方行財政,公開,https://www.doyukai.or.jp/policyproposals/articles/2014/pdf/140925a.pdf,2026-09-03,ok,行政改革・規制改革|地域経済・観光・地方創生|国土・住宅・交通・防災,主張・提言
doyukai_2015_160331a.pdf,doyukai_2015_160331a,doyukai,経済団体,観光政策の中核を&ldquo;産業政策&rdquo;に ―「人数から付加価値へ」そして 「生産性向上」を―,2016-03-31,20160331,提言,地域経済、観光,公開,https://www.doyukai.or.jp/policyproposals/articles/2015/pdf/160331a.pdf,2026-09-03,ok,地域経済・観光・地方創生|産業政策・成長戦略|労働・雇用,主張・提言
doyukai_2015_150409a.pdf,doyukai_2015_150409a,doyukai,経済団体,「真の観光立国」実現に向けた新たなKPIの設定を ―正しい目標が、正しい政策、正しい行動を生む―,2015-04-09,20150409,提言,地域経済、観光,公開,https://www.doyukai.or.jp/policyproposals/articles/2015/pdf/150409a.pdf,2026-09-03,ok,地域経済・観光・地方創生,主張・提言
doyukai_2013_140227a.pdf,doyukai_2013_140227a,doyukai,経済団体,民間主導型イノベーションを加速させるための23の方策 &mdash;産学官の効果的な連携を目指して&mdash;,2014-02-27,20140227,提言,イノベーション／研究開発,公開,https://www.doyukai.or.jp/policyproposals/articles/2013/pdf/140227a_02.pdf,2026-09-03,ok,イノベーション・科学技術・スタートアップ|産業政策・成長戦略|人材・教育,主張・提言
doyukai_2013_131011a.pdf,doyukai_2013_131011a,doyukai,経済団体,科学技術・イノベーション委員会 中間報告書 国主導の研究開発と民間主導の価値創造の事例,2013-10-11,20131011,報告書,イノベーション／研究開発,公開,https://www.doyukai.or.jp/policyproposals/articles/2013/pdf/131011a_02.pdf,2026-09-03,ok,イノベーション・科学技術・スタートアップ|産業政策・成長戦略,活動記録
doyukai_2012_120522a.pdf,doyukai_2012_120522a,doyukai,経済団体,日本再生のために真のイノベーション力強化を,2012-05-22,20120522,提言,イノベーション／研究開発,公開,https://www.doyukai.or.jp/policyproposals/articles/2012/pdf/120522a_02.pdf,2026-09-03,ok,イノベーション・科学技術・スタートアップ|産業政策・成長戦略|人材・教育,主張・提言
doyukai_2011_120222a.pdf,doyukai_2011_120222a,doyukai,経済団体,科学技術イノベーションの実現のために 真の司令塔機能強化を,2012-02-22,20120222,提言,イノベーション／研究開発,公開,https://www.doyukai.or.jp/policyproposals/articles/2011/pdf/120222a_01.pdf,2026-09-03,ok,イノベーション・科学技術・スタートアップ|行政改革・規制改革,主張・提言
doyukai_1996_960704.pdf,doyukai_1996_960704,doyukai,経済団体,心豊かな情報社会をめざして — 新しい社会の創造を支える情報化 —,1996-07-04,19960704,提言,デジタル化／IT,公開,https://www.doyukai.or.jp/policyproposals/articles/1996/pdf/960704a.pdf,2026-09-03,ok,デジタル・情報通信|産業政策・成長戦略,主張・提言
doyukai_2001_020326a.pdf,doyukai_2001_020326a,doyukai,経済団体,バイオテクノロジー発展のための緊急提言,2002-03-26,20020326,提言,イノベーション／研究開発,公開,https://www.doyukai.or.jp/policyproposals/articles/2001/pdf/020326.pdf,2026-09-03,ok,イノベーション・科学技術・スタートアップ|産業政策・成長戦略|行政改革・規制改革,主張・提言
doyukai_2006_060608a.pdf,doyukai_2006_060608a,doyukai,経済団体,「日本のイノベーション戦略」 -多様性を受け入れ、新たな価値創造を目指そう-,2006-06-08,20060608,提言,イノベーション／研究開発,公開,https://www.doyukai.or.jp/policyproposals/articles/2006/pdf/060608b.pdf,2026-09-03,ok,イノベーション・科学技術・スタートアップ|産業政策・成長戦略|多様性・人権・ジェンダー,主張・提言
doyukai_2008_090413a.pdf,doyukai_2008_090413a,doyukai,経済団体,イノベーション志向経営の更なる実現に向けて -科学技術成果の社会還元と理科教育の観点から-,2009-04-13,20090413,提言,イノベーション／研究開発、教育,公開,https://www.doyukai.or.jp/policyproposals/articles/2008/pdf/090413b.pdf,2026-09-03,ok,イノベーション・科学技術・スタートアップ|人材・教育|産業政策・成長戦略,主張・提言
doyukai_2010_100628a.pdf,doyukai_2010_100628a,doyukai,経済団体,理科系人材問題解決への新たな挑戦 &nbsp;&ndash;&nbsp;論理的思考力のある人材の拡充に向けた初等教育からの意識改革&nbsp;&ndash;&nbsp;,2010-06-28,20100628,提言,イノベーション／研究開発、人材、教育,公開,https://www.doyukai.or.jp/policyproposals/articles/2010/pdf/100628a.pdf,2026-09-03,ok,人材・教育|イノベーション・科学技術・スタートアップ,主張・提言
doyukai_2011_110602b.pdf,doyukai_2011_110602b,doyukai,経済団体,科学技術立国を担う人材育成の取り組みと施策 &nbsp;&ndash;&nbsp;経営者アンケート調査を踏まえて&nbsp;&ndash;&nbsp;,2011-06-02,20110602,提言,人材、調査・アンケート,公開,https://www.doyukai.or.jp/policyproposals/articles/2011/pdf/110602b.pdf,2026-09-03,ok,人材・教育|イノベーション・科学技術・スタートアップ,内部調査・会員アンケート
doyukai_2015_150518a.pdf,doyukai_2015_150518a,doyukai,経済団体,地域主導のイノベーション創出 ―グローバルニッチ企業の創出と農林業の活性化―,2015-05-18,20150518,提言,イノベーション／研究開発、地域経済,公開,https://www.doyukai.or.jp/policyproposals/articles/2015/pdf/150518a.pdf,2026-09-03,ok,イノベーション・科学技術・スタートアップ|地域経済・観光・地方創生|農林水産・食料,主張・提言
doyukai_2014_140731a.pdf,doyukai_2014_140731a,doyukai,経済団体,オープンイノベーション推進のための税制優遇を,2014-07-31,20140731,提言,イノベーション／研究開発、税制,公開,https://www.doyukai.or.jp/policyproposals/articles/2014/pdf/140731a.pdf,2026-09-03,ok,税制・財政|イノベーション・科学技術・スタートアップ,主張・提言
doyukai_2013_130605a.pdf,doyukai_2013_130605a,doyukai,経済団体,「世界最先端IT国家創造」宣言（案）に対する意見 （パブリック・コメント）,2013-06-05,20130605,意見,デジタル化／IT、国家ビジョン,公開,https://www.doyukai.or.jp/policyproposals/articles/2013/pdf/130605a.pdf,2026-09-03,ok,デジタル・情報通信|行政改革・規制改革|産業政策・成長戦略,主張・提言
doyukai_2013_130402a.pdf,doyukai_2013_130402a,doyukai,経済団体,国際リニアコライダー（ILC）日本誘致に向けた政治のリーダーシップを,2013-04-02,20130402,提言,イノベーション／研究開発,公開,https://www.doyukai.or.jp/policyproposals/articles/2013/pdf/130402a.pdf,2026-09-03,ok,イノベーション・科学技術・スタートアップ|産業政策・成長戦略|地域経済・観光・地方創生,主張・提言
doyukai_1996_970228.pdf,doyukai_1996_970228,doyukai,経済団体,透明で民主的な政策決定システムのあり方,1997-02-28,19970228,提言,政治、行政改革,公開,https://www.doyukai.or.jp/policyproposals/articles/1996/pdf/970228a.pdf,2026-09-03,ok,政治・統治機構・憲法|行政改革・規制改革,主張・提言
doyukai_1997_980420.pdf,doyukai_1997_980420,doyukai,経済団体,経済界と政治の新たな関係の構築,1998-04-20,19980420,提言,政治,公開,https://www.doyukai.or.jp/policyproposals/articles/1997/pdf/980420a.pdf,2026-09-03,ok,政治・統治機構・憲法,主張・提言
doyukai_1998_990301.pdf,doyukai_1998_990301,doyukai,経済団体,政治改革及び企業・団体献金についての論点 —経済同友会政治委員会中間報告—,1999-03-01,19990301,提言,政治、行政改革,公開,https://www.doyukai.or.jp/policyproposals/articles/1998/pdf/990301a.pdf,2026-09-03,ok,政治・統治機構・憲法|行政改革・規制改革,主張・提言
doyukai_2000_001219a.pdf,doyukai_2000_001219a,doyukai,経済団体,市民参加の政治をめざして,2000-12-19,20001219,提言,政治,公開,https://www.doyukai.or.jp/policyproposals/articles/2000/pdf/001219_1.pdf,2026-09-03,ok,政治・統治機構・憲法,主張・提言
doyukai_2000_010118a.pdf,doyukai_2000_010118a,doyukai,経済団体,「自律国家」と「国民負担率30％の小さな政府」 — 21世紀の若者たちに活力ある経済社会を残すために —,2001-01-18,20010118,提言,行政改革、財政,公開,https://www.doyukai.or.jp/policyproposals/articles/2000/pdf/010118Ar.pdf,2026-09-03,ok,マクロ経済・経済財政運営|税制・財政|行政改革・規制改革,主張・提言
doyukai_2001_011029a.pdf,doyukai_2001_011029a,doyukai,経済団体,一票の格差是正の早期実現を,2001-10-29,20011029,提言,政治、行政改革,公開,https://www.doyukai.or.jp/policyproposals/articles/2001/pdf/011029.pdf,2026-09-03,ok,政治・統治機構・憲法|行政改革・規制改革,主張・提言
doyukai_2001_020124a.pdf,doyukai_2001_020124a,doyukai,経済団体,「一票の格差是正」について,2002-01-24,20020124,提言,政治、行政改革,公開,https://www.doyukai.or.jp/policyproposals/articles/2001/pdf/020124_01.pdf,2026-09-03,ok,政治・統治機構・憲法|行政改革・規制改革,主張・提言
doyukai_2002_020703a.txt,doyukai_2002_020703a,doyukai,経済団体,緊急アピール -政治の透明性の向上を-,2002-07-03,20020703,提言,政治、行政改革,公開,https://www.doyukai.or.jp/policyproposals/2002/020703a.html,2026-09-03,html_text,政治・統治機構・憲法|行政改革・規制改革,主張・提言
doyukai_2002_021022a.pdf,doyukai_2002_021022a,doyukai,経済団体,首相のリーダーシップの確立と政策本位の政治家の実現を求めて -2001年度政治委員会欧州・米国ミッションを踏まえて-,2002-10-22,20021022,提言,政治、海外視察／国際会議、行政改革,公開,https://www.doyukai.or.jp/policyproposals/articles/2002/pdf/021022.pdf,2026-09-03,ok,政治・統治機構・憲法|行政改革・規制改革,主張・提言
doyukai_2003_040315a.pdf,doyukai_2003_040315a,doyukai,経済団体,さらなる政治改革の推進を - マニフェスト・サイクルを根付かせるために -,2004-03-15,20040315,提言,政治、行政改革,公開,https://www.doyukai.or.jp/policyproposals/articles/2003/pdf/040315_02.pdf,2026-09-03,ok,政治・統治機構・憲法|行政改革・規制改革,主張・提言
doyukai_2004_040428a.pdf,doyukai_2004_040428a,doyukai,経済団体,行財政抜本改革と公平・公正な税制の構築 —小さな政府と民間主体の活力ある経済社会の確立—,2004-04-28,20040428,提言,税制、行政改革,公開,https://www.doyukai.or.jp/policyproposals/articles/2004/pdf/040428_01.pdf,2026-09-03,ok,行政改革・規制改革|税制・財政|金融・資本市場,主張・提言
doyukai_2005_050520a.pdf,doyukai_2005_050520a,doyukai,経済団体,わが国「二院制」の改革 - 憲法改正による立法府の構造改革を -,2005-05-20,20050520,提言,憲法、政治、行政改革,公開,https://www.doyukai.or.jp/policyproposals/articles/2005/pdf/050520.pdf,2026-09-03,ok,政治・統治機構・憲法|行政改革・規制改革,主張・提言
doyukai_2005_060323a.pdf,doyukai_2005_060323a,doyukai,経済団体,バランスシート改革のための6つの緊急提言 -「小さくて効率的な政府」を実現するために-,2006-03-23,20060323,提言,行政改革、財政,公開,https://www.doyukai.or.jp/policyproposals/articles/2005/pdf/060323.pdf,2026-09-03,ok,行政改革・規制改革|税制・財政,主張・提言
doyukai_2005_060331a.pdf,doyukai_2005_060331a,doyukai,経済団体,総理のリーダーシップに基づく行政改革の一層の本格化を望む,2006-03-31,20060331,提言,行政改革,公開,https://www.doyukai.or.jp/policyproposals/articles/2005/pdf/060331.pdf,2026-09-03,ok,行政改革・規制改革|政治・統治機構・憲法,主張・提言
doyukai_2005_060418a.pdf,doyukai_2005_060418a,doyukai,経済団体,中央政府･政党の機能再構築 -マネジメント導入による国政執行機能の強化-,2006-04-18,20060418,提言,政治、行政改革,公開,https://www.doyukai.or.jp/policyproposals/articles/2005/pdf/060418.pdf,2026-09-03,ok,政治・統治機構・憲法|行政改革・規制改革,主張・提言
doyukai_2006_070409a.pdf,doyukai_2006_070409a,doyukai,経済団体,中央政府の再設計,2007-04-09,20070409,提言,政治、行政改革,公開,https://www.doyukai.or.jp/policyproposals/articles/2006/pdf/070409a.pdf,2026-09-03,ok,政治・統治機構・憲法|行政改革・規制改革,主張・提言
doyukai_2006_070418a.pdf,doyukai_2006_070418a,doyukai,経済団体,今後の国の構造改革の進め方について,2007-04-18,20070418,提言,行政改革、規制・制度改革,公開,https://www.doyukai.or.jp/policyproposals/articles/2006/pdf/070418a.pdf,2026-09-03,ok,行政改革・規制改革|政治・統治機構・憲法,主張・提言
doyukai_2007_070531a.pdf,doyukai_2007_070531a,doyukai,経済団体,3つの軸から政治改革の加速を -政治参加、政･官関係、「戦後レジーム」脱却-,2007-05-31,20070531,提言,政治、行政改革,公開,https://www.doyukai.or.jp/policyproposals/articles/2007/pdf/070531a.pdf,2026-09-03,ok,政治・統治機構・憲法|行政改革・規制改革,主張・提言
doyukai_2012_120417b.pdf,doyukai_2012_120417b,doyukai,経済団体,地方議会の改革について,2012-04-17,20120417,提言,地方行財政、政治,公開,https://www.doyukai.or.jp/policyproposals/articles/2012/pdf/120417b.pdf,2026-09-03,ok,政治・統治機構・憲法|国土・住宅・交通・防災,主張・提言
doyukai_2011_120220a.pdf,doyukai_2011_120220a,doyukai,経済団体,衆議院選挙制度改革 格差是正に向けた早急な対応を,2012-02-20,20120220,提言,政治,公開,https://www.doyukai.or.jp/policyproposals/articles/2011/pdf/120220a.pdf,2026-09-03,ok,政治・統治機構・憲法,主張・提言
doyukai_2007_080402a.pdf,doyukai_2007_080402a,doyukai,経済団体,マニフェスト時代の行政体制と“政策市場”の構築を &#xff5e;国民に透明な政策論争を示し、真の民主主義を実現する&#xff5e;,2008-04-02,20080402,提言,政治、行政改革,公開,https://www.doyukai.or.jp/policyproposals/articles/2007/pdf/080402b.pdf,2026-09-03,ok,政治・統治機構・憲法|行政改革・規制改革|外交・安全保障・経済安全保障,主張・提言
doyukai_2008_090226a.pdf,doyukai_2008_090226a,doyukai,経済団体,真の議院内閣制確立のために &#xff5e;「国家公務員制度改革」に対する意見&#xff5e;,2009-02-26,20090226,意見,政治、行政改革,公開,https://www.doyukai.or.jp/policyproposals/articles/2008/pdf/090226a.pdf,2026-09-03,ok,行政改革・規制改革|政治・統治機構・憲法|労働・雇用,主張・提言
doyukai_2009_090511a.pdf,doyukai_2009_090511a,doyukai,経済団体,地方分権改革の徹底と道州制導入に向けた政治の決断を求める,2009-05-11,20090511,提言,地方行財政,公開,https://www.doyukai.or.jp/policyproposals/articles/2009/pdf/090511a.pdf,2026-09-03,ok,行政改革・規制改革|政治・統治機構・憲法|地域経済・観光・地方創生,主張・提言
doyukai_2009_100215a.pdf,doyukai_2009_100215a,doyukai,経済団体,『政党による政策本位の政治』の実現に向けて —マニフェスト政治の確立と政治資金のあり方—,2010-02-15,20100215,提言,政治、行政改革,公開,https://www.doyukai.or.jp/policyproposals/articles/2009/pdf/100215b.pdf,2026-09-03,ok,政治・統治機構・憲法|行政改革・規制改革,主張・提言
doyukai_2010_100519a.pdf,doyukai_2010_100519a,doyukai,経済団体,道州制移行における課題 &nbsp;&ndash;&nbsp;財政面から見た東京問題と長期債務負担問題&nbsp;&ndash;&nbsp;,2010-05-19,20100519,提言,地方行財政、財政,公開,https://www.doyukai.or.jp/policyproposals/articles/2010/pdf/100519b.pdf,2026-09-03,ok,行政改革・規制改革|税制・財政|政治・統治機構・憲法,主張・提言
doyukai_2011_110421b.pdf,doyukai_2011_110421b,doyukai,経済団体,わが国の電子政府推進政策の検証と今後の取り組むべき課題,2011-04-21,20110421,提言,デジタル化／IT、行政改革,公開,https://www.doyukai.or.jp/policyproposals/articles/2011/pdf/110421b_02.pdf,2026-09-03,ok,デジタル・情報通信|行政改革・規制改革,主張・提言
doyukai_2013_131122b.pdf,doyukai_2013_131122b,doyukai,経済団体,国家公務員制度改革関連法案の国会提出にあたって &#xff5e;横串機能を強化せよ&#xff5e;,2013-11-22,20131122,提言,行政改革,公開,https://www.doyukai.or.jp/policyproposals/articles/2013/pdf/131122b.pdf,2026-09-03,ok,行政改革・規制改革|政治・統治機構・憲法,主張・提言
doyukai_2013_130517a.pdf,doyukai_2013_130517a,doyukai,経済団体,「政党法」の制定を目指して &mdash;日本の政党のガバナンス・「政党力」向上のために&mdash;,2013-05-17,20130517,提言,政治、行政改革,公開,https://www.doyukai.or.jp/policyproposals/articles/2013/pdf/130517a_02.pdf,2026-09-03,ok,政治・統治機構・憲法|行政改革・規制改革,主張・提言
doyukai_2014_141126d.txt,doyukai_2014_141126d,doyukai,経済団体,参議院（選挙区）選挙無効訴訟判決に関する意見,2014-11-26,20141126,意見,政治、行政改革,公開,https://www.doyukai.or.jp/policyproposals/2014/141126d.html,2026-09-03,html_text,政治・統治機構・憲法|行政改革・規制改革,主張・提言
doyukai_2014_140523a.pdf,doyukai_2014_140523a,doyukai,経済団体,政治家に必要な能力と、その育成を巡っての論点整理,2014-05-23,20140523,提言,政治,公開,https://www.doyukai.or.jp/policyproposals/articles/2014/pdf/140523a_02.pdf,2026-09-03,ok,政治・統治機構・憲法|人材・教育,主張・提言
doyukai_2012_120424a.pdf,doyukai_2012_120424a,doyukai,経済団体,産業構造改革に向けた決意と要望 &#xff5e;リスクを取って持続的成長の実現を&#xff5e;,2012-04-24,20120424,要望,マクロ経済,公開,https://www.doyukai.or.jp/policyproposals/articles/2012/pdf/120424a.pdf,2026-09-03,ok,産業政策・成長戦略|行政改革・規制改革|イノベーション・科学技術・スタートアップ,主張・提言
doyukai_1996_970408.pdf,doyukai_1996_970408,doyukai,経済団体,雇用システム改革に向けた企業行動指針 - 市場メカニズムを通じた活性化への途 -,1997-04-08,19970408,提言,人材、雇用・労働,公開,https://www.doyukai.or.jp/policyproposals/articles/1996/pdf/970408a.pdf,2026-09-03,ok,労働・雇用|人材・教育|企業経営・ガバナンス・サステナビリティ,主張・提言
doyukai_1998_980727.pdf,doyukai_1998_980727,doyukai,経済団体,21世紀に向けた新しい産業基盤整備についての提案 — 企業家風土醸成と新企業活性化のために —,1998-07-27,19980727,提言,起業／スタートアップ,公開,https://www.doyukai.or.jp/policyproposals/articles/1998/pdf/980727a.pdf,2026-09-03,ok,イノベーション・科学技術・スタートアップ|産業政策・成長戦略|金融・資本市場,主張・提言
doyukai_1998_990329.pdf,doyukai_1998_990329,doyukai,経済団体,意欲あふれる起業挑戦者が倍増しベンチャー企業が躍動する産業社会を目指して,1999-03-29,19990329,提言,企業経営、税制、起業／スタートアップ,公開,https://www.doyukai.or.jp/policyproposals/articles/1998/pdf/990329a.pdf,2026-09-03,ok,イノベーション・科学技術・スタートアップ|税制・財政|企業経営・ガバナンス・サステナビリティ,主張・提言
doyukai_2000_000614a.pdf,doyukai_2000_000614a,doyukai,経済団体,労働市場の改革を目指して- 直ちに着手すべき施策に関する意見書 -,2000-06-14,20000614,意見,人材、雇用・労働,公開,https://www.doyukai.or.jp/policyproposals/articles/2000/pdf/000614.pdf,2026-09-03,ok,労働・雇用|人材・教育|行政改革・規制改革,主張・提言
doyukai_2004_050308a.pdf,doyukai_2004_050308a,doyukai,経済団体,ベンチャー企業による新事業創造を促進するための大企業経営者への提言 -大企業は門戸を開放せよ-,2005-03-08,20050308,提言,起業／スタートアップ,公開,https://www.doyukai.or.jp/policyproposals/articles/2004/pdf/050308_01.pdf,2026-09-03,ok,イノベーション・科学技術・スタートアップ|企業経営・ガバナンス・サステナビリティ|中小企業,主張・提言
doyukai_2006_060704a.pdf,doyukai_2006_060704a,doyukai,経済団体,企業が文化になるとき —文化をベースに企業と社会の好循環を築く—,2006-07-04,20060704,提言,スポーツ・文化,公開,https://www.doyukai.or.jp/policyproposals/articles/2006/pdf/060704.pdf,2026-09-03,ok,企業経営・ガバナンス・サステナビリティ|産業政策・成長戦略,主張・提言
doyukai_2006_060921a.pdf,doyukai_2006_060921a,doyukai,経済団体,イノベーションを促進するエンジェル税制の拡充を,2006-09-21,20060921,提言,企業経営、税制、起業／スタートアップ,公開,https://www.doyukai.or.jp/policyproposals/articles/2006/pdf/060921.pdf,2026-09-03,ok,税制・財政|イノベーション・科学技術・スタートアップ|中小企業,主張・提言
doyukai_2006_070416a.pdf,doyukai_2006_070416a,doyukai,経済団体,ベンチャー企業による市場の活性化と個人再生,2007-04-16,20070416,提言,起業／スタートアップ,公開,https://www.doyukai.or.jp/policyproposals/articles/2006/pdf/070416a.pdf,2026-09-03,ok,イノベーション・科学技術・スタートアップ|金融・資本市場|中小企業,主張・提言
doyukai_2012_120425b.pdf,doyukai_2012_120425b,doyukai,経済団体,日本企業のグローバル経営における組織・人材マネジメント 報告書,2012-04-25,20120425,報告書,人材、企業経営、雇用・労働,公開,https://www.doyukai.or.jp/policyproposals/articles/2012/pdf/120425b.pdf,2026-09-03,ok,人材・教育|企業経営・ガバナンス・サステナビリティ|通商・国際経済・国際協力,内部調査・会員アンケート
doyukai_2011_120223a.pdf,doyukai_2011_120223a,doyukai,経済団体,新卒採用問題に対する意見,2012-02-23,20120223,意見,中堅・中小企業、人材、教育,公開,https://www.doyukai.or.jp/policyproposals/articles/2011/pdf/120223a.pdf,2026-09-03,ok,人材・教育|労働・雇用,主張・提言
doyukai_2002_021023a.pdf,doyukai_2002_021023a,doyukai,経済団体,外国人が「訪れたい、学びたい、働きたい」日本となるために,2002-10-23,20021023,提言,人材、外交・国際問題,公開,https://www.doyukai.or.jp/policyproposals/articles/2002/pdf/021023.pdf,2026-09-03,ok,人材・教育|地域経済・観光・地方創生|労働・雇用,主張・提言
doyukai_2005_050623a.pdf,doyukai_2005_050623a,doyukai,経済団体,知的感性時代の人材マネジメント - BQ（ビジネス感度）と革新型リーダー -,2005-06-23,20050623,提言,人材、雇用・労働,公開,https://www.doyukai.or.jp/policyproposals/articles/2005/pdf/050623.pdf,2026-09-03,ok,人材・教育|労働・雇用|企業経営・ガバナンス・サステナビリティ,主張・提言
doyukai_2006_061121a.pdf,doyukai_2006_061121a,doyukai,経済団体,「労働契約法制」及び「労働時間法制」に関する意見書,2006-11-21,20061121,意見,人材、雇用・労働,公開,https://www.doyukai.or.jp/policyproposals/articles/2006/pdf/061121.pdf,2026-09-03,ok,労働・雇用|人材・教育,主張・提言
doyukai_2006_070410a.pdf,doyukai_2006_070410a,doyukai,経済団体,人材が集う企業へ -多様な働き方を尊重し、自ら考え選択できるしくみを-,2007-04-10,20070410,提言,人材、雇用・労働,公開,https://www.doyukai.or.jp/policyproposals/articles/2006/pdf/070410a.pdf,2026-09-03,ok,労働・雇用|人材・教育|多様性・人権・ジェンダー,主張・提言
doyukai_2008_080509a.pdf,doyukai_2008_080509a,doyukai,経済団体,21世紀の新しい働き方 「ワーク&amp;ライフ インテグレーション」を目指して,2008-05-09,20080509,提言,人材、雇用・労働,公開,https://www.doyukai.or.jp/policyproposals/articles/2008/pdf/080509b.pdf,2026-09-03,ok,労働・雇用|人材・教育,主張・提言
doyukai_2008_080903a.pdf,doyukai_2008_080903a,doyukai,経済団体,「日雇派遣」の原則禁止案に対する意見,2008-09-03,20080903,意見,人材、雇用・労働,公開,https://www.doyukai.or.jp/policyproposals/articles/2008/pdf/080903a.pdf,2026-09-03,ok,労働・雇用,主張・提言
doyukai_2008_090421a.pdf,doyukai_2008_090421a,doyukai,経済団体,経済危機下における雇用と生活の安心確保 -まずは不安の払拭に全力を- （第1次意見書）,2009-04-21,20090421,意見,人材、雇用・労働,公開,https://www.doyukai.or.jp/policyproposals/articles/2008/pdf/090421a.pdf,2026-09-03,ok,労働・雇用|社会保障（年金・医療・介護）|人材・教育,主張・提言
doyukai_2010_100622a.pdf,doyukai_2010_100622a,doyukai,経済団体,働く意欲に応える社会の構築 &#xFF5E;労働市場の構造改革によって将来の雇用不安の解消を &#xFF5E;（第2次意見書）,2010-06-22,20100622,意見,人材、雇用・労働,公開,https://www.doyukai.or.jp/policyproposals/articles/2010/pdf/100622a2.pdf,2026-09-03,ok,労働・雇用|社会保障（年金・医療・介護）|マクロ経済・経済財政運営,主張・提言
doyukai_2012_120619a.pdf,doyukai_2012_120619a,doyukai,経済団体,「もの・ことづくり」のための「ひとづくり」 &#65374;世界でビジネスに勝つために&#65374;,2012-06-20,20120620,提言,人材、製造業／ものづくり,公開,https://www.doyukai.or.jp/policyproposals/articles/2012/pdf/120619a_02.pdf,2026-09-03,ok,人材・教育|産業政策・成長戦略,主張・提言
doyukai_2014_150317a.pdf,doyukai_2014_150317a,doyukai,経済団体,「世界トップレベルの雇用環境・働き方の実現」に向けて ――長時間労働是正と高度プロフェッショナル制度に関する意見――,2015-03-17,20150317,意見,人材、雇用・労働,公開,https://www.doyukai.or.jp/policyproposals/articles/2014/pdf/150317a.pdf,2026-09-03,ok,労働・雇用,主張・提言
doyukai_2014_141126a.pdf,doyukai_2014_141126a,doyukai,経済団体,「攻め」の労働政策へ5つの大転換を &mdash;労働政策の見直しに関する提言&mdash;,2014-11-26,20141126,提言,人材、雇用・労働,公開,https://www.doyukai.or.jp/policyproposals/articles/2014/pdf/141126a.pdf,2026-09-03,ok,労働・雇用|マクロ経済・経済財政運営|人材・教育,主張・提言
doyukai_2014_140516a.pdf,doyukai_2014_140516a,doyukai,経済団体,多様な人材の柔軟な働き方を実現するための雇用・労働市場改革 ―日本経済の持続的な成長と個人の豊かな人生の実現に向けて―,2014-05-16,20140516,提言,ダイバーシティ、人材、雇用・労働,公開,https://www.doyukai.or.jp/policyproposals/articles/2014/pdf/140516a_02.pdf,2026-09-03,ok,労働・雇用|人材・教育|多様性・人権・ジェンダー,主張・提言
doyukai_2013_130613a.pdf,doyukai_2013_130613a,doyukai,経済団体,経済成長に向けた「人財の採用・育成・活用の真のダイバーシティを目指す経営者の行動宣言」 &#xff5e;世界中で“優秀な人財を魅きつける”企業になるために&#xff5e;,2013-06-13,20130613,提言,ダイバーシティ、人材、雇用・労働,公開,https://www.doyukai.or.jp/policyproposals/articles/2013/pdf/130613a.pdf,2026-09-03,ok,多様性・人権・ジェンダー|人材・教育|労働・雇用,主張・提言
doyukai_2012_121005a.pdf,doyukai_2012_121005a,doyukai,経済団体,経済成長の実現に向けたグローバル人財市場の構築を目指す人財開国を - 外国籍高度人財・留学生の更なる獲得・活用の促進,2012-10-05,20121005,提言,人材、外交・国際問題、雇用・労働,公開,https://www.doyukai.or.jp/policyproposals/articles/2012/pdf/121005a.pdf,2026-09-03,ok,人材・教育|労働・雇用|通商・国際経済・国際協力,主張・提言
doyukai_2015_160112a.pdf,doyukai_2015_160112a,doyukai,経済団体,ダイバーシティと働き方に関するアンケート調査結果,2016-01-13,20160113,資料,ダイバーシティ、人材、調査・アンケート,公開,https://www.doyukai.or.jp/policyproposals/articles/2015/pdf/160112a.pdf,2026-09-03,ok,多様性・人権・ジェンダー|人材・教育|労働・雇用,内部調査・会員アンケート
doyukai_2015_150714a.pdf,doyukai_2015_150714a,doyukai,経済団体,労働者派遣法改正案の早期成立を求める(経済3団体),2015-07-14,20150714,提言,人材、雇用・労働,公開,https://www.doyukai.or.jp/policyproposals/articles/2015/pdf/150714a.pdf,2026-09-03,ok,労働・雇用,主張・提言
doyukai_2015_150422a.pdf,doyukai_2015_150422a,doyukai,経済団体,世界に通ずる働き方に関する企業経営者の行動宣言 ―主体的な個人によるスマート・ワークの実現を目指して―,2015-04-22,20150422,提言,企業経営、雇用・労働,公開,https://www.doyukai.or.jp/policyproposals/articles/2015/pdf/150422a.pdf,2026-09-03,ok,労働・雇用|多様性・人権・ジェンダー|企業経営・ガバナンス・サステナビリティ,主張・提言
doyukai_2014_141225b.pdf,doyukai_2014_141225b,doyukai,経済団体,ダイバーシティと働き方に関するアンケート調査結果,2014-12-25,20141225,資料,ダイバーシティ、人材、企業経営、調査・アンケート,公開,https://www.doyukai.or.jp/policyproposals/articles/2014/pdf/141225b.pdf,2026-09-03,ok,多様性・人権・ジェンダー|人材・教育|企業経営・ガバナンス・サステナビリティ,内部調査・会員アンケート
doyukai_2014_140509a.pdf,doyukai_2014_140509a,doyukai,経済団体,企業のグローバル競争力強化のためのダイバーシティ&amp;インクルージョン &#65374;「適材適所」による人財育成とボーダーレスの「適所適財」の実現&#65374;,2014-05-09,20140509,提言,ダイバーシティ、人材、企業経営,公開,https://www.doyukai.or.jp/policyproposals/articles/2014/pdf/140509a_02.pdf,2026-09-03,ok,多様性・人権・ジェンダー|人材・教育|企業経営・ガバナンス・サステナビリティ,主張・提言
doyukai_2013_131122a.pdf,doyukai_2013_131122a,doyukai,経済団体,「意思決定ボード」の真のダイバーシティ実現に向けて &#xff5e;女性管理職・役員の登用・活用状況のアンケート調査結果&#xff5e;,2013-11-22,20131122,資料,ダイバーシティ、人材、企業経営、調査・アンケート,公開,https://www.doyukai.or.jp/policyproposals/articles/2013/pdf/131122a.pdf,2026-09-03,ok,多様性・人権・ジェンダー|企業経営・ガバナンス・サステナビリティ|人材・教育,内部調査・会員アンケート
doyukai_2012_121016a.pdf,doyukai_2012_121016a,doyukai,経済団体,「意思決定ボード」の真のダイバーシティ実現に向けて &#xff5e;女性管理職・役員の登用・活用状況のアンケート調査結果&#xff5e;,2012-10-16,20121016,資料,ダイバーシティ、人材、企業経営、調査・アンケート,公開,https://www.doyukai.or.jp/policyproposals/articles/2012/pdf/121016a.pdf,2026-09-03,ok,多様性・人権・ジェンダー|人材・教育|企業経営・ガバナンス・サステナビリティ,内部調査・会員アンケート
doyukai_2012_120528a.pdf,doyukai_2012_120528a,doyukai,経済団体,「意思決定ボード」のダイバーシティに向けた経営者の行動宣言 &#xff5e;競争力としての女性管理職・役員の登用・活用&#xff5e;,2012-05-28,20120528,提言,ダイバーシティ、人材、企業経営,公開,https://www.doyukai.or.jp/policyproposals/articles/2012/pdf/120528a.pdf,2026-09-03,ok,多様性・人権・ジェンダー|企業経営・ガバナンス・サステナビリティ|労働・雇用,主張・提言
doyukai_2003_040224a.pdf,doyukai_2003_040224a,doyukai,経済団体,多様を活かす、多様に生きる — 新たな需要創造への企業の取組み —,2004-02-24,20040224,提言,ダイバーシティ、人材、企業経営,公開,https://www.doyukai.or.jp/policyproposals/articles/2003/pdf/040224_1.pdf,2026-09-03,ok,多様性・人権・ジェンダー|企業経営・ガバナンス・サステナビリティ|労働・雇用,主張・提言
doyukai_1995_950517.pdf,doyukai_1995_950517,doyukai,経済団体,行動変革のための環境教育の勧め — 企業から見た環境教育の具体的提案 —,1995-05-17,19950517,提言,教育、環境／エネルギー,公開,https://www.doyukai.or.jp/policyproposals/articles/1995/pdf/950517a.pdf,2026-09-03,ok,エネルギー・環境|人材・教育|企業経営・ガバナンス・サステナビリティ,主張・提言
doyukai_1996_961017.pdf,doyukai_1996_961017,doyukai,経済団体,中国の環境問題と日本の役割 — 対中国環境協力3つの視点と2002年地球サミットの北京開催 —,1996-10-17,19961017,提言,外交・国際問題、環境／エネルギー,公開,https://www.doyukai.or.jp/policyproposals/articles/1996/pdf/961017a.pdf,2026-09-03,ok,エネルギー・環境|通商・国際経済・国際協力|外交・安全保障・経済安全保障,主張・提言
doyukai_1997_971118.pdf,doyukai_1997_971118,doyukai,経済団体,地球温暖化問題に対する5項目提言,1997-11-18,19971118,提言,環境／エネルギー,公開,https://www.doyukai.or.jp/policyproposals/articles/1997/pdf/971118a.pdf,2026-09-03,ok,エネルギー・環境|産業政策・成長戦略|通商・国際経済・国際協力,主張・提言
doyukai_1998_990202.pdf,doyukai_1998_990202,doyukai,経済団体,地球温暖化防止に向けたわれわれの決意,1999-02-02,19990202,提言,環境／エネルギー,公開,https://www.doyukai.or.jp/policyproposals/articles/1998/pdf/990202a.pdf,2026-09-03,ok,エネルギー・環境|税制・財政|マクロ経済・経済財政運営,主張・提言
doyukai_2000_000704a.pdf,doyukai_2000_000704a,doyukai,経済団体,東京都心部の自動車交通による環境問題への対応策について,2000-07-04,20000704,提言,環境／エネルギー,公開,https://www.doyukai.or.jp/policyproposals/articles/2000/pdf/000704.pdf,2026-09-03,ok,エネルギー・環境|国土・住宅・交通・防災,主張・提言
doyukai_2002_030217a.pdf,doyukai_2002_030217a,doyukai,経済団体,森林再生とバイオマスエネルギー利用促進のための21世紀グリーンプラン,2003-02-17,20030217,提言,環境／エネルギー,公開,https://www.doyukai.or.jp/policyproposals/articles/2002/pdf/030217_3.pdf,2026-09-03,ok,エネルギー・環境|農林水産・食料,主張・提言
doyukai_2003_031128a.pdf,doyukai_2003_031128a,doyukai,経済団体,「温暖化対策税制の具体的な制度の案」に対する意見,2003-11-28,20031128,意見,環境／エネルギー、税制,公開,https://www.doyukai.or.jp/policyproposals/articles/2003/pdf/031128.pdf,2026-09-03,ok,エネルギー・環境|税制・財政,主張・提言
doyukai_2003_040116a.pdf,doyukai_2003_040116a,doyukai,経済団体,日本企業のCSR：現状と課題-自己評価レポート2003,2004-01-16,20040116,報告書,CSR／サステナビリティ経営、企業経営,公開,https://www.doyukai.or.jp/policyproposals/articles/2003/pdf/040116_1.pdf,2026-09-03,ok,企業経営・ガバナンス・サステナビリティ,内部調査・会員アンケート
doyukai_2004_041220a.pdf,doyukai_2004_041220a,doyukai,経済団体,地球温暖化問題の克服に向けての8つの提言,2004-12-20,20041220,提言,環境／エネルギー,公開,https://www.doyukai.or.jp/policyproposals/articles/2004/pdf/041220_02.pdf,2026-09-03,ok,エネルギー・環境|産業政策・成長戦略,主張・提言
doyukai_2004_050413a.pdf,doyukai_2004_050413a,doyukai,経済団体,「京都議定書目標達成計画（案）」に対する意見,2005-04-13,20050413,意見,環境／エネルギー,公開,https://www.doyukai.or.jp/policyproposals/articles/2004/pdf/050413_01.pdf,2026-09-03,ok,エネルギー・環境|行政改革・規制改革,主張・提言
doyukai_2005_060111a.pdf,doyukai_2005_060111a,doyukai,経済団体,環境配慮型の税体系を考える - 地球環境を保持する国民的ビジョンの構築に向けて -,2006-01-11,20060111,提言,環境／エネルギー、税制,公開,https://www.doyukai.or.jp/policyproposals/articles/2005/pdf/060111a.pdf,2026-09-03,ok,エネルギー・環境|税制・財政,主張・提言
doyukai_2005_060221a.pdf,doyukai_2005_060221a,doyukai,経済団体,2030年に向けたわが国のエネルギー戦略 -核燃料サイクルを含む原子力発電の着実な推進と 東アジアにおける環境・エネルギー連携の強化-,2006-02-21,20060221,提言,環境／エネルギー,公開,https://www.doyukai.or.jp/policyproposals/articles/2005/pdf/060221.pdf,2026-09-03,ok,エネルギー・環境|産業政策・成長戦略|通商・国際経済・国際協力,主張・提言
doyukai_2005_060307a.pdf,doyukai_2005_060307a,doyukai,経済団体,企業の社会的責任（CSR）に関する経営者意識調査,2006-03-07,20060307,資料,CSR／サステナビリティ経営、企業経営、調査・アンケート,公開,https://www.doyukai.or.jp/policyproposals/articles/2005/pdf/060307.pdf,2026-09-03,ok,企業経営・ガバナンス・サステナビリティ,内部調査・会員アンケート
doyukai_2006_060523a.pdf,doyukai_2006_060523a,doyukai,経済団体,日本企業のCSR：進捗と展望 - 自己評価レポート2006,2006-05-23,20060523,報告書,CSR／サステナビリティ経営、企業経営,公開,https://www.doyukai.or.jp/policyproposals/articles/2006/pdf/060523b.pdf,2026-09-03,ok,企業経営・ガバナンス・サステナビリティ,内部調査・会員アンケート
doyukai_2006_070404a.pdf,doyukai_2006_070404a,doyukai,経済団体,真に地球規模で実効性ある枠組みを —ポスト京都議定書の国際的枠組みに関する意見—,2007-04-04,20070404,意見,環境／エネルギー,公開,https://www.doyukai.or.jp/policyproposals/articles/2006/pdf/070404.pdf,2026-09-03,ok,エネルギー・環境|通商・国際経済・国際協力,主張・提言
doyukai_2007_070530a.pdf,doyukai_2007_070530a,doyukai,経済団体,CSRイノベーション-事業活動を通じたCSRによる新たな価値創造- 日本企業のグッド・プラクティス2007,2007-05-30,20070530,提言,CSR／サステナビリティ経営、企業経営,公開,https://www.doyukai.or.jp/policyproposals/articles/2007/pdf/070530b.pdf,2026-09-03,ok,企業経営・ガバナンス・サステナビリティ,主張・提言
doyukai_2007_080121a.pdf,doyukai_2007_080121a,doyukai,経済団体,真に実効性ある政策でリーダーシップを -ポスト京都議定書の国際的枠組みを含む環境エネルギー政策への提言-,2008-01-21,20080121,提言,環境／エネルギー,公開,https://www.doyukai.or.jp/policyproposals/articles/2007/pdf/080121b.pdf,2026-09-03,ok,エネルギー・環境|通商・国際経済・国際協力|産業政策・成長戦略,主張・提言
doyukai_2007_080422a.pdf,doyukai_2007_080422a,doyukai,経済団体,&lt;洞爺湖サミットに向けた意見&gt; 世界と価値観を共有し、地球規模課題に向けて 先進国として責任あるコミットメントを示す,2008-04-22,20080422,意見,外交・国際問題、環境／エネルギー,公開,https://www.doyukai.or.jp/policyproposals/articles/2007/pdf/080422b.pdf,2026-09-03,ok,外交・安全保障・経済安全保障|エネルギー・環境|通商・国際経済・国際協力,主張・提言
doyukai_2008_080529a.pdf,doyukai_2008_080529a,doyukai,経済団体,価値創造型CSRによる社会変革 &#xff5e;社会からの信頼と社会的課題に応えるCSRへ&#xff5e;,2008-05-29,20080529,提言,CSR／サステナビリティ経営、企業経営,公開,https://www.doyukai.or.jp/policyproposals/articles/2008/pdf/080529b.pdf,2026-09-03,ok,企業経営・ガバナンス・サステナビリティ,主張・提言
doyukai_2008_090423a.pdf,doyukai_2008_090423a,doyukai,経済団体,今こそ企業家精神あふれる経営の実践を &#xff5e;「三面鏡経営」と「5つのジャパン・ニューディール」の推進による 「未来価値創造型CSR」の展開&#xff5e;,2009-04-23,20090423,提言,CSR／サステナビリティ経営,公開,https://www.doyukai.or.jp/policyproposals/articles/2008/pdf/090423b.pdf,2026-09-03,ok,企業経営・ガバナンス・サステナビリティ|産業政策・成長戦略,主張・提言
doyukai_2009_090518b.pdf,doyukai_2009_090518b,doyukai,経済団体,世界に先駆けた持続的発展を可能にする社会づくりを,2009-05-18,20090518,提言,環境／エネルギー,公開,https://www.doyukai.or.jp/policyproposals/articles/2009/pdf/090518b.pdf,2026-09-03,ok,エネルギー・環境|外交・安全保障・経済安全保障,主張・提言
doyukai_2009_091117a.pdf,doyukai_2009_091117a,doyukai,経済団体,COP15に向けて,2009-11-17,20091117,提言,環境／エネルギー,公開,https://www.doyukai.or.jp/policyproposals/articles/2009/pdf/091117a.pdf,2026-09-03,ok,エネルギー・環境|外交・安全保障・経済安全保障,主張・提言
doyukai_2009_100223a.pdf,doyukai_2009_100223a,doyukai,経済団体,地球温暖化対策基本法案に関する意見,2010-02-23,20100223,意見,環境／エネルギー,公開,https://www.doyukai.or.jp/policyproposals/articles/2009/pdf/100223a.pdf,2026-09-03,ok,エネルギー・環境|マクロ経済・経済財政運営,主張・提言
doyukai_2010_100413a.pdf,doyukai_2010_100413a,doyukai,経済団体,日本企業のCSR&nbsp;&ndash;&nbsp;進化の軌跡&nbsp;&ndash;&nbsp;「自己評価レポート2010」,2010-04-13,20100413,報告書,CSR／サステナビリティ経営、企業経営,公開,https://www.doyukai.or.jp/policyproposals/articles/2010/pdf/100413b.pdf,2026-09-03,ok,企業経営・ガバナンス・サステナビリティ,内部調査・会員アンケート
doyukai_2010_101130a.pdf,doyukai_2010_101130a,doyukai,経済団体,COP16に向けた意見,2010-11-30,20101130,意見,環境／エネルギー,公開,https://www.doyukai.or.jp/policyproposals/articles/2010/pdf/101130a.pdf,2026-09-03,ok,エネルギー・環境|通商・国際経済・国際協力,主張・提言
doyukai_2014_141217b.pdf,doyukai_2014_141217b,doyukai,経済団体,地球温暖化対策税の使途拡大に反対する（113団体）,2014-12-17,20141217,提言,環境／エネルギー、税制,公開,https://www.doyukai.or.jp/policyproposals/articles/2014/pdf/141217b.pdf,2026-09-03,ok,エネルギー・環境|税制・財政,主張・提言
doyukai_2014_140528a.pdf,doyukai_2014_140528a,doyukai,経済団体,エネルギー問題に関する緊急提言(経済3団体),2014-05-28,20140528,提言,環境／エネルギー,公開,https://www.doyukai.or.jp/policyproposals/articles/2014/pdf/140528a.pdf,2026-09-03,ok,エネルギー・環境|マクロ経済・経済財政運営,主張・提言
doyukai_2014_140514a.pdf,doyukai_2014_140514a,doyukai,経済団体,日本企業のCSR-自己評価レポート2014,2014-05-14,20140514,報告書,CSR／サステナビリティ経営,公開,https://www.doyukai.or.jp/policyproposals/articles/2014/pdf/140514a.pdf,2026-09-03,ok,企業経営・ガバナンス・サステナビリティ,内部調査・会員アンケート
doyukai_2014_140410a.pdf,doyukai_2014_140410a,doyukai,経済団体,エネルギー自立社会と低炭素社会の構築 ――課題の整理と提言――,2014-04-10,20140410,提言,環境／エネルギー,公開,https://www.doyukai.or.jp/policyproposals/articles/2014/pdf/140410a.pdf,2026-09-03,ok,エネルギー・環境|産業政策・成長戦略,主張・提言
doyukai_2013_140106a.pdf,doyukai_2013_140106a,doyukai,経済団体,「エネルギー基本計画に対する意見」について（パブリック・コメント）,2014-01-06,20140106,意見,環境／エネルギー,公開,https://www.doyukai.or.jp/policyproposals/articles/2013/pdf/140106a.pdf,2026-09-03,ok,エネルギー・環境|マクロ経済・経済財政運営,主張・提言
doyukai_2013_130724a.pdf,doyukai_2013_130724a,doyukai,経済団体,環境・エネルギーを軸とした持続可能な社会の実現に向けて（中間報告）,2013-07-24,20130724,提言,環境／エネルギー,公開,https://www.doyukai.or.jp/policyproposals/articles/2013/pdf/130724a_02.pdf,2026-09-03,ok,エネルギー・環境,主張・提言
doyukai_2012_120808a.pdf,doyukai_2012_120808a,doyukai,経済団体,「エネルギー・環境に関する選択肢」に対する意見 （パブリック・コメント）,2012-08-08,20120808,意見,環境／エネルギー,公開,https://www.doyukai.or.jp/policyproposals/articles/2012/pdf/120808a.pdf,2026-09-03,ok,エネルギー・環境,主張・提言
doyukai_2012_120613a.pdf,doyukai_2012_120613a,doyukai,経済団体,社会益共創企業への進化 &#65374;持続可能な社会と企業の相乗発展を目指して&#65374;,2012-06-13,20120613,提言,CSR／サステナビリティ経営、企業経営,公開,https://www.doyukai.or.jp/policyproposals/articles/2012/pdf/120613a.pdf,2026-09-03,ok,企業経営・ガバナンス・サステナビリティ,主張・提言
doyukai_2012_120417c.pdf,doyukai_2012_120417c,doyukai,経済団体,需要側のイノベーションで実現する低炭素社会づくり &#xff5e;「ハード」「ソフト」「マインド」を軸として&#xff5e;,2012-04-17,20120417,提言,環境／エネルギー,公開,https://www.doyukai.or.jp/policyproposals/articles/2012/pdf/120417c.pdf,2026-09-03,ok,エネルギー・環境|人材・教育|産業政策・成長戦略,主張・提言
doyukai_2011_111118a.pdf,doyukai_2011_111118a,doyukai,経済団体,需要者の視点で電力システムのイノベーションを,2011-11-18,20111118,提言,イノベーション／研究開発、環境／エネルギー,公開,https://www.doyukai.or.jp/policyproposals/articles/2011/pdf/111118a.pdf,2026-09-03,ok,エネルギー・環境|産業政策・成長戦略|行政改革・規制改革,主張・提言
doyukai_2011_110404a.pdf,doyukai_2011_110404a,doyukai,経済団体,グローバル時代のCSR -変化する社会の期待に応え、競争力を高める-,2011-04-04,20110404,提言,CSR／サステナビリティ経営、企業経営,公開,https://www.doyukai.or.jp/policyproposals/articles/2010/pdf/110404a_02.pdf,2026-09-03,ok,企業経営・ガバナンス・サステナビリティ|通商・国際経済・国際協力,主張・提言
doyukai_2015_151125a.pdf,doyukai_2015_151125a,doyukai,経済団体,COP21に向けて,2015-11-25,20151125,提言,環境／エネルギー,公開,https://www.doyukai.or.jp/policyproposals/articles/2015/pdf/151125a.pdf,2026-09-03,ok,エネルギー・環境|外交・安全保障・経済安全保障|マクロ経済・経済財政運営,主張・提言
doyukai_2014_150324a.pdf,doyukai_2014_150324a,doyukai,経済団体,わが国における原発のあり方 ――豊かな国民生活を支えるベースロード電源として社会に受容されるために――,2015-03-24,20150324,提言,環境／エネルギー、規制・制度改革,公開,https://www.doyukai.or.jp/policyproposals/articles/2014/pdf/150324a.pdf,2026-09-03,ok,エネルギー・環境|産業政策・成長戦略|行政改革・規制改革,主張・提言
doyukai_2008_080513a.pdf,doyukai_2008_080513a,doyukai,経済団体,サービス産業がリードする豊かな経済社会 —市場機能の貫徹と生産性の向上—,2008-05-13,20080513,提言,サービス産業,公開,https://www.doyukai.or.jp/policyproposals/articles/2008/pdf/080513b.pdf,2026-09-03,ok,産業政策・成長戦略|中小企業|デジタル・情報通信,主張・提言
doyukai_2008_090409a.pdf,doyukai_2008_090409a,doyukai,経済団体,サービス産業の生産性を高める3つの改革 &#xff5e;「規制&quot;デザイン&quot;改革」「働き方の変革」、そして「真の開国」を&#xff5e;,2009-04-09,20090409,提言,サービス産業、人材、規制・制度改革,公開,https://www.doyukai.or.jp/policyproposals/articles/2008/pdf/090409b.pdf,2026-09-03,ok,行政改革・規制改革|産業政策・成長戦略|労働・雇用,主張・提言
doyukai_2011_110602a.pdf,doyukai_2011_110602a,doyukai,経済団体,サービス化経済の推進で日本経済の再成長を！ &mdash;サービス産業経営者は、更に研鑚を積んで、日本経済をリードせよ！&mdash;,2011-06-02,20110602,提言,サービス産業,公開,https://www.doyukai.or.jp/policyproposals/articles/2011/pdf/110602a.pdf,2026-09-03,ok,産業政策・成長戦略|地域経済・観光・地方創生,主張・提言
doyukai_2015_160328b.pdf,doyukai_2015_160328b,doyukai,経済団体,「新卒・既卒ワンプール／通年採用」の 定着に向けて,2016-03-28,20160328,提言,人材、雇用・労働,公開,https://www.doyukai.or.jp/policyproposals/articles/2015/pdf/160328b.pdf,2026-09-03,ok,労働・雇用|人材・教育,主張・提言
doyukai_2015_150402a.pdf,doyukai_2015_150402a,doyukai,経済団体,これからの企業・社会が求める人材像と大学への期待 &#xff5e;個人の資質能力を高め、組織を活かした競争力の向上&#xff5e;,2015-04-02,20150402,提言,人材、教育,公開,https://www.doyukai.or.jp/policyproposals/articles/2015/pdf/150402a_02.pdf,2026-09-03,ok,人材・教育,主張・提言
doyukai_2014_140507a.pdf,doyukai_2014_140507a,doyukai,経済団体,新陳代謝を促進するスマート・レギュレーションで生産性を飛躍させよ,2014-05-07,20140507,提言,サービス産業、規制・制度改革,公開,https://www.doyukai.or.jp/policyproposals/articles/2014/pdf/140507a.pdf,2026-09-03,ok,産業政策・成長戦略|行政改革・規制改革,主張・提言
doyukai_2013_130422a.pdf,doyukai_2013_130422a,doyukai,経済団体,実用的な英語力を問う大学入試の実現を &#xff5e;初等・中等教育の英語教育改革との接続と国際標準化&#xff5e;,2013-04-22,20130422,提言,人材、教育,公開,https://www.doyukai.or.jp/policyproposals/articles/2013/pdf/130422a_01.pdf,2026-09-03,ok,人材・教育,主張・提言
doyukai_2013_130403a.pdf,doyukai_2013_130403a,doyukai,経済団体,大学評価制度の新段階 &mdash;有為な人材の育成のために好循環サイクルの構築を&mdash;,2013-04-03,20130403,提言,人材、教育,公開,https://www.doyukai.or.jp/policyproposals/articles/2013/pdf/130403a.pdf,2026-09-03,ok,人材・教育,主張・提言
doyukai_2012_120514a.pdf,doyukai_2012_120514a,doyukai,経済団体,学び、世界に打って出て、日本式サービスをブランド化しよう -日本のサービス産業経営者よ、世界を変革せよ！-,2012-05-14,20120514,提言,サービス産業、企業経営,公開,https://www.doyukai.or.jp/policyproposals/articles/2012/pdf/120514a.pdf,2026-09-03,ok,産業政策・成長戦略|通商・国際経済・国際協力|企業経営・ガバナンス・サステナビリティ,主張・提言
doyukai_2011_120326a.pdf,doyukai_2011_120326a,doyukai,経済団体,私立大学におけるガバナンス改革 -高等教育の質の向上を目指して-,2012-03-26,20120326,提言,企業法制／ガバナンス、教育,公開,https://www.doyukai.or.jp/policyproposals/articles/2011/pdf/120326a_01.pdf,2026-09-03,ok,人材・教育|企業経営・ガバナンス・サステナビリティ,主張・提言
doyukai_2006_070301a.pdf,doyukai_2006_070301a,doyukai,経済団体,教育の視点から大学を変える —日本のイノベーションを担う人材育成に向けて—,2007-03-01,20070301,提言,イノベーション／研究開発、人材、教育,公開,https://www.doyukai.or.jp/policyproposals/articles/2006/pdf/070301.pdf,2026-09-03,ok,人材・教育|イノベーション・科学技術・スタートアップ,主張・提言
doyukai_2009_100325a.pdf,doyukai_2009_100325a,doyukai,経済団体,経済格差を教育格差に繋げないために —高等教育の機会均等に向けて—,2010-03-26,20100326,提言,人材、教育,公開,https://www.doyukai.or.jp/policyproposals/articles/2009/pdf/100325b.pdf,2026-09-03,ok,人材・教育|こども・子育て・人口|社会保障（年金・医療・介護）,主張・提言
doyukai_1997_970916_2.pdf,doyukai_1997_970916_2,doyukai,経済団体,自由民主党の商法に関する小委員会 「コーポレート・ガバナンスに関する商法等改正試案骨子」（平成9年9月8日）について,1997-09-16,19970916,提言,企業法制／ガバナンス、企業経営,公開,https://www.doyukai.or.jp/policyproposals/articles/1997/pdf/970916b.pdf,2026-09-03,ok,企業経営・ガバナンス・サステナビリティ|政治・統治機構・憲法,主張・提言
doyukai_1996_970109.pdf,doyukai_1996_970109,doyukai,経済団体,市場主義宣言 — 21世紀へのアクション・プログラム —,1997-01-09,19970109,提言,国家ビジョン、行政改革,公開,https://www.doyukai.or.jp/policyproposals/articles/1996/pdf/970109a.pdf,2026-09-03,ok,行政改革・規制改革|マクロ経済・経済財政運営|企業経営・ガバナンス・サステナビリティ,主張・提言
doyukai_1995_950531.pdf,doyukai_1995_950531,doyukai,経済団体,21世紀初頭の世界の枠組みと日本の役割 — 「グローバル・ガバナンス」の時代に向けて —,1995-05-26,19950526,提言,外交・国際問題,公開,https://www.doyukai.or.jp/policyproposals/articles/1995/pdf/950531a.pdf,2026-09-03,ok,外交・安全保障・経済安全保障|通商・国際経済・国際協力|政治・統治機構・憲法,主張・提言
doyukai_1995_960119.pdf,doyukai_1995_960119,doyukai,経済団体,地域に根ざした防災システムの構築と企業市民の役割 — 中間報告 —,1996-01-19,19960119,提言,企業法制／ガバナンス、行政改革,公開,https://www.doyukai.or.jp/policyproposals/articles/1995/pdf/960119a.pdf,2026-09-03,ok,国土・住宅・交通・防災|地域経済・観光・地方創生|企業経営・ガバナンス・サステナビリティ,主張・提言
doyukai_1996_960507.pdf,doyukai_1996_960507,doyukai,経済団体,個が活き活きと輝き集う、多縁社会ニッポン — 21世紀を担う人々へのメッセージ —,1996-05-07,19960507,提言,国家ビジョン,公開,https://www.doyukai.or.jp/policyproposals/articles/1996/pdf/960507a.pdf,2026-09-03,ok,政治・統治機構・憲法|労働・雇用|多様性・人権・ジェンダー,主張・提言
doyukai_1996_960514.pdf,doyukai_1996_960514,doyukai,経済団体,安心の回復と安全の確保に向けて,1996-05-14,19960514,提言,企業法制／ガバナンス、安全保障／経済安全保障,公開,https://www.doyukai.or.jp/policyproposals/articles/1996/pdf/960514a.pdf,2026-09-03,ok,政治・統治機構・憲法,主張・提言
doyukai_1997_970625.pdf,doyukai_1997_970625,doyukai,経済団体,「市場中心の経済システム」にむけた業界団体の役割 - 自立し開かれた小さな業界団体を目指して -,1997-06-25,19970625,提言,規制・制度改革,公開,https://www.doyukai.or.jp/policyproposals/articles/1997/pdf/970625a.pdf,2026-09-03,ok,行政改革・規制改革|企業経営・ガバナンス・サステナビリティ,主張・提言
doyukai_1997_970731.pdf,doyukai_1997_970731,doyukai,経済団体,土地からの日本の改革 - 21世紀に向けた土地政策の転換 -,1997-07-31,19970731,提言,規制・制度改革,公開,https://www.doyukai.or.jp/policyproposals/articles/1997/pdf/970731a.pdf,2026-09-03,ok,国土・住宅・交通・防災|税制・財政|行政改革・規制改革,主張・提言
doyukai_1999_990630a.pdf,doyukai_1999_990630a,doyukai,経済団体,志ある人々の集う国 -志を育て、尊重し、達成できる新しい日本を目指して-,1999-06-30,19990630,提言,国家ビジョン,公開,https://www.doyukai.or.jp/policyproposals/articles/1999/pdf/990630.pdf,2026-09-03,ok,政治・統治機構・憲法|労働・雇用|行政改革・規制改革,主張・提言
doyukai_1999_991126a.pdf,doyukai_1999_991126a,doyukai,経済団体,司法制度改革審議会に望む,1999-11-26,19991126,提言,規制・制度改革,公開,https://www.doyukai.or.jp/policyproposals/articles/1999/pdf/991126a.pdf,2026-09-03,ok,政治・統治機構・憲法|行政改革・規制改革,主張・提言
doyukai_2000_000524a.pdf,doyukai_2000_000524a,doyukai,経済団体,都市問題委員会・中間報告 提言：「求められる発想の転換」 - 情報化進展のインパクトを踏まえた都市政策を -,2000-05-24,20000524,提言,デジタル化／IT、地域経済,公開,https://www.doyukai.or.jp/policyproposals/articles/2000/pdf/000524a_01.pdf,2026-09-03,ok,国土・住宅・交通・防災|デジタル・情報通信|地域経済・観光・地方創生,主張・提言
doyukai_2000_000705a.pdf,doyukai_2000_000705a,doyukai,経済団体,司法制度改革審議会に望む（第2次） わが国司法の人的基盤改革のビジョンと具体策 -「成長・発展型」実務法律家の養成をめざして-,2000-07-05,20000705,提言,教育、規制・制度改革,公開,https://www.doyukai.or.jp/policyproposals/articles/2000/pdf/000705a_01.pdf,2026-09-03,ok,行政改革・規制改革|政治・統治機構・憲法|人材・教育,主張・提言
doyukai_2000_001205a.pdf,doyukai_2000_001205a,doyukai,経済団体,司法制度改革審議会「中間報告」に対するコメント,2000-12-05,20001205,意見,規制・制度改革,公開,https://www.doyukai.or.jp/policyproposals/articles/2000/pdf/001205a_01.pdf,2026-09-03,ok,政治・統治機構・憲法|行政改革・規制改革,主張・提言
doyukai_2000_001225a.pdf,doyukai_2000_001225a,doyukai,経済団体,21世紀宣言,2000-12-25,20001225,提言,国家ビジョン,公開,https://www.doyukai.or.jp/policyproposals/articles/2000/pdf/001225a_01.pdf,2026-09-03,ok,政治・統治機構・憲法|企業経営・ガバナンス・サステナビリティ|外交・安全保障・経済安全保障,主張・提言
doyukai_2000_010220b.pdf,doyukai_2000_010220b,doyukai,経済団体,デジタルネットワーク社会における都市づくり &#xff5e;“参加と選択”による政策形成モデルの提案&#xff5e;,2001-02-20,20010220,提言,デジタル化／IT、地域経済,公開,https://www.doyukai.or.jp/policyproposals/articles/2000/pdf/010220A.pdf,2026-09-03,ok,国土・住宅・交通・防災|デジタル・情報通信|行政改革・規制改革,主張・提言
doyukai_2001_010612a.txt,doyukai_2001_010612a,doyukai,経済団体,司法制度改革審議会「最終意見」についてのコメント,2001-06-12,20010612,意見,規制・制度改革,公開,https://www.doyukai.or.jp/policyproposals/2001/010612a.html,2026-09-03,html_text,行政改革・規制改革|政治・統治機構・憲法,主張・提言
doyukai_2001_010925a.pdf,doyukai_2001_010925a,doyukai,経済団体,郵貯改革についての提言（中間報告）,2001-09-25,20010925,提言,行政改革,公開,https://www.doyukai.or.jp/policyproposals/articles/2001/pdf/010925.pdf,2026-09-03,ok,金融・資本市場|行政改革・規制改革|マクロ経済・経済財政運営,主張・提言
doyukai_2001_011127a.pdf,doyukai_2001_011127a,doyukai,経済団体,郵政事業の公社化に関する研究会中間報告骨子案に対するパブリックコメント,2001-11-27,20011127,意見,行政改革,公開,https://www.doyukai.or.jp/policyproposals/articles/2001/pdf/011127.pdf,2026-09-03,ok,行政改革・規制改革|政治・統治機構・憲法|金融・資本市場,主張・提言
doyukai_2001_020422a.pdf,doyukai_2001_020422a,doyukai,経済団体,憲法問題調査会活動報告書,2002-04-22,20020422,報告書,憲法,公開,https://www.doyukai.or.jp/policyproposals/articles/2001/pdf/020422.pdf,2026-09-03,ok,政治・統治機構・憲法|外交・安全保障・経済安全保障,内部調査・会員アンケート
doyukai_2002_020617a.pdf,doyukai_2002_020617a,doyukai,経済団体,「個人が主役となる社会」を目指して -新しい日本を目指す既存システムの破壊-,2002-06-17,20020617,提言,規制・制度改革,公開,https://www.doyukai.or.jp/policyproposals/articles/2002/pdf/020617.pdf,2026-09-03,ok,労働・雇用|金融・資本市場|税制・財政,主張・提言
doyukai_2002_030421a.pdf,doyukai_2002_030421a,doyukai,経済団体,自立した個人、自立した国たるために（憲法問題調査会意見書）,2003-04-21,20030421,意見,憲法,公開,https://www.doyukai.or.jp/policyproposals/articles/2002/pdf/030421.pdf,2026-09-03,ok,政治・統治機構・憲法|外交・安全保障・経済安全保障,主張・提言
doyukai_2003_031216a.txt,doyukai_2003_031216a,doyukai,経済団体,道路四公団改革は「民営化推進委員会意見書」に基づき決定を &lt;道路四公団民営化案に関する考え方&gt;,2003-12-16,20031216,意見,規制・制度改革,公開,https://www.doyukai.or.jp/policyproposals/2003/031216a.html,2026-09-03,html_text,国土・住宅・交通・防災|行政改革・規制改革,主張・提言
doyukai_2003_040113a.pdf,doyukai_2003_040113a,doyukai,経済団体,郵政民営化についての経済同友会の考え方,2004-01-13,20040113,提言,行政改革,公開,https://www.doyukai.or.jp/policyproposals/articles/2003/pdf/040113.pdf,2026-09-03,ok,行政改革・規制改革|金融・資本市場|政治・統治機構・憲法,主張・提言
doyukai_2003_030805a.txt,doyukai_2003_030805a,doyukai,経済団体,日墨経済連携協定の早期締結を求める,2003-08-05,20030805,提言,貿易／経済連携,公開,https://www.doyukai.or.jp/policyproposals/2003/030805a.html,2026-09-03,html_text,通商・国際経済・国際協力|産業政策・成長戦略,主張・提言
doyukai_2003_031201a.pdf,doyukai_2003_031201a,doyukai,経済団体,「独占禁止法研究会報告書」に対する意見,2003-12-01,20031201,意見,企業法制／ガバナンス,公開,https://www.doyukai.or.jp/policyproposals/articles/2003/pdf/031201.pdf,2026-09-03,ok,行政改革・規制改革|企業経営・ガバナンス・サステナビリティ,主張・提言
doyukai_2003_040303a.pdf,doyukai_2003_040303a,doyukai,経済団体,国民全体の利益につながる郵政民営化実現を望む,2004-03-03,20040303,提言,行政改革,公開,https://www.doyukai.or.jp/policyproposals/articles/2003/pdf/040303.pdf,2026-09-03,ok,行政改革・規制改革|金融・資本市場|政治・統治機構・憲法,主張・提言
doyukai_2004_040528a.pdf,doyukai_2004_040528a,doyukai,経済団体,法科大学院設置を踏まえた司法試験制度の見直しに関する意見,2004-05-28,20040528,意見,規制・制度改革,公開,https://www.doyukai.or.jp/policyproposals/articles/2004/pdf/040528_01.pdf,2026-09-03,ok,行政改革・規制改革|政治・統治機構・憲法|人材・教育,主張・提言
doyukai_2004_040623a.pdf,doyukai_2004_040623a,doyukai,経済団体,「住宅価値」最大化による内需拡大の実現を,2004-06-23,20040623,提言,マクロ経済,公開,https://www.doyukai.or.jp/policyproposals/articles/2004/pdf/040623_01.pdf,2026-09-03,ok,国土・住宅・交通・防災|マクロ経済・経済財政運営|金融・資本市場,主張・提言
doyukai_2004_040624a.pdf,doyukai_2004_040624a,doyukai,経済団体,「独占禁止法改正案の概要」に対する意見 — 自由で公正な、活力ある経済社会の実現に向けて —,2004-06-24,20040624,意見,企業法制／ガバナンス,公開,https://www.doyukai.or.jp/policyproposals/articles/2004/pdf/040624_01.pdf,2026-09-03,ok,行政改革・規制改革|企業経営・ガバナンス・サステナビリティ,主張・提言
doyukai_2004_050215a.pdf,doyukai_2004_050215a,doyukai,経済団体,道路関係四公団の民営化会社に関する意見,2005-02-15,20050215,意見,規制・制度改革,公開,https://www.doyukai.or.jp/policyproposals/articles/2004/pdf/050215_01.pdf,2026-09-03,ok,国土・住宅・交通・防災|行政改革・規制改革|企業経営・ガバナンス・サステナビリティ,主張・提言
doyukai_2004_050328a.pdf,doyukai_2004_050328a,doyukai,経済団体,政府・自民党間の郵政民営化協議に対する意見,2005-03-28,20050328,意見,政治、行政改革,公開,https://www.doyukai.or.jp/policyproposals/articles/2004/pdf/050328.pdf,2026-09-03,ok,行政改革・規制改革|金融・資本市場|政治・統治機構・憲法,主張・提言
doyukai_2004_040902a.pdf,doyukai_2004_040902a,doyukai,経済団体,郵政民営化基本方針への意見,2004-09-02,20040902,意見,行政改革,公開,https://www.doyukai.or.jp/policyproposals/articles/2004/pdf/040902_01.pdf,2026-09-03,ok,行政改革・規制改革|金融・資本市場|企業経営・ガバナンス・サステナビリティ,主張・提言
doyukai_2004_050106a.pdf,doyukai_2004_050106a,doyukai,経済団体,基本方針に沿った郵政民営化の実現を,2005-01-06,20050106,提言,行政改革,公開,https://www.doyukai.or.jp/policyproposals/articles/2004/pdf/050106_01.pdf,2026-09-03,ok,行政改革・規制改革|政治・統治機構・憲法|産業政策・成長戦略,主張・提言
doyukai_2004_050304a.pdf,doyukai_2004_050304a,doyukai,経済団体,魅力ある日本の再生を促すTPLS組織,2005-03-04,20050304,提言,国家ビジョン,公開,https://www.doyukai.or.jp/policyproposals/articles/2004/pdf/050304_01.pdf,2026-09-03,ok,社会保障（年金・医療・介護）|産業政策・成長戦略,主張・提言
doyukai_2004_050404a.pdf,doyukai_2004_050404a,doyukai,経済団体,対内直接投資拡大に関するプロジェクト・チーム提言 -国民生活の向上に資する対日直接投資の推進を-,2005-04-04,20050404,提言,貿易／経済連携,公開,https://www.doyukai.or.jp/policyproposals/articles/2004/pdf/050404.pdf,2026-09-03,ok,通商・国際経済・国際協力|企業経営・ガバナンス・サステナビリティ|社会保障（年金・医療・介護）,主張・提言
doyukai_2005_050513a.pdf,doyukai_2005_050513a,doyukai,経済団体,開かれた公務員制度の構築を,2005-05-13,20050513,提言,行政改革,公開,https://www.doyukai.or.jp/policyproposals/articles/2005/pdf/050513.pdf,2026-09-03,ok,行政改革・規制改革|政治・統治機構・憲法,主張・提言
doyukai_2005_051024a.pdf,doyukai_2005_051024a,doyukai,経済団体,日ロ・ビジネス関係の促進のために -プーチン大統領訪日を機に-,2005-10-24,20051024,提言,外交・国際問題,公開,https://www.doyukai.or.jp/policyproposals/articles/2005/pdf/051024.pdf,2026-09-03,ok,通商・国際経済・国際協力|外交・安全保障・経済安全保障,主張・提言
doyukai_2005_060404a.pdf,doyukai_2005_060404a,doyukai,経済団体,今こそ「日本ブランド」の構築を,2006-04-04,20060404,提言,国家ビジョン、観光,公開,https://www.doyukai.or.jp/policyproposals/articles/2005/pdf/060404.pdf,2026-09-03,ok,地域経済・観光・地方創生|通商・国際経済・国際協力|産業政策・成長戦略,主張・提言
doyukai_2005_060207a.pdf,doyukai_2005_060207a,doyukai,経済団体,今後の日本の国際協力について - 日本型モデルの提示を -,2006-02-07,20060207,提言,国際開発・協力,公開,https://www.doyukai.or.jp/policyproposals/articles/2005/pdf/060207.pdf,2026-09-03,ok,通商・国際経済・国際協力|外交・安全保障・経済安全保障,主張・提言
doyukai_2006_060630a.pdf,doyukai_2006_060630a,doyukai,経済団体,人口減少社会にどう対応するか —2050年までの日本を考える—,2006-06-30,20060630,提言,マクロ経済、国家ビジョン,公開,https://www.doyukai.or.jp/policyproposals/articles/2006/pdf/060630b.pdf,2026-09-03,ok,こども・子育て・人口|マクロ経済・経済財政運営|社会保障（年金・医療・介護）,主張・提言
doyukai_2006_061019a.pdf,doyukai_2006_061019a,doyukai,経済団体,創造的高齢化社会 —日本とフィンランドからの視点—,2006-10-19,20061019,提言,社会保障,公開,https://www.doyukai.or.jp/policyproposals/articles/2006/pdf/061019.pdf,2026-09-03,ok,社会保障（年金・医療・介護）|地域経済・観光・地方創生|通商・国際経済・国際協力,主張・提言
doyukai_2006_061019b.pdf,doyukai_2006_061019b,doyukai,経済団体,第20回民間経済団体国際会議：共同声明,2006-10-19,20061019,提言,海外視察／国際会議,公開,https://www.doyukai.or.jp/policyproposals/articles/2006/pdf/061019b.pdf,2026-09-03,ok,通商・国際経済・国際協力|マクロ経済・経済財政運営,主張・提言
doyukai_2006_070130a.pdf,doyukai_2006_070130a,doyukai,経済団体,「郵便貯金銀行および郵便保険会社の新規業務の調査審議に関する所見」に関する意見,2007-01-30,20070130,意見,行政改革、規制・制度改革,公開,https://www.doyukai.or.jp/policyproposals/articles/2006/pdf/070130.pdf,2026-09-03,ok,金融・資本市場|行政改革・規制改革,主張・提言
doyukai_2006_070329a.pdf,doyukai_2006_070329a,doyukai,経済団体,これからの経済社会を展望した格差議論を,2007-03-29,20070329,提言,マクロ経済,公開,https://www.doyukai.or.jp/policyproposals/articles/2006/pdf/070329.pdf,2026-09-03,ok,労働・雇用|マクロ経済・経済財政運営|人材・教育,主張・提言
doyukai_2007_070713b.pdf,doyukai_2007_070713b,doyukai,経済団体,独立行政法人の徹底した見直しを &#xff5e;『整理合理化計画の具体的な策定方針』の決定に向けて&#xff5e;,2007-07-13,20070713,提言,行政改革,公開,https://www.doyukai.or.jp/policyproposals/articles/2007/pdf/070713b.pdf,2026-09-03,ok,行政改革・規制改革|マクロ経済・経済財政運営|税制・財政,主張・提言
doyukai_2007_071030a.pdf,doyukai_2007_071030a,doyukai,経済団体,独立行政法人整理合理化計画の策定に向けて,2007-10-30,20071030,提言,行政改革,公開,https://www.doyukai.or.jp/policyproposals/articles/2007/pdf/071030a.pdf,2026-09-03,ok,行政改革・規制改革|農林水産・食料|金融・資本市場,主張・提言
doyukai_2007_071121a.pdf,doyukai_2007_071121a,doyukai,経済団体,独立行政法人の合理化・効率化を求める &#xff5e;独立行政法人整理合理化計画の策定に向けてII&#xff5e;,2007-11-21,20071121,提言,行政改革,公開,https://www.doyukai.or.jp/policyproposals/articles/2007/pdf/071121a.pdf,2026-09-03,ok,行政改革・規制改革|政治・統治機構・憲法,主張・提言
doyukai_2008_080515a.pdf,doyukai_2008_080515a,doyukai,経済団体,21世紀型社会先進ロールモデル 「ユビキタスネットワーク社会」の構築に向けて &#xff5e;ITによる経済・政治の変革への挑戦&#xff5e;,2008-05-15,20080515,提言,デジタル化／IT、行政改革,公開,https://www.doyukai.or.jp/policyproposals/articles/2008/pdf/080515b.pdf,2026-09-03,ok,デジタル・情報通信|産業政策・成長戦略|行政改革・規制改革,主張・提言
doyukai_2008_080522a.pdf,doyukai_2008_080522a,doyukai,経済団体,消費活性化が経済成長を促す,2008-05-22,20080522,提言,マクロ経済,公開,https://www.doyukai.or.jp/policyproposals/articles/2008/pdf/080522a.pdf,2026-09-03,ok,マクロ経済・経済財政運営|労働・雇用|地域経済・観光・地方創生,主張・提言
doyukai_2008_081030a.pdf,doyukai_2008_081030a,doyukai,経済団体,健全な市場機能による企業と消費者との信頼構築に向けて &#xff5e;消費者行政についての意見&#xff5e;,2008-10-30,20081030,意見,行政改革,公開,https://www.doyukai.or.jp/policyproposals/articles/2008/pdf/081030a.pdf,2026-09-03,ok,行政改革・規制改革|企業経営・ガバナンス・サステナビリティ,主張・提言
doyukai_2008_081127a.pdf,doyukai_2008_081127a,doyukai,経済団体,独占禁止法における審判制度についての意見 —公正取引委員会が担う役割と審判制度の意義—,2008-11-27,20081127,意見,企業法制／ガバナンス、規制・制度改革,公開,https://www.doyukai.or.jp/policyproposals/articles/2008/pdf/081127a.pdf,2026-09-03,ok,行政改革・規制改革|企業経営・ガバナンス・サステナビリティ,主張・提言
doyukai_2008_090316a.pdf,doyukai_2008_090316a,doyukai,経済団体,2008年度ロシア・ミッション&lt;報告書&gt;,2009-03-16,20090316,報告書,外交・国際問題、海外視察／国際会議,公開,https://www.doyukai.or.jp/policyproposals/articles/2008/pdf/090316a.pdf,2026-09-03,ok,通商・国際経済・国際協力,活動記録
doyukai_2009_090518a.pdf,doyukai_2009_090518a,doyukai,経済団体,個人消費社会から時間消費社会へ,2009-05-18,20090518,提言,マクロ経済,公開,https://www.doyukai.or.jp/policyproposals/articles/2009/pdf/090518a.pdf,2026-09-03,ok,マクロ経済・経済財政運営|労働・雇用,主張・提言
doyukai_2009_090625a.pdf,doyukai_2009_090625a,doyukai,経済団体,対内直接投資推進委員会活動報告（2005年4月&#xff5e;2009年4月）,2009-06-25,20090625,提言,マクロ経済、貿易／経済連携,公開,https://www.doyukai.or.jp/policyproposals/articles/2009/pdf/090625a.pdf,2026-09-03,ok,通商・国際経済・国際協力|マクロ経済・経済財政運営,活動記録
doyukai_2009_100119a.pdf,doyukai_2009_100119a,doyukai,経済団体,郵政改革に関する意見,2010-01-19,20100119,意見,行政改革、規制・制度改革,公開,https://www.doyukai.or.jp/policyproposals/uploads/docs/0b1bb76fd9e72143c2ea0dfa23adfd46702472b0.pdf,2026-09-03,ok,行政改革・規制改革|金融・資本市場|政治・統治機構・憲法,主張・提言
doyukai_2010_101217a.pdf,doyukai_2010_101217a,doyukai,経済団体,第24回民間経済団体国際会議（提携団体国際会議）&lt;報告書&gt;,2010-12-17,20101217,報告書,海外視察／国際会議,公開,https://www.doyukai.or.jp/policyproposals/articles/2010/pdf/101217a.pdf,2026-09-03,ok,通商・国際経済・国際協力|マクロ経済・経済財政運営,活動記録
doyukai_2010_110218a.pdf,doyukai_2010_110218a,doyukai,経済団体,2010年度ロシア・ミッション &lt;報告書&gt;,2011-02-18,20110218,報告書,外交・国際問題、海外視察／国際会議,公開,https://www.doyukai.or.jp/policyproposals/articles/2010/pdf/110218a.pdf,2026-09-03,ok,通商・国際経済・国際協力|産業政策・成長戦略,活動記録
doyukai_2012_130325a.pdf,doyukai_2012_130325a,doyukai,経済団体,集団的消費者被害回復に係る訴訟制度に関する意見,2013-03-25,20130325,意見,企業法制／ガバナンス,公開,https://www.doyukai.or.jp/policyproposals/articles/2012/pdf/130325a.pdf,2026-09-03,ok,企業経営・ガバナンス・サステナビリティ|行政改革・規制改革|マクロ経済・経済財政運営,主張・提言
doyukai_2012_121225a.pdf,doyukai_2012_121225a,doyukai,経済団体,東日本大震災からの復興の加速化に向けた政治のリーダーシップを求める,2012-12-25,20121225,提言,防災／震災復興,公開,https://www.doyukai.or.jp/policyproposals/articles/2012/pdf/121225b.pdf,2026-09-03,ok,国土・住宅・交通・防災|地域経済・観光・地方創生|中小企業,主張・提言
doyukai_2011_120311a.pdf,doyukai_2011_120311a,doyukai,経済団体,全国経済同友会 東日本大震災追悼シンポジウム 緊急アピール,2012-03-11,20120311,提言,防災／震災復興,公開,https://www.doyukai.or.jp/policyproposals/articles/2011/pdf/120311a.pdf,2026-09-03,ok,国土・住宅・交通・防災|地域経済・観光・地方創生,主張・提言
doyukai_2011_120229b.pdf,doyukai_2011_120229b,doyukai,経済団体,東日本大震災からの復興に向けて &#xFF5E;経済同友会 震災復興プロジェクト・チーム 第2次提言&#xFF5E;,2012-02-29,20120229,提言,防災／震災復興,公開,https://www.doyukai.or.jp/policyproposals/articles/2011/pdf/120229b_02.pdf,2026-09-03,ok,国土・住宅・交通・防災|地域経済・観光・地方創生|行政改革・規制改革,主張・提言
doyukai_2011_110831a.pdf,doyukai_2011_110831a,doyukai,経済団体,経済成長の核としての経済連携戦略 &mdash;TPP交渉への早期参加を突破口に&mdash;,2011-08-31,20110831,提言,貿易／経済連携,公開,https://www.doyukai.or.jp/policyproposals/articles/2011/pdf/110831a.pdf,2026-09-03,ok,通商・国際経済・国際協力|農林水産・食料|産業政策・成長戦略,主張・提言
doyukai_2010_110315a.pdf,doyukai_2010_110315a,doyukai,経済団体,東北地方太平洋沖地震への対応に関する緊急アピール,2011-03-15,20110315,提言,防災／震災復興,公開,https://www.doyukai.or.jp/chairmansmsg/comment/2010/pdf/110315a.pdf,2026-09-03,ok,国土・住宅・交通・防災|マクロ経済・経済財政運営|エネルギー・環境,主張・提言
doyukai_2011_110406a.pdf,doyukai_2011_110406a,doyukai,経済団体,東日本大震災からの復興に向けて &lt;第2次緊急アピール&gt;,2011-04-06,20110406,提言,防災／震災復興,公開,https://www.doyukai.or.jp/policyproposals/articles/2011/pdf/110406a.pdf,2026-09-03,ok,国土・住宅・交通・防災|エネルギー・環境|マクロ経済・経済財政運営,主張・提言
doyukai_2011_110608a.pdf,doyukai_2011_110608a,doyukai,経済団体,新しい東北、新しい日本創生のための5つの視点 -東日本大震災復興計画に関する第1次提言-,2011-06-08,20110608,提言,防災／震災復興,公開,https://www.doyukai.or.jp/policyproposals/articles/2011/pdf/110608a_02.pdf,2026-09-03,ok,国土・住宅・交通・防災|行政改革・規制改革|地域経済・観光・地方創生,主張・提言
doyukai_2011_110624a.pdf,doyukai_2011_110624a,doyukai,経済団体,世界でビジネスに勝つ『もの・ことづくり』を目指して &#xff5e;マーケットから見た『もの・ことづくり』の実践&#xff5e;,2011-06-24,20110624,提言,製造業／ものづくり,公開,https://www.doyukai.or.jp/policyproposals/articles/2011/pdf/110624a_02.pdf,2026-09-03,ok,産業政策・成長戦略|イノベーション・科学技術・スタートアップ|通商・国際経済・国際協力,主張・提言
doyukai_2013_131213a.pdf,doyukai_2013_131213a,doyukai,経済団体,国土強靭化で大規模自然災害に備える &#9472;&#9472;いかにして国民の命を守るか,2013-12-13,20131213,提言,防災／震災復興,公開,https://www.doyukai.or.jp/policyproposals/articles/2013/pdf/131213a.pdf,2026-09-03,ok,国土・住宅・交通・防災|行政改革・規制改革,主張・提言
doyukai_2013_130625a.pdf,doyukai_2013_130625a,doyukai,経済団体,法曹養成制度の在り方に関する意見書,2013-06-25,20130625,意見,規制・制度改革,公開,https://www.doyukai.or.jp/policyproposals/articles/2013/pdf/130625a.pdf,2026-09-03,ok,政治・統治機構・憲法|人材・教育|行政改革・規制改革,主張・提言
doyukai_2012_130325b.pdf,doyukai_2012_130325b,doyukai,経済団体,日本における集団訴訟制度に関する緊急提言（7団体連名）,2013-03-25,20130325,提言,企業法制／ガバナンス,公開,https://www.doyukai.or.jp/policyproposals/articles/2012/pdf/130325b.pdf,2026-09-03,ok,企業経営・ガバナンス・サステナビリティ|行政改革・規制改革|政治・統治機構・憲法,主張・提言
doyukai_2013_140225a.pdf,doyukai_2013_140225a,doyukai,経済団体,国家戦略特区の運営について,2014-02-25,20140225,提言,規制・制度改革,公開,https://www.doyukai.or.jp/policyproposals/articles/2013/pdf/140225a.pdf,2026-09-03,ok,行政改革・規制改革|産業政策・成長戦略|地域経済・観光・地方創生,主張・提言
doyukai_2014_141211a.pdf,doyukai_2014_141211a,doyukai,経済団体,東日本大震災被災地の将来展望を開く &#65374;集中復興期間の最終年度に向けて&#65374;,2014-12-11,20141211,提言,防災／震災復興,公開,https://www.doyukai.or.jp/policyproposals/articles/2014/pdf/141211a.pdf,2026-09-03,ok,国土・住宅・交通・防災|地域経済・観光・地方創生|エネルギー・環境,主張・提言
doyukai_2014_140620a.pdf,doyukai_2014_140620a,doyukai,経済団体,JETプログラム参加者と企業経営者の懇談会＜報告書概要版＞,2014-06-20,20140620,報告書,人材、外交・国際問題,公開,https://www.doyukai.or.jp/policyproposals/articles/2014/pdf/140620a.pdf,2026-09-03,ok,人材・教育|通商・国際経済・国際協力,活動記録
doyukai_2014_140423a.pdf,doyukai_2014_140423a,doyukai,経済団体,経済成長への突破口となる国家戦略特区の積極的な活用を &#xFF5E;「目指す姿」を国民と共有し、改革を加速する&#xFF5E;,2014-04-23,20140423,提言,地域経済、規制・制度改革,公開,https://www.doyukai.or.jp/policyproposals/articles/2014/pdf/140423a.pdf,2026-09-03,ok,行政改革・規制改革|地域経済・観光・地方創生|産業政策・成長戦略,主張・提言
doyukai_2013_140331a.pdf,doyukai_2013_140331a,doyukai,経済団体,道州制推進基本法の早期制定を求める,2014-03-31,20140331,提言,地方行財政、政治,公開,https://www.doyukai.or.jp/policyproposals/articles/2013/pdf/140331a.pdf,2026-09-03,ok,政治・統治機構・憲法|行政改革・規制改革|地域経済・観光・地方創生,主張・提言
doyukai_2013_131007a.pdf,doyukai_2013_131007a,doyukai,経済団体,全国経済同友会震災復興部会 意見書 「東日本大震災からの復興の加速に向けて」,2013-10-07,20131007,意見,防災／震災復興,公開,https://www.doyukai.or.jp/policyproposals/articles/2013/pdf/131007a.pdf,2026-09-03,ok,国土・住宅・交通・防災|地域経済・観光・地方創生|労働・雇用,主張・提言
doyukai_2014_150330a.pdf,doyukai_2014_150330a,doyukai,経済団体,監査監督機関国際フォーラム（IFIAR） 恒久的事務局の東京誘致について,2015-03-30,20150330,提言,外交・国際問題,公開,https://www.doyukai.or.jp/policyproposals/articles/2014/pdf/150330a.pdf,2026-09-03,ok,金融・資本市場|通商・国際経済・国際協力|企業経営・ガバナンス・サステナビリティ,主張・提言
doyukai_2014_150130a.pdf,doyukai_2014_150130a,doyukai,経済団体,知日派・親日派拡大PT 長崎訪問＜報告書＞,2015-01-30,20150130,報告書,外交・国際問題,公開,https://www.doyukai.or.jp/policyproposals/articles/2014/pdf/150130a.pdf,2026-09-03,ok,通商・国際経済・国際協力|人材・教育,活動記録
doyukai_2014_141125a.pdf,doyukai_2014_141125a,doyukai,経済団体,「開発協力大綱案」についての意見（パブリック・コメント）,2014-11-25,20141125,意見,国際開発・協力,公開,https://www.doyukai.or.jp/policyproposals/articles/2014/pdf/141125a.pdf,2026-09-03,ok,通商・国際経済・国際協力|外交・安全保障・経済安全保障,主張・提言
doyukai_2014_140509b.pdf,doyukai_2014_140509b,doyukai,経済団体,社会のニーズに質・量の両面から応える法曹の育成を,2014-05-09,20140509,提言,人材、規制・制度改革,公開,https://www.doyukai.or.jp/policyproposals/articles/2014/pdf/140509b.pdf,2026-09-03,ok,人材・教育|行政改革・規制改革|政治・統治機構・憲法,主張・提言
doyukai_2014_150227b.pdf,doyukai_2014_150227b,doyukai,経済団体,経済同友会政策提言要覧2014,2015-02-27,20150227,提言,その他,公開,https://www.doyukai.or.jp/policyproposals/articles/2014/pdf/150227b.pdf,2026-09-03,ok,政治・統治機構・憲法|行政改革・規制改革|税制・財政,主張・提言
doyukai_2015_160331b.pdf,doyukai_2015_160331b,doyukai,経済団体,経済同友会政策提言要覧2015,2016-03-31,20160331,提言,その他,公開,https://www.doyukai.or.jp/policyproposals/articles/2015/pdf/160331b.pdf,2026-09-03,ok,政治・統治機構・憲法|行政改革・規制改革|マクロ経済・経済財政運営,主張・提言
doyukai_2015_160309a.pdf,doyukai_2015_160309a,doyukai,経済団体,復興・創生期間に向けた提言 &#65374;東日本大震災発災5年を迎えて&#65374;,2016-03-09,20160309,提言,防災／震災復興,公開,https://www.doyukai.or.jp/policyproposals/articles/2015/pdf/160309a.pdf,2026-09-03,ok,国土・住宅・交通・防災|地域経済・観光・地方創生|マクロ経済・経済財政運営,主張・提言
doyukai_2015_160224a.pdf,doyukai_2015_160224a,doyukai,経済団体,「郵政民営化法施行令の一部を改正する政令案」に対する意見 （パブリック・コメント）,2016-02-24,20160224,意見,行政改革、規制・制度改革,公開,https://www.doyukai.or.jp/policyproposals/articles/2015/pdf/160224a.pdf,2026-09-03,ok,行政改革・規制改革|金融・資本市場,主張・提言
doyukai_2015_151221a.pdf,doyukai_2015_151221a,doyukai,経済団体,第27回民間経済団体国際会議（提携団体国際会議）&lt;報告書&gt;,2015-11-20,20151120,報告書,海外視察／国際会議,公開,https://www.doyukai.or.jp/policyproposals/articles/2015/pdf/151221a.pdf,2026-09-03,ok,通商・国際経済・国際協力|マクロ経済・経済財政運営,活動記録
doyukai_2015_150420a.pdf,doyukai_2015_150420a,doyukai,経済団体,JET Advanceの創設 &#65374;インフルエンサーの育成を通じた対外発信力強化&#65374;,2015-04-20,20150420,提言,人材、外交・国際問題,公開,https://www.doyukai.or.jp/policyproposals/articles/2015/pdf/150420a.pdf,2026-09-03,ok,人材・教育|外交・安全保障・経済安全保障|労働・雇用,主張・提言
doyukai_2015_150423a.pdf,doyukai_2015_150423a,doyukai,経済団体,国家戦略特区を問い直す &#65374;特区のキーワードは“実験場”と“失敗の容認”&#65374;,2015-04-23,20150423,提言,規制・制度改革,公開,https://www.doyukai.or.jp/policyproposals/articles/2015/pdf/150423a.pdf,2026-09-03,ok,行政改革・規制改革|地域経済・観光・地方創生|産業政策・成長戦略,主張・提言
doyukai_1995_950725.pdf,doyukai_1995_950725,doyukai,経済団体,「公的金融・財政投融資」の課題と見直しの方向,1995-07-25,19950725,提言,財政,公開,https://www.doyukai.or.jp/policyproposals/articles/1995/pdf/950725a.pdf,2026-09-03,ok,税制・財政|行政改革・規制改革|金融・資本市場,主張・提言
doyukai_1995_950825.txt,doyukai_1995_950825,doyukai,経済団体,経済運営についての緊急提言 - 96年度予算編成ならびに税制改正についての意見 -,1995-08-25,19950825,意見,税制、財政,公開,https://www.doyukai.or.jp/policyproposals/1995/950825.html,2026-09-03,html_text,税制・財政|マクロ経済・経済財政運営,主張・提言
doyukai_1995_960123.pdf,doyukai_1995_960123,doyukai,経済団体,東京マーケットの将来ビジョン（資本市場を中心として）,1996-01-23,19960123,提言,マクロ経済,公開,https://www.doyukai.or.jp/policyproposals/articles/1995/pdf/960123a.pdf,2026-09-03,ok,金融・資本市場|行政改革・規制改革|マクロ経済・経済財政運営,主張・提言
doyukai_1996_960723.pdf,doyukai_1996_960723,doyukai,経済団体,「公的金融・財政投融資」の改革に向けて,1996-07-23,19960723,提言,規制・制度改革、財政,公開,https://www.doyukai.or.jp/policyproposals/articles/1996/pdf/960723a.pdf,2026-09-03,ok,税制・財政|金融・資本市場|行政改革・規制改革,主張・提言
doyukai_1996_961122.pdf,doyukai_1996_961122,doyukai,経済団体,安心して生活できる社会を求めて — 社会保障改革の基本的考え方（中間発表） —,1996-11-22,19961122,提言,社会保障,公開,https://www.doyukai.or.jp/policyproposals/articles/1996/pdf/961122a.pdf,2026-09-03,ok,社会保障（年金・医療・介護）|税制・財政|こども・子育て・人口,主張・提言
doyukai_1997_970425.pdf,doyukai_1997_970425,doyukai,経済団体,安心して生活できる社会を求めて &#xFF5E;社会保障改革の基本的考え方&#xFF5E;,1997-04-25,19970425,提言,医療・介護、社会保障,公開,https://www.doyukai.or.jp/policyproposals/articles/1997/pdf/970425a.pdf,2026-09-03,ok,社会保障（年金・医療・介護）|税制・財政,主張・提言
doyukai_1996_970327.pdf,doyukai_1996_970327,doyukai,経済団体,こうして日本を変える —日本経済の仕組みを変える具体策—,1997-03-27,19970327,提言,マクロ経済、地方行財政、政治,公開,https://www.doyukai.or.jp/policyproposals/articles/1996/pdf/970327a.pdf,2026-09-03,ok,行政改革・規制改革|マクロ経済・経済財政運営|税制・財政,主張・提言
doyukai_1996_970423.pdf,doyukai_1996_970423,doyukai,経済団体,戦後日本システムの総決算 — いまこそ、わが国財政の新たなグランド・デザインを描き上げよ —,1997-04-23,19970423,提言,国家ビジョン、財政,公開,https://www.doyukai.or.jp/policyproposals/articles/1996/pdf/970423a.pdf,2026-09-03,ok,税制・財政|マクロ経済・経済財政運営|社会保障（年金・医療・介護）,主張・提言
doyukai_1997_970624.pdf,doyukai_1997_970624,doyukai,経済団体,効率と信頼を目指して - 市場を中心とした経済社会の構築 -,1997-06-24,19970624,提言,マクロ経済,公開,https://www.doyukai.or.jp/policyproposals/articles/1997/pdf/970624a_01.pdf,2026-09-03,ok,マクロ経済・経済財政運営|行政改革・規制改革|産業政策・成長戦略,主張・提言
doyukai_1997_970930.pdf,doyukai_1997_970930,doyukai,経済団体,金融及び土地関連税制についての意見,1997-09-30,19970930,意見,税制,公開,https://www.doyukai.or.jp/policyproposals/articles/1997/pdf/970930a.pdf,2026-09-03,ok,税制・財政|金融・資本市場|国土・住宅・交通・防災,主張・提言
doyukai_1997_980324.pdf,doyukai_1997_980324,doyukai,経済団体,経済対策についての見解と具体策,1998-03-24,19980324,提言,マクロ経済,公開,https://www.doyukai.or.jp/policyproposals/articles/1997/pdf/980324a.pdf,2026-09-03,ok,マクロ経済・経済財政運営|税制・財政|行政改革・規制改革,主張・提言
doyukai_1998_980608.pdf,doyukai_1998_980608,doyukai,経済団体,公共事業改革の本質 —既得権益構造の打破—,1998-06-08,19980608,提言,規制・制度改革、財政,公開,https://www.doyukai.or.jp/policyproposals/articles/1998/pdf/980608a.pdf,2026-09-03,ok,行政改革・規制改革|税制・財政|国土・住宅・交通・防災,主張・提言
doyukai_1998_981016.pdf,doyukai_1998_981016,doyukai,経済団体,緊急経済対策への提言,1998-10-16,19981016,提言,財政,公開,https://www.doyukai.or.jp/policyproposals/articles/1998/pdf/981016a.pdf,2026-09-03,ok,マクロ経済・経済財政運営|税制・財政|労働・雇用,主張・提言
doyukai_1998_981126.pdf,doyukai_1998_981126,doyukai,経済団体,税制の抜本改革を歪めてはならない,1998-11-26,19981126,提言,税制,公開,https://www.doyukai.or.jp/policyproposals/articles/1998/pdf/981126a.pdf,2026-09-03,ok,税制・財政|マクロ経済・経済財政運営,主張・提言
doyukai_1998_981201.pdf,doyukai_1998_981201,doyukai,経済団体,早急に取り組むべき資本市場活性化の課題,1998-12-01,19981201,提言,マクロ経済,公開,https://www.doyukai.or.jp/policyproposals/articles/1998/pdf/981201a.pdf,2026-09-03,ok,金融・資本市場|税制・財政,主張・提言
doyukai_1998_990305.pdf,doyukai_1998_990305,doyukai,経済団体,「複線型人生」のすすめ — 少子・高齢化への提言,1999-03-05,19990305,提言,医療・介護、子ども・子育て、社会保障,公開,https://www.doyukai.or.jp/policyproposals/articles/1998/pdf/990305a.pdf,2026-09-03,ok,こども・子育て・人口|社会保障（年金・医療・介護）|労働・雇用,主張・提言
doyukai_1999_991122a.pdf,doyukai_1999_991122a,doyukai,経済団体,「ペイオフ解禁」問題についての我々の立場,1999-11-22,19991122,提言,マクロ経済,公開,https://www.doyukai.or.jp/policyproposals/articles/1999/pdf/991122a.pdf,2026-09-03,ok,金融・資本市場|マクロ経済・経済財政運営,主張・提言
doyukai_1999_000104b.pdf,doyukai_1999_000104b,doyukai,経済団体,社会保障制度改革への提言（その1）年金制度,2000-03-10,20000310,提言,年金、社会保障,公開,https://www.doyukai.or.jp/policyproposals/articles/1999/pdf/000313_1.pdf,2026-09-03,ok,社会保障（年金・医療・介護）,主張・提言
doyukai_2000_001122a.pdf,doyukai_2000_001122a,doyukai,経済団体,自治省外形標準課税案についての反対意見,2000-11-22,20001122,意見,税制,公開,https://www.doyukai.or.jp/policyproposals/articles/2000/pdf/001122a_01.pdf,2026-09-03,ok,税制・財政|マクロ経済・経済財政運営,主張・提言
doyukai_2000_001004b.pdf,doyukai_2000_001004b,doyukai,経済団体,社会保障制度改革への提言（その3）少子化対策,2000-10-05,20001005,提言,子ども・子育て、社会保障,公開,https://www.doyukai.or.jp/policyproposals/articles/2000/pdf/001004b.pdf,2026-09-03,ok,こども・子育て・人口|社会保障（年金・医療・介護）|税制・財政,主張・提言
doyukai_2000_010326b.pdf,doyukai_2000_010326b,doyukai,経済団体,社会保障制度改革の提言（その5）米国ESOPの日本導入,2001-03-26,20010326,提言,年金、社会保障,公開,https://www.doyukai.or.jp/policyproposals/articles/2000/pdf/010326B.pdf,2026-09-03,ok,社会保障（年金・医療・介護）|企業経営・ガバナンス・サステナビリティ|労働・雇用,主張・提言
doyukai_2000_000707a.pdf,doyukai_2000_000707a,doyukai,経済団体,今後のわが国税制のあり方について -活力ある社会を実現する税制を目指して-,2000-07-07,20000707,提言,税制,公開,https://www.doyukai.or.jp/policyproposals/articles/2000/pdf/000707a_01.pdf,2026-09-03,ok,税制・財政|マクロ経済・経済財政運営|行政改革・規制改革,主張・提言
doyukai_2000_001004a.pdf,doyukai_2000_001004a,doyukai,経済団体,社会保障制度改革への提言（その2）医療問題,2000-10-05,20001005,提言,医療・介護、社会保障,公開,https://www.doyukai.or.jp/policyproposals/articles/2000/pdf/001004a.pdf,2026-09-03,ok,社会保障（年金・医療・介護）,主張・提言
doyukai_2000_010220a.pdf,doyukai_2000_010220a,doyukai,経済団体,金融制度改革に関する企業経営者意識調査アンケート結果,2001-02-20,20010220,資料,企業経営、規制・制度改革、調査・アンケート,公開,https://www.doyukai.or.jp/policyproposals/articles/2000/pdf/010220B.pdf,2026-09-03,ok,金融・資本市場|企業経営・ガバナンス・サステナビリティ,内部調査・会員アンケート
doyukai_2000_010326a.pdf,doyukai_2000_010326a,doyukai,経済団体,社会保障制度改革の提言（その4）高齢者生活支援,2001-03-26,20010326,提言,医療・介護、社会保障,公開,https://www.doyukai.or.jp/policyproposals/articles/2000/pdf/010326A.pdf,2026-09-03,ok,社会保障（年金・医療・介護）|国土・住宅・交通・防災|税制・財政,主張・提言
doyukai_2001_010511a.pdf,doyukai_2001_010511a,doyukai,経済団体,国民が選択できるバラエティ豊かな医療の実現のために,2001-05-11,20010511,提言,医療・介護,公開,https://www.doyukai.or.jp/policyproposals/articles/2001/pdf/010511.pdf,2026-09-03,ok,社会保障（年金・医療・介護）,主張・提言
doyukai_2001_010529a.pdf,doyukai_2001_010529a,doyukai,経済団体,今こそ実行の時—日本経済の活性化を目指して —明るい21世紀のためのマスタープラン—,2001-05-29,20010529,提言,マクロ経済,公開,https://www.doyukai.or.jp/policyproposals/articles/2001/pdf/010529a_02.pdf,2026-09-03,ok,行政改革・規制改革|マクロ経済・経済財政運営|産業政策・成長戦略,主張・提言
doyukai_2001_010608a.txt,doyukai_2001_010608a,doyukai,経済団体,「商法等の一部を改正する法律案要綱中間試案」に対する意見,2001-06-08,20010608,意見,企業法制／ガバナンス,公開,https://www.doyukai.or.jp/policyproposals/2001/010608a.html,2026-09-03,html_text,企業経営・ガバナンス・サステナビリティ|行政改革・規制改革,主張・提言
doyukai_2001_020215a.txt,doyukai_2001_020215a,doyukai,経済団体,金融システムの信認確立への政府の決断を求める,2002-02-15,20020215,提言,マクロ経済,公開,https://www.doyukai.or.jp/policyproposals/2001/020215a.html,2026-09-03,html_text,金融・資本市場|マクロ経済・経済財政運営,主張・提言
doyukai_2002_020524a.pdf,doyukai_2002_020524a,doyukai,経済団体,「小泉改革の進捗について」経済政策委員会提言（2001年5月）との対比,2002-05-24,20020524,提言,マクロ経済、政治,公開,https://www.doyukai.or.jp/policyproposals/articles/2002/pdf/020524_20.pdf,2026-09-03,ok,マクロ経済・経済財政運営|行政改革・規制改革|税制・財政,主張・提言
doyukai_2002_020524b.pdf,doyukai_2002_020524b,doyukai,経済団体,経済活性化に向けた税制抜本改革のあり方について（第一次提言）,2002-05-24,20020524,提言,税制,公開,https://www.doyukai.or.jp/policyproposals/articles/2002/pdf/020524_1.pdf,2026-09-03,ok,税制・財政|マクロ経済・経済財政運営,主張・提言
doyukai_2002_020731a.pdf,doyukai_2002_020731a,doyukai,経済団体,21世紀の日本に相応しい税制のあり方 &#xff5e;持続可能な活力ある経済社会の実現のために&#xff5e;,2002-07-31,20020731,提言,税制,公開,https://www.doyukai.or.jp/policyproposals/articles/2002/pdf/020731_1.pdf,2026-09-03,ok,税制・財政|マクロ経済・経済財政運営,主張・提言
doyukai_2002_020903a.txt,doyukai_2002_020903a,doyukai,経済団体,金融システムの信認確立に向けて、改めて政府の決断を求める,2002-09-03,20020903,提言,マクロ経済,公開,https://www.doyukai.or.jp/policyproposals/2002/020903a.html,2026-09-03,html_text,金融・資本市場|マクロ経済・経済財政運営,主張・提言
doyukai_2002_021129a.pdf,doyukai_2002_021129a,doyukai,経済団体,「破産法等の見直しに関する中間試案」に対する意見,2002-11-29,20021129,意見,企業法制／ガバナンス,公開,https://www.doyukai.or.jp/policyproposals/articles/2002/pdf/021129.pdf,2026-09-03,ok,政治・統治機構・憲法|企業経営・ガバナンス・サステナビリティ|中小企業,主張・提言
doyukai_2002_021204a.pdf,doyukai_2002_021204a,doyukai,経済団体,政策金融の今後のあり方,2002-12-04,20021204,提言,規制・制度改革,公開,https://www.doyukai.or.jp/policyproposals/articles/2002/pdf/021204.pdf,2026-09-03,ok,金融・資本市場|行政改革・規制改革|マクロ経済・経済財政運営,主張・提言
doyukai_2002_021205a.pdf,doyukai_2002_021205a,doyukai,経済団体,急激に進展する少子高齢化社会に向けた持続可能な公的年金制度への抜本改革,2002-12-05,20021205,提言,年金、社会保障,公開,https://www.doyukai.or.jp/policyproposals/articles/2002/pdf/021205_1.pdf,2026-09-03,ok,社会保障（年金・医療・介護）|マクロ経済・経済財政運営|こども・子育て・人口,主張・提言
doyukai_2002_021225a.pdf,doyukai_2002_021225a,doyukai,経済団体,「新しい日本」における経済法制のあり方 -活力ある経済社会の実現のために-,2002-12-25,20021225,提言,企業法制／ガバナンス、企業経営,公開,https://www.doyukai.or.jp/policyproposals/articles/2002/pdf/021225_1.pdf,2026-09-03,ok,行政改革・規制改革|企業経営・ガバナンス・サステナビリティ|政治・統治機構・憲法,主張・提言
doyukai_2002_030227a.pdf,doyukai_2002_030227a,doyukai,経済団体,国民の信頼の回復と若者たちの夢を支えるシステム改革を -日本が目指すべき財政・税制のあり方-,2003-02-27,20030227,提言,税制、財政,公開,https://www.doyukai.or.jp/policyproposals/articles/2002/pdf/030227_1.pdf,2026-09-03,ok,税制・財政|マクロ経済・経済財政運営|行政改革・規制改革,主張・提言
doyukai_2002_030414a.txt,doyukai_2002_030414a,doyukai,経済団体,緊急株価対策として講ずべき税制措置について,2003-04-14,20030414,提言,税制,公開,https://www.doyukai.or.jp/policyproposals/2002/030414a.html,2026-09-03,html_text,税制・財政|金融・資本市場,主張・提言
doyukai_2003_031118a.txt,doyukai_2003_031118a,doyukai,経済団体,抜本改革なき厚生年金保険料率の引上げに反対する,2003-11-18,20031118,提言,年金、社会保障,公開,https://www.doyukai.or.jp/policyproposals/2003/031118a.html,2026-09-03,html_text,社会保障（年金・医療・介護）|税制・財政|労働・雇用,主張・提言
doyukai_2003_040226a.pdf,doyukai_2003_040226a,doyukai,経済団体,安心で充実した老後生活を支える新しい年金体系の構築 —民が運営する&quot;新拠出建年金制度&quot;の導入—,2004-02-26,20040226,提言,年金、社会保障、雇用・労働,公開,https://www.doyukai.or.jp/policyproposals/articles/2003/pdf/040226_1.pdf,2026-09-03,ok,社会保障（年金・医療・介護）|税制・財政,主張・提言
doyukai_2003_040324a.pdf,doyukai_2003_040324a,doyukai,経済団体,あるべき金融システムへの改革 - 将来への道筋,2004-03-24,20040324,提言,マクロ経済,公開,https://www.doyukai.or.jp/policyproposals/articles/2003/pdf/040324.pdf,2026-09-03,ok,金融・資本市場,主張・提言
doyukai_2003_040405a.pdf,doyukai_2003_040405a,doyukai,経済団体,「医療先進国ニッポンを目指して」 -医療改革のビジョンと医療サービス提供体制の改革-,2004-04-05,20040405,提言,医療・介護,公開,https://www.doyukai.or.jp/policyproposals/articles/2003/pdf/040405_02.pdf,2026-09-03,ok,社会保障（年金・医療・介護）|産業政策・成長戦略,主張・提言
doyukai_2003_040422a.pdf,doyukai_2003_040422a,doyukai,経済団体,多様な投資家層が参加する厚みのある資本市場の構築 -長期投資する個人の参加促進に向けて-,2004-04-22,20040422,提言,マクロ経済,公開,https://www.doyukai.or.jp/policyproposals/articles/2003/pdf/040422_01.pdf,2026-09-03,ok,金融・資本市場|企業経営・ガバナンス・サステナビリティ,主張・提言
doyukai_2004_041118a.pdf,doyukai_2004_041118a,doyukai,経済団体,介護保険制度の抜本改革を —少子高齢化社会にふさわしい真に持続可能な社会保障制度を目指して—,2004-11-18,20041118,提言,医療・介護、社会保障,公開,https://www.doyukai.or.jp/policyproposals/articles/2004/pdf/041118_01.pdf,2026-09-03,ok,社会保障（年金・医療・介護）|税制・財政,主張・提言
doyukai_2004_041207a.pdf,doyukai_2004_041207a,doyukai,経済団体,今次介護保険制度改革に関する共同意見 （経済4団体共同意見）,2004-12-07,20041207,意見,医療・介護,公開,https://www.doyukai.or.jp/policyproposals/articles/2004/pdf/041207_01.pdf,2026-09-03,ok,社会保障（年金・医療・介護）,主張・提言
doyukai_2004_041207b.pdf,doyukai_2004_041207b,doyukai,経済団体,例外なく、すべての民間提案をモデル事業に —実効ある『市場化テスト』の実施を求める—,2004-12-07,20041207,提言,規制・制度改革,公開,https://www.doyukai.or.jp/policyproposals/articles/2004/pdf/041207_02.pdf,2026-09-03,ok,行政改革・規制改革,主張・提言
doyukai_2004_050323a.pdf,doyukai_2004_050323a,doyukai,経済団体,個人投資家から真に信頼される資本市場の構築,2005-03-23,20050323,提言,マクロ経済,公開,https://www.doyukai.or.jp/policyproposals/articles/2004/pdf/050323_01.pdf,2026-09-03,ok,金融・資本市場|企業経営・ガバナンス・サステナビリティ,主張・提言
doyukai_2004_050401a.pdf,doyukai_2004_050401a,doyukai,経済団体,今後10年間の日本経済のシミュレーション -長期金利上昇のリスクと経済政策-,2005-04-01,20050401,提言,マクロ経済,公開,https://www.doyukai.or.jp/policyproposals/articles/2004/pdf/050401a.pdf,2026-09-03,ok,マクロ経済・経済財政運営|税制・財政|社会保障（年金・医療・介護）,主張・提言
doyukai_2004_050422a.pdf,doyukai_2004_050422a,doyukai,経済団体,活力ある経済社会に向けた財政健全化の道筋 - 歳出歳入構造の抜本改革と財政健全化法（仮称）の制定 -,2005-04-22,20050422,提言,財政,公開,https://www.doyukai.or.jp/policyproposals/articles/2004/pdf/050422.pdf,2026-09-03,ok,税制・財政|マクロ経済・経済財政運営|社会保障（年金・医療・介護）,主張・提言
doyukai_2005_051025a.pdf,doyukai_2005_051025a,doyukai,経済団体,政策金融改革の今後の進め方について,2005-10-25,20051025,提言,規制・制度改革,公開,https://www.doyukai.or.jp/policyproposals/articles/2005/pdf/051025.pdf,2026-09-03,ok,金融・資本市場|行政改革・規制改革|マクロ経済・経済財政運営,主張・提言
doyukai_2005_051110a.pdf,doyukai_2005_051110a,doyukai,経済団体,医療制度改革について - 「医療制度構造改革試案」（厚生労働省10月19日）に対する意見 -,2005-11-10,20051110,意見,医療・介護、社会保障,公開,https://www.doyukai.or.jp/policyproposals/articles/2005/pdf/051110.pdf,2026-09-03,ok,社会保障（年金・医療・介護）|マクロ経済・経済財政運営|税制・財政,主張・提言
doyukai_2005_051121a.pdf,doyukai_2005_051121a,doyukai,経済団体,特別会計ならびに特定財源の抜本改革に向けて,2005-11-21,20051121,提言,財政,公開,https://www.doyukai.or.jp/policyproposals/articles/2005/pdf/051121a.pdf,2026-09-03,ok,税制・財政|行政改革・規制改革,主張・提言
doyukai_2005_051121b.pdf,doyukai_2005_051121b,doyukai,経済団体,量的緩和政策からの転換に向けて,2005-11-21,20051121,提言,マクロ経済,公開,https://www.doyukai.or.jp/policyproposals/articles/2005/pdf/051121b.pdf,2026-09-03,ok,マクロ経済・経済財政運営|金融・資本市場|税制・財政,主張・提言
doyukai_2005_051124a.pdf,doyukai_2005_051124a,doyukai,経済団体,株式公開買付制度に関する意見書,2005-11-24,20051124,意見,企業法制／ガバナンス,公開,https://www.doyukai.or.jp/policyproposals/articles/2005/pdf/051124.pdf,2026-09-03,ok,金融・資本市場|企業経営・ガバナンス・サステナビリティ,主張・提言
doyukai_2005_060411a.pdf,doyukai_2005_060411a,doyukai,経済団体,金融商品取引法に関する意見書,2006-04-11,20060411,意見,規制・制度改革,公開,https://www.doyukai.or.jp/policyproposals/articles/2005/pdf/060411.pdf,2026-09-03,ok,金融・資本市場,主張・提言
doyukai_2006_060510a.pdf,doyukai_2006_060510a,doyukai,経済団体,社会保障制度を真に持続可能とするための抜本的・一体的改革 -経済社会の質的・量的変容に対応した新たな理念に基づいて-,2006-05-10,20060510,提言,社会保障,公開,https://www.doyukai.or.jp/policyproposals/articles/2006/pdf/060510.pdf,2026-09-03,ok,社会保障（年金・医療・介護）|税制・財政|マクロ経済・経済財政運営,主張・提言
doyukai_2006_060627a.pdf,doyukai_2006_060627a,doyukai,経済団体,「骨太の方針2006」に向けて,2006-06-27,20060627,提言,マクロ経済、政治、財政,公開,https://www.doyukai.or.jp/policyproposals/articles/2006/pdf/060627.pdf,2026-09-03,ok,マクロ経済・経済財政運営|税制・財政|人材・教育,主張・提言
doyukai_2006_061012a.pdf,doyukai_2006_061012a,doyukai,経済団体,活力ある高齢社会 —「生涯にわたるワークライフバランス」の実現—,2006-10-12,20061012,提言,社会保障、雇用・労働,公開,https://www.doyukai.or.jp/policyproposals/articles/2006/pdf/061012.pdf,2026-09-03,ok,労働・雇用|社会保障（年金・医療・介護）|こども・子育て・人口,主張・提言
doyukai_2006_070206a.pdf,doyukai_2006_070206a,doyukai,経済団体,改革の理念に沿った政策金融改革の実現を —政策金融改革関連法案の審議入りにあたり—,2007-02-06,20070206,提言,規制・制度改革,公開,https://www.doyukai.or.jp/policyproposals/articles/2006/pdf/070206.pdf,2026-09-03,ok,金融・資本市場|行政改革・規制改革|マクロ経済・経済財政運営,主張・提言
doyukai_2006_070222b.pdf,doyukai_2006_070222b,doyukai,経済団体,成長を未来につなぐ—生産性向上による豊かな国民生活の実現—,2007-02-22,20070222,提言,マクロ経済,公開,https://www.doyukai.or.jp/policyproposals/articles/2006/pdf/070222b.pdf,2026-09-03,ok,マクロ経済・経済財政運営|イノベーション・科学技術・スタートアップ|金融・資本市場,主張・提言
doyukai_2006_070322a.pdf,doyukai_2006_070322a,doyukai,経済団体,骨太の方針2007にむけて —日本の競争力復活にむけて自己革新すべし—,2007-03-22,20070322,提言,マクロ経済、政治、社会保障,公開,https://www.doyukai.or.jp/policyproposals/articles/2006/pdf/070322.pdf,2026-09-03,ok,マクロ経済・経済財政運営|行政改革・規制改革|こども・子育て・人口,主張・提言
doyukai_2006_070328a.pdf,doyukai_2006_070328a,doyukai,経済団体,市場機能及び民間活力重視の姿勢の貫徹,2007-03-28,20070328,提言,規制・制度改革,公開,https://www.doyukai.or.jp/policyproposals/articles/2006/pdf/070328.pdf,2026-09-03,ok,行政改革・規制改革|マクロ経済・経済財政運営|企業経営・ガバナンス・サステナビリティ,主張・提言
doyukai_2006_070403a.pdf,doyukai_2006_070403a,doyukai,経済団体,活力ある経済社会を支える社会保障制度改革,2007-04-03,20070403,提言,社会保障,公開,https://www.doyukai.or.jp/policyproposals/articles/2006/pdf/070403b.pdf,2026-09-03,ok,社会保障（年金・医療・介護）|マクロ経済・経済財政運営|行政改革・規制改革,主張・提言
doyukai_2006_070418b.pdf,doyukai_2006_070418b,doyukai,経済団体,緊急意見書｢新政策金融公庫は縦割り組織を廃し経営の効率化を図れ｣ &#xff5e;「株式会社日本政策金融公庫法案」について&#xff5e;,2007-04-18,20070418,意見,行政改革,公開,https://www.doyukai.or.jp/policyproposals/articles/2006/pdf/070418c.pdf,2026-09-03,ok,行政改革・規制改革|金融・資本市場|中小企業,主張・提言
doyukai_2006_070423a.pdf,doyukai_2006_070423a,doyukai,経済団体,社会のために皆が願いを込めて納める税制への改革,2007-04-23,20070423,提言,税制,公開,https://www.doyukai.or.jp/policyproposals/articles/2006/pdf/070423a.pdf,2026-09-03,ok,税制・財政|マクロ経済・経済財政運営,主張・提言
doyukai_2006_070406a.pdf,doyukai_2006_070406a,doyukai,経済団体,世界の投資家から信頼される資本市場の確立 —民間主導の自主規制体制と「日本版SEC」による自由で規律ある市場の実現を—,2007-04-06,20070406,提言,マクロ経済、規制・制度改革,公開,https://www.doyukai.or.jp/policyproposals/articles/2006/pdf/070406.pdf,2026-09-03,ok,金融・資本市場|行政改革・規制改革,主張・提言
doyukai_2007_070918a.pdf,doyukai_2007_070918a,doyukai,経済団体,政管健保の国庫負担削減分を 健保組合等の拠出により補填する案について,2007-09-18,20070918,提言,医療・介護、社会保障,公開,https://www.doyukai.or.jp/policyproposals/articles/2007/pdf/070918a.pdf,2026-09-03,ok,社会保障（年金・医療・介護）|税制・財政,主張・提言
doyukai_2007_080326a.pdf,doyukai_2007_080326a,doyukai,経済団体,金融資本市場活性化とプレイヤー躍進への提言 -金融イノベーションによるグローバル経営の実現に向けて-,2008-03-26,20080326,提言,マクロ経済,公開,https://www.doyukai.or.jp/policyproposals/articles/2007/pdf/080326a.pdf,2026-09-03,ok,金融・資本市場|産業政策・成長戦略,主張・提言
doyukai_2008_080527a.pdf,doyukai_2008_080527a,doyukai,経済団体,財政・税制改革を停滞させてはならない,2008-05-27,20080527,提言,税制、財政,公開,https://www.doyukai.or.jp/policyproposals/articles/2008/pdf/080527a.pdf,2026-09-03,ok,税制・財政|マクロ経済・経済財政運営|政治・統治機構・憲法,主張・提言
doyukai_2008_081104a.pdf,doyukai_2008_081104a,doyukai,経済団体,行政支出削減推進に向けた意見,2008-11-04,20081104,意見,行政改革、財政,公開,https://www.doyukai.or.jp/policyproposals/articles/2008/pdf/081104a.pdf,2026-09-03,ok,行政改革・規制改革|税制・財政,主張・提言
doyukai_2008_090422a.pdf,doyukai_2008_090422a,doyukai,経済団体,米国発金融危機とわが国金融の今後の課題,2009-04-22,20090422,提言,マクロ経済,公開,https://www.doyukai.or.jp/policyproposals/articles/2008/pdf/090422a.pdf,2026-09-03,ok,金融・資本市場|マクロ経済・経済財政運営,主張・提言
doyukai_2009_090626a.pdf,doyukai_2009_090626a,doyukai,経済団体,地域を主体とする医療制度を目指して &#xff5e;地域医療から考える抜本的改革への処方箋&#xff5e;,2009-06-26,20090626,提言,医療・介護、地域経済,公開,https://www.doyukai.or.jp/policyproposals/articles/2009/pdf/090626b.pdf,2026-09-03,ok,社会保障（年金・医療・介護）|地域経済・観光・地方創生,主張・提言
doyukai_2009_090626b.pdf,doyukai_2009_090626b,doyukai,経済団体,真に持続可能な年金制度の構築に向けて &#xff5e;年金純債務の負担を分かち合い、新拠出建年金の実現を目指す&#xff5e;,2009-06-26,20090626,提言,年金、社会保障,公開,https://www.doyukai.or.jp/policyproposals/articles/2009/pdf/090706a.pdf,2026-09-03,ok,社会保障（年金・医療・介護）|税制・財政,主張・提言
doyukai_2009_091105a.pdf,doyukai_2009_091105a,doyukai,経済団体,財政健全化に一歩を踏み出し、持続的な成長につなげよ —歳出・歳入一体改革の早期断行を求める—,2009-11-05,20091105,提言,財政,公開,https://www.doyukai.or.jp/policyproposals/articles/2009/pdf/091105a.pdf,2026-09-03,ok,税制・財政|社会保障（年金・医療・介護）|マクロ経済・経済財政運営,主張・提言
doyukai_2010_100421a.pdf,doyukai_2010_100421a,doyukai,経済団体,抜本的な医療制度改革への提言 &#xFF5E;持続可能な制度への再構築と産業としての医療の発展を目指す&#xFF5E;,2010-04-22,20100422,提言,医療・介護,公開,https://www.doyukai.or.jp/policyproposals/articles/2010/pdf/100421b.pdf,2026-09-03,ok,社会保障（年金・医療・介護）|デジタル・情報通信,主張・提言
doyukai_2010_100421b.pdf,doyukai_2010_100421b,doyukai,経済団体,市場を中心とする健全な経済社会への道 &nbsp;&ndash;&nbsp;健全な市場の構築、社会の耐震化、市場の積極的活用に向けた7原則&nbsp;&ndash;&nbsp;,2010-04-22,20100422,提言,マクロ経済,公開,https://www.doyukai.or.jp/policyproposals/articles/2010/pdf/100421c.pdf,2026-09-03,ok,マクロ経済・経済財政運営|企業経営・ガバナンス・サステナビリティ|金融・資本市場,主張・提言
doyukai_2010_100628b.pdf,doyukai_2010_100628b,doyukai,経済団体,持続可能な介護保険制度に向けた抜本的改革を &#xFF5E;公的介護保障の見直しと介護を自立した産業にするための環境整備&#xFF5E;,2010-06-28,20100628,提言,医療・介護、社会保障,公開,https://www.doyukai.or.jp/policyproposals/articles/2010/pdf/100628b2.pdf,2026-09-03,ok,社会保障（年金・医療・介護）|税制・財政,主張・提言
doyukai_2010_110330a.pdf,doyukai_2010_110330a,doyukai,経済団体,人間としての尊厳を尊重した医療・福祉ビジネスの発展 &#xFF5E;持続可能な社会の実現に向け、求められる国民価値観の変化&#xFF5E;,2011-03-30,20110330,提言,医療・介護,公開,https://www.doyukai.or.jp/policyproposals/articles/2010/pdf/110330a_02.pdf,2026-09-03,ok,社会保障（年金・医療・介護）|産業政策・成長戦略|デジタル・情報通信,主張・提言
doyukai_2011_111024a.pdf,doyukai_2011_111024a,doyukai,経済団体,平成24（2012）年度税制改正論議に向けての緊急アピール &#xff5e;経済成長と財政再建の実現に向けた政策の優先順位を明示せよ&#xff5e;,2011-10-24,20111024,提言,税制、財政,公開,https://www.doyukai.or.jp/policyproposals/articles/2011/pdf/111024a.pdf,2026-09-03,ok,税制・財政|マクロ経済・経済財政運営,主張・提言
doyukai_2010_100608a.pdf,doyukai_2010_100608a,doyukai,経済団体,わが国の金融・資本市場の活性化の課題 &#xFF5E;アジアの成長取り込みを自己変革の契機に&#xFF5E;,2010-06-08,20100608,提言,マクロ経済,公開,https://www.doyukai.or.jp/policyproposals/articles/2010/pdf/100608a.pdf,2026-09-03,ok,金融・資本市場|通商・国際経済・国際協力|マクロ経済・経済財政運営,主張・提言
doyukai_2011_110421a.pdf,doyukai_2011_110421a,doyukai,経済団体,「競争」に向き合い、「挑戦」をエンカレッジする社会を目指して &#xff5e;&ldquo;世界と伍して未来を開く&rdquo;経済成長戦略&#xff5e;,2011-04-21,20110421,提言,マクロ経済,公開,https://www.doyukai.or.jp/policyproposals/articles/2011/pdf/110421a_02.pdf,2026-09-03,ok,マクロ経済・経済財政運営|産業政策・成長戦略|労働・雇用,主張・提言
doyukai_2011_110422a.pdf,doyukai_2011_110422a,doyukai,経済団体,目指すべき政策金融のあり方 &#xff5e;規模の適正化とコストの可視化を図る&#xff5e;,2011-04-21,20110421,提言,規制・制度改革,公開,https://www.doyukai.or.jp/policyproposals/articles/2011/pdf/110422a_02.pdf,2026-09-03,ok,金融・資本市場|中小企業|行政改革・規制改革,主張・提言
doyukai_2011_110630a.pdf,doyukai_2011_110630a,doyukai,経済団体,政策運営の予見可能性と市場規律の回復を改めて求める &#xff5e;震災を乗り越え、世界から選ばれる日本へ&#xff5e;,2011-06-30,20110630,提言,マクロ経済,公開,https://www.doyukai.or.jp/policyproposals/articles/2011/pdf/110630a.pdf,2026-09-03,ok,マクロ経済・経済財政運営|金融・資本市場|産業政策・成長戦略,主張・提言
doyukai_2012_130328a.pdf,doyukai_2012_130328a,doyukai,経済団体,「社会保障制度改革国民会議」に向けての意見書 &#xff5e;国民に負担増と給付減の選択肢の提示を！&#xff5e;,2013-03-28,20130328,意見,社会保障,公開,https://www.doyukai.or.jp/policyproposals/articles/2012/pdf/130328a.pdf,2026-09-03,ok,社会保障（年金・医療・介護）|税制・財政,主張・提言
doyukai_2012_130319a.pdf,doyukai_2012_130319a,doyukai,経済団体,経済連携協定を生かし、成長を実現するために,2013-03-19,20130319,提言,貿易／経済連携,公開,https://www.doyukai.or.jp/policyproposals/articles/2012/pdf/130319a.pdf,2026-09-03,ok,通商・国際経済・国際協力|産業政策・成長戦略|農林水産・食料,主張・提言
doyukai_2012_130307a.pdf,doyukai_2012_130307a,doyukai,経済団体,中小企業の成長力を高める地域金融機関へ,2013-03-07,20130307,提言,中堅・中小企業、地域経済,公開,https://www.doyukai.or.jp/policyproposals/articles/2012/pdf/130307a_02.pdf,2026-09-03,ok,中小企業|金融・資本市場|地域経済・観光・地方創生,主張・提言
doyukai_2012_130220a.pdf,doyukai_2012_130220a,doyukai,経済団体,民法（債権関係）改正に関する意見 &mdash;法制審議会民法（債権関係）部会における2012年末までの議論を受けて&mdash;,2013-02-20,20130220,意見,企業法制／ガバナンス,公開,https://www.doyukai.or.jp/policyproposals/articles/2013/pdf/130220a.pdf,2026-09-03,ok,政治・統治機構・憲法|企業経営・ガバナンス・サステナビリティ,主張・提言
doyukai_2012_120827a.pdf,doyukai_2012_120827a,doyukai,経済団体,「郵政民営化委員会の調査審議に関する所見（案）」に対する意見,2012-08-27,20120827,意見,行政改革、規制・制度改革,公開,https://www.doyukai.or.jp/policyproposals/articles/2012/pdf/120827a.pdf,2026-09-03,ok,行政改革・規制改革|金融・資本市場|産業政策・成長戦略,主張・提言
doyukai_2012_120518a.pdf,doyukai_2012_120518a,doyukai,経済団体,投資マネーの循環により経済成長を促す &#xff5e;同友会版ISAの導入と資本市場による規律づけの強化&#xff5e;,2012-05-18,20120518,提言,マクロ経済、税制,公開,https://www.doyukai.or.jp/policyproposals/articles/2012/pdf/120518a_02.pdf,2026-09-03,ok,金融・資本市場|税制・財政|企業経営・ガバナンス・サステナビリティ,主張・提言
doyukai_2012_120511a.pdf,doyukai_2012_120511a,doyukai,経済団体,医療･福祉の質向上と経済成長の二兎を追う ―医療・福祉ビジネス3つの具体的行動―,2012-05-11,20120511,提言,医療・介護,公開,https://www.doyukai.or.jp/policyproposals/articles/2012/pdf/120511a_02.pdf,2026-09-03,ok,社会保障（年金・医療・介護）|産業政策・成長戦略|デジタル・情報通信,主張・提言
doyukai_2014_140423b.pdf,doyukai_2014_140423b,doyukai,経済団体,財政再建へ向けた果敢な取り組みを求める &#9472;「骨太の方針」に対する提言&#9472;,2014-04-23,20140423,提言,財政,公開,https://www.doyukai.or.jp/policyproposals/articles/2014/pdf/140423b.pdf,2026-09-03,ok,税制・財政|社会保障（年金・医療・介護）|マクロ経済・経済財政運営,主張・提言
doyukai_2014_140422a.pdf,doyukai_2014_140422a,doyukai,経済団体,TPP協定への期待 公益社団法人経済同友会および在日米国商工会議所による共同声明,2014-04-22,20140422,提言,貿易／経済連携,公開,https://www.doyukai.or.jp/policyproposals/articles/2014/pdf/140422a_01.pdf,2026-09-03,ok,通商・国際経済・国際協力,主張・提言
doyukai_2013_140203a.pdf,doyukai_2013_140203a,doyukai,経済団体,「日本版スチュワードシップ・コード」に対する意見（パブリック・コメント）,2014-02-03,20140203,意見,企業法制／ガバナンス,公開,https://www.doyukai.or.jp/policyproposals/articles/2013/pdf/140203a.pdf,2026-09-03,ok,金融・資本市場|企業経営・ガバナンス・サステナビリティ,主張・提言
doyukai_2013_131205a.pdf,doyukai_2013_131205a,doyukai,経済団体,診療報酬の改定に関する意見,2013-12-05,20131205,意見,医療・介護,公開,https://www.doyukai.or.jp/policyproposals/articles/2013/pdf/131205a.pdf,2026-09-03,ok,社会保障（年金・医療・介護）|マクロ経済・経済財政運営|税制・財政,主張・提言
doyukai_2013_131029a.pdf,doyukai_2013_131029a,doyukai,経済団体,日本版NIH（日本医療研究開発機構）の実効ある運営に向けて,2013-10-29,20131029,提言,イノベーション／研究開発、医療・介護,公開,https://www.doyukai.or.jp/policyproposals/articles/2013/pdf/131029a.pdf,2026-09-03,ok,イノベーション・科学技術・スタートアップ|社会保障（年金・医療・介護）|行政改革・規制改革,主張・提言
doyukai_2013_131001a.pdf,doyukai_2013_131001a,doyukai,経済団体,第185回国会（臨時会）に向けた意見書,2013-10-01,20131001,意見,政治,公開,https://www.doyukai.or.jp/policyproposals/articles/2013/pdf/131001a.pdf,2026-09-03,ok,マクロ経済・経済財政運営|税制・財政|行政改革・規制改革,主張・提言
doyukai_2013_130703a.pdf,doyukai_2013_130703a,doyukai,経済団体,法人実効税率 25％への引き下げの道&#xff5e;成長戦略を強固にする税制&#xff5e;,2013-07-03,20130703,提言,税制,公開,https://www.doyukai.or.jp/policyproposals/articles/2013/pdf/130703a.pdf,2026-09-03,ok,税制・財政|マクロ経済・経済財政運営,主張・提言
doyukai_2013_130520a.pdf,doyukai_2013_130520a,doyukai,経済団体,「成長戦略」と「骨太方針」に向けた緊急提言,2013-05-20,20130520,提言,マクロ経済,公開,https://www.doyukai.or.jp/policyproposals/articles/2013/pdf/130520a.pdf,2026-09-03,ok,産業政策・成長戦略|労働・雇用|農林水産・食料,主張・提言
doyukai_2013_140124a.pdf,doyukai_2013_140124a,doyukai,経済団体,知日派・親日派外国人層の養成と日本企業のグローバル化促進に向けて &#xFF5E;外国人社員やJETプログラム経験者の活用状況に関するアンケート調査結果&#xFF5E;,2014-01-24,20140124,資料,人材、調査・アンケート,公開,https://www.doyukai.or.jp/policyproposals/articles/2013/pdf/140124a.pdf,2026-09-03,ok,人材・教育|通商・国際経済・国際協力|労働・雇用,内部調査・会員アンケート
doyukai_2013_130719b.pdf,doyukai_2013_130719b,doyukai,経済団体,2012年度 米国ミッション＜報告書＞,2013-07-19,20130719,報告書,外交・国際問題、海外視察／国際会議,公開,https://www.doyukai.or.jp/policyproposals/articles/2013/pdf/130719b.pdf,2026-09-03,ok,通商・国際経済・国際協力|エネルギー・環境|外交・安全保障・経済安全保障,活動記録
doyukai_2011_120228a.pdf,doyukai_2011_120228a,doyukai,経済団体,公益社団法人経済同友会・カナダ経営者評議会 日加経済連携協定（EPA）に関する共同声明,2012-02-28,20120228,提言,貿易／経済連携,公開,https://www.doyukai.or.jp/policyproposals/articles/2011/pdf/120228a_02.pdf,2026-09-03,ok,通商・国際経済・国際協力,主張・提言
doyukai_2011_110617a.pdf,doyukai_2011_110617a,doyukai,経済団体,2010年度米州委員会 米国ミッション報告,2011-06-17,20110617,提言,外交・国際問題、海外視察／国際会議,公開,https://www.doyukai.or.jp/policyproposals/articles/2011/pdf/110617a.pdf,2026-09-03,ok,通商・国際経済・国際協力|外交・安全保障・経済安全保障,活動記録
doyukai_2013_140219a.pdf,doyukai_2013_140219a,doyukai,経済団体,日加経営者対話に基づく共同声明 公益社団法人経済同友会およびカナダ経営者評議会,2014-02-19,20140219,提言,外交・国際問題,公開,https://www.doyukai.or.jp/policyproposals/articles/2013/pdf/140219a_01.pdf,2026-09-03,ok,通商・国際経済・国際協力|エネルギー・環境,主張・提言
doyukai_2015_160219b.pdf,doyukai_2015_160219b,doyukai,経済団体,ミレニアル世代にみる米国の社会思潮変化 2015年度米州委員会米国ミッション報告書 2015年12月6日（日）&#65374;10日（木） アメリカ合衆国（ワシントンDC、ニューヨーク）,2016-02-19,20160219,報告書,外交・国際問題、海外視察／国際会議,公開,https://www.doyukai.or.jp/policyproposals/articles/2015/pdf/160219b.pdf,2026-09-03,ok,通商・国際経済・国際協力|多様性・人権・ジェンダー,活動記録
doyukai_2008_090120a.pdf,doyukai_2008_090120a,doyukai,経済団体,新たな日米関係の構築 激動の国際情勢下の米国政権交代を好機と捉えて,2009-01-20,20090120,提言,外交・国際問題、海外視察／国際会議,公開,https://www.doyukai.or.jp/policyproposals/articles/2008/pdf/090120a.pdf,2026-09-03,ok,外交・安全保障・経済安全保障|通商・国際経済・国際協力|マクロ経済・経済財政運営,主張・提言
doyukai_1995_950731.pdf,doyukai_1995_950731,doyukai,経済団体,21世紀に向けて日本農業が進むべき方向 — 産業としてのコメ農業のあり方 —,1995-07-31,19950731,提言,地域経済、規制・制度改革,公開,https://www.doyukai.or.jp/policyproposals/articles/1995/pdf/950731a.pdf,2026-09-03,ok,農林水産・食料|産業政策・成長戦略|行政改革・規制改革,主張・提言
doyukai_2002_021127a.pdf,doyukai_2002_021127a,doyukai,経済団体,「食」の安全と生活者の信頼回復に向けて,2002-11-27,20021127,提言,地域経済、規制・制度改革,公開,https://www.doyukai.or.jp/policyproposals/articles/2002/pdf/021127.pdf,2026-09-03,ok,農林水産・食料|企業経営・ガバナンス・サステナビリティ|行政改革・規制改革,主張・提言
doyukai_2003_040308a.pdf,doyukai_2003_040308a,doyukai,経済団体,農業の将来を切り拓く構造改革の加速 -イノベーションによる産業化への道-,2004-03-08,20040308,提言,地域経済、規制・制度改革,公開,https://www.doyukai.or.jp/policyproposals/articles/2003/pdf/040308.pdf,2026-09-03,ok,農林水産・食料|産業政策・成長戦略|行政改革・規制改革,主張・提言
doyukai_2004_041222a.pdf,doyukai_2004_041222a,doyukai,経済団体,農業経営体への直接支払制度の活用 -産業としての経営力強化を目指して-,2004-12-22,20041222,提言,地域経済、規制・制度改革,公開,https://www.doyukai.or.jp/policyproposals/articles/2004/pdf/041222_01.pdf,2026-09-03,ok,農林水産・食料|行政改革・規制改革,主張・提言
doyukai_2009_090729a.pdf,doyukai_2009_090729a,doyukai,経済団体,直接支払い制度の導入で三位一体のコメ農業改革を ‐国土保全・持続的農業生産維持・消費者重視への転換‐,2009-07-29,20090729,提言,地域経済、規制・制度改革,公開,https://www.doyukai.or.jp/policyproposals/articles/2009/pdf/090729b.pdf,2026-09-03,ok,農林水産・食料|税制・財政|国土・住宅・交通・防災,主張・提言
doyukai_2014_150119a.pdf,doyukai_2014_150119a,doyukai,経済団体,「食料・農業・農村基本計画」に対する意見（パブリック・コメント）,2015-01-19,20150119,意見,地域経済、規制・制度改革,公開,https://www.doyukai.or.jp/policyproposals/articles/2014/pdf/150119a.pdf,2026-09-03,ok,農林水産・食料|産業政策・成長戦略|地域経済・観光・地方創生,主張・提言
doyukai_2013_130930a.pdf,doyukai_2013_130930a,doyukai,経済団体,日本農業の再生に向けた8つの提言,2013-09-30,20130930,提言,地域経済、規制・制度改革、貿易／経済連携,公開,https://www.doyukai.or.jp/policyproposals/articles/2013/pdf/130930a.pdf,2026-09-03,ok,農林水産・食料|行政改革・規制改革|地域経済・観光・地方創生,主張・提言
doyukai_2012_120417a.pdf,doyukai_2012_120417a,doyukai,経済団体,2011年度農業改革委員会 活動報告書（サマリー）,2012-04-17,20120417,報告書,地域経済、規制・制度改革,公開,https://www.doyukai.or.jp/policyproposals/articles/2012/pdf/120417a.pdf,2026-09-03,ok,農林水産・食料|行政改革・規制改革,内部調査・会員アンケート
doyukai_1996_970307a.txt,doyukai_1996_970307a,doyukai,経済団体,第10回全国経済同友会セミナー 神戸アピール,1997-03-07,19970307,提言,夏季セミナー,公開,https://www.doyukai.or.jp/policyproposals/1996/970307a.html,2026-09-03,html_text,行政改革・規制改革|地域経済・観光・地方創生|政治・統治機構・憲法,主張・提言
doyukai_1998_980804.pdf,doyukai_1998_980804,doyukai,経済団体,小渕新内閣への期待と提言,1998-08-04,19980804,提言,国家ビジョン、政治、税制,公開,https://www.doyukai.or.jp/policyproposals/articles/1998/pdf/980804a.pdf,2026-09-03,ok,税制・財政|金融・資本市場|マクロ経済・経済財政運営,主張・提言
doyukai_1999_991005a.pdf,doyukai_1999_991005a,doyukai,経済団体,小渕改造内閣に望む -21世紀への国創りに向けたリーダーシップを-,1999-10-05,19991005,提言,国家ビジョン、外交・国際問題、行政改革,公開,https://www.doyukai.or.jp/policyproposals/articles/1999/pdf/991005a_01.pdf,2026-09-03,error,行政改革・規制改革|マクロ経済・経済財政運営|政治・統治機構・憲法,主張・提言
doyukai_2001_010810a.txt,doyukai_2001_010810a,doyukai,経済団体,小泉内閣への提言その1 「民間活力と個人支援中心の雇用セーフティネット」,2001-08-10,20010810,提言,国家ビジョン、雇用・労働,公開,https://www.doyukai.or.jp/policyproposals/2001/010810a.html,2026-09-03,html_text,労働・雇用|マクロ経済・経済財政運営,主張・提言
doyukai_2001_011002a.pdf,doyukai_2001_011002a,doyukai,経済団体,小泉内閣への提言その2 「活力ある資本市場構築のために」,2001-10-02,20011002,提言,マクロ経済、国家ビジョン,公開,https://www.doyukai.or.jp/policyproposals/articles/2001/pdf/011002_1.pdf,2026-09-03,ok,金融・資本市場|税制・財政,主張・提言
doyukai_2001_011026a.pdf,doyukai_2001_011026a,doyukai,経済団体,小泉内閣への提言その5 「行政・政治改革推進のための国民を顧客とした電子政府の実現をめざして」,2001-10-26,20011026,提言,デジタル化／IT、国家ビジョン、行政改革,公開,https://www.doyukai.or.jp/policyproposals/articles/2001/pdf/011026_11.pdf,2026-09-03,ok,行政改革・規制改革|デジタル・情報通信|政治・統治機構・憲法,主張・提言
doyukai_2001_011026b.pdf,doyukai_2001_011026b,doyukai,経済団体,小泉内閣への提言その6 「介護制度の充実と高齢者生活支援」,2001-10-26,20011026,提言,医療・介護、国家ビジョン,公開,https://www.doyukai.or.jp/policyproposals/articles/2001/pdf/011026_2.pdf,2026-09-03,ok,社会保障（年金・医療・介護）,主張・提言
doyukai_2001_011026c.pdf,doyukai_2001_011026c,doyukai,経済団体,小泉内閣への提言その7 「大都市圏における保育所の大幅増設を」,2001-10-26,20011026,提言,国家ビジョン、子ども・子育て,公開,https://www.doyukai.or.jp/policyproposals/articles/2001/pdf/011026_3.pdf,2026-09-03,ok,こども・子育て・人口|労働・雇用,主張・提言
doyukai_2001_011002b.pdf,doyukai_2001_011002b,doyukai,経済団体,小泉内閣への提言その3 「日本経済の真の再生に向けた税制抜本改革を」,2001-10-02,20011002,提言,国家ビジョン、税制,公開,https://www.doyukai.or.jp/policyproposals/articles/2001/pdf/011002_2.pdf,2026-09-03,ok,税制・財政|マクロ経済・経済財政運営,主張・提言
doyukai_2001_011002c.pdf,doyukai_2001_011002c,doyukai,経済団体,小泉内閣への提言その4 「持続可能な医療制度の確立に向けて」,2001-10-02,20011002,提言,医療・介護、国家ビジョン,公開,https://www.doyukai.or.jp/policyproposals/articles/2001/pdf/011002_3.pdf,2026-09-03,ok,社会保障（年金・医療・介護）|マクロ経済・経済財政運営,主張・提言
doyukai_2001_011109a.pdf,doyukai_2001_011109a,doyukai,経済団体,小泉内閣への提言その8 「羽田空港再拡張の早期実現を」,2001-11-09,20011109,提言,国家ビジョン、規制・制度改革,公開,https://www.doyukai.or.jp/policyproposals/articles/2001/pdf/011109.pdf,2026-09-03,ok,国土・住宅・交通・防災|マクロ経済・経済財政運営|産業政策・成長戦略,主張・提言
doyukai_2002_020913a.txt,doyukai_2002_020913a,doyukai,経済団体,小泉総理への緊急アピール （日本経済再生のために）,2002-09-13,20020913,提言,マクロ経済、国家ビジョン、政治,公開,https://www.doyukai.or.jp/policyproposals/2002/020913a.html,2026-09-03,html_text,マクロ経済・経済財政運営|金融・資本市場|税制・財政,主張・提言
doyukai_2003_030718a.pdf,doyukai_2003_030718a,doyukai,経済団体,2003年度（第18回）経済同友会夏季セミナー：軽井沢アピール 「政権公約（マニフェスト）」で競う総選挙の実現を,2003-07-18,20030718,提言,夏季セミナー、政治,公開,https://www.doyukai.or.jp/policyproposals/articles/2003/pdf/030718a.pdf,2026-09-03,ok,政治・統治機構・憲法|マクロ経済・経済財政運営|税制・財政,主張・提言
doyukai_2003_030922a.txt,doyukai_2003_030922a,doyukai,経済団体,小泉第二次改造内閣に求める,2003-09-22,20030922,提言,国家ビジョン、政治,公開,https://www.doyukai.or.jp/policyproposals/2003/030922a.html,2026-09-03,html_text,マクロ経済・経済財政運営|税制・財政|行政改革・規制改革,主張・提言
doyukai_2004_040528b.pdf,doyukai_2004_040528b,doyukai,経済団体,「基本方針2004」に向けての意見,2004-05-28,20040528,意見,マクロ経済,公開,https://www.doyukai.or.jp/policyproposals/articles/2004/pdf/040528_02.pdf,2026-09-03,ok,社会保障（年金・医療・介護）|マクロ経済・経済財政運営|税制・財政,主張・提言
doyukai_2004_040716a.pdf,doyukai_2004_040716a,doyukai,経済団体,2004年度（第19回）経済同友会夏季セミナー 軽井沢アピール2004 公的部門の構造改革に政治の決断を求める,2004-07-16,20040716,提言,夏季セミナー,公開,https://www.doyukai.or.jp/policyproposals/articles/2004/pdf/040716_01.pdf,2026-09-03,ok,行政改革・規制改革|税制・財政|マクロ経済・経済財政運営,主張・提言
doyukai_2004_040907a.pdf,doyukai_2004_040907a,doyukai,経済団体,第2次小泉改造内閣に望む,2004-09-07,20040907,提言,国家ビジョン、政治,公開,https://www.doyukai.or.jp/policyproposals/articles/2004/pdf/040907_01.pdf,2026-09-03,ok,政治・統治機構・憲法|行政改革・規制改革|マクロ経済・経済財政運営,主張・提言
doyukai_2005_050715a.pdf,doyukai_2005_050715a,doyukai,経済団体,2005年度（第20回）経済同友会夏季セミナー 軽井沢アピール2005 日本を変えるために、郵政民営化法の成立と改革の加速を,2005-07-15,20050715,提言,夏季セミナー,公開,https://www.doyukai.or.jp/policyproposals/articles/2005/pdf/050715.pdf,2026-09-03,ok,行政改革・規制改革|マクロ経済・経済財政運営|税制・財政,主張・提言
doyukai_2006_060714a.pdf,doyukai_2006_060714a,doyukai,経済団体,2006年度（第21回）経済同友会夏季セミナー：軽井沢アピール 改めて構造改革の加速・断行を求める,2006-07-14,20060714,提言,夏季セミナー,公開,https://www.doyukai.or.jp/policyproposals/articles/2006/pdf/060714.pdf,2026-09-03,ok,マクロ経済・経済財政運営|税制・財政|行政改革・規制改革,主張・提言
doyukai_2007_070713a.pdf,doyukai_2007_070713a,doyukai,経済団体,2007年度（第22回）経済同友会夏季セミナー 軽井沢アピール 構造改革の継続・加速に政治のリーダーシップを,2007-07-13,20070713,提言,夏季セミナー,公開,https://www.doyukai.or.jp/policyproposals/articles/2007/pdf/070713a.pdf,2026-09-03,ok,行政改革・規制改革|税制・財政|社会保障（年金・医療・介護）,主張・提言
doyukai_2007_070911a.pdf,doyukai_2007_070911a,doyukai,経済団体,国会論争の活性化と構造改革の推進を &#xff5e;第168回臨時国会の開会にあたっての意見&#xff5e;,2007-09-11,20070911,意見,国家ビジョン、政治,公開,https://www.doyukai.or.jp/policyproposals/articles/2007/pdf/070911a.pdf,2026-09-03,ok,政治・統治機構・憲法|マクロ経済・経済財政運営|税制・財政,主張・提言
doyukai_2007_070925a.pdf,doyukai_2007_070925a,doyukai,経済団体,福田新内閣の発足にあたって -構造改革の継続・加速に向け、揺るがぬ意志を示せ-,2007-09-25,20070925,提言,国家ビジョン、政治,公開,https://www.doyukai.or.jp/policyproposals/articles/2007/pdf/070925a.pdf,2026-09-03,ok,マクロ経済・経済財政運営|行政改革・規制改革|社会保障（年金・医療・介護）,主張・提言
doyukai_2007_080327a.pdf,doyukai_2007_080327a,doyukai,経済団体,日本の活性化と競争力強化に向けて &#xff5e;世界に開かれた日本の創造のために&#xff5e;,2008-03-27,20080327,提言,国家ビジョン、外交・国際問題,公開,https://www.doyukai.or.jp/policyproposals/articles/2007/pdf/080327b.pdf,2026-09-03,ok,通商・国際経済・国際協力|エネルギー・環境|産業政策・成長戦略,主張・提言
doyukai_2008_080718a.pdf,doyukai_2008_080718a,doyukai,経済団体,2008年度（第23回）経済同友会夏季セミナー：軽井沢アピール 世界に開かれた、活力ある日本の再構築に向けて,2008-07-18,20080718,提言,夏季セミナー,公開,https://www.doyukai.or.jp/policyproposals/articles/2008/pdf/080718a.pdf,2026-09-03,ok,マクロ経済・経済財政運営|税制・財政|社会保障（年金・医療・介護）,主張・提言
doyukai_2009_090623a.pdf,doyukai_2009_090623a,doyukai,経済団体,次期衆議院総選挙 各党の『政権公約（マニフェスト）』に望む,2009-06-23,20090623,提言,国家ビジョン、政治,公開,https://www.doyukai.or.jp/policyproposals/articles/2009/pdf/090623a.pdf,2026-09-03,ok,政治・統治機構・憲法|税制・財政|社会保障（年金・医療・介護）,主張・提言
doyukai_2009_090717a.pdf,doyukai_2009_090717a,doyukai,経済団体,2009年度（第24回）経済同友会夏季セミナー：軽井沢アピール 新しい国づくりに向けた覚悟と行動を求める,2009-07-17,20090717,提言,夏季セミナー,公開,https://www.doyukai.or.jp/policyproposals/articles/2009/pdf/090717a.pdf,2026-09-03,ok,政治・統治機構・憲法|マクロ経済・経済財政運営|行政改革・規制改革,主張・提言
doyukai_2009_090831a.pdf,doyukai_2009_090831a,doyukai,経済団体,新政権に望む &#xff5e;新しい国づくりに向けた責任ある政権運営を求める&#xff5e;,2009-08-31,20090831,提言,国家ビジョン、政治,公開,https://www.doyukai.or.jp/policyproposals/articles/2009/pdf/090831a.pdf,2026-09-03,ok,政治・統治機構・憲法|税制・財政|マクロ経済・経済財政運営,主張・提言
doyukai_2010_100413b.pdf,doyukai_2010_100413b,doyukai,経済団体,豊かな社会に向けた3つの成長戦略 &#xFF5E;成長の果実を将来世代と分かち合うために&#xFF5E;,2010-04-13,20100413,提言,マクロ経済,公開,https://www.doyukai.or.jp/policyproposals/articles/2010/pdf/100413d.pdf,2026-09-03,ok,マクロ経済・経済財政運営|産業政策・成長戦略|社会保障（年金・医療・介護）,主張・提言
doyukai_2010_100716a.pdf,doyukai_2010_100716a,doyukai,経済団体,2010年度（第25回）経済同友会夏季セミナー：軽井沢アピール この国の将来に明るい展望を拓くべく、今こそ政治家、経営者、国民は責任と自覚ある行動を,2010-07-16,20100716,提言,夏季セミナー、政治,公開,https://www.doyukai.or.jp/policyproposals/articles/2010/pdf/100716a.pdf,2026-09-03,ok,政治・統治機構・憲法|マクロ経済・経済財政運営|社会保障（年金・医療・介護）,主張・提言
doyukai_2012_120521a.pdf,doyukai_2012_120521a,doyukai,経済団体,グローバル競争に勝つ、新しい成長戦略,2012-05-21,20120521,提言,マクロ経済,公開,https://www.doyukai.or.jp/policyproposals/articles/2012/pdf/120521a_02.pdf,2026-09-03,ok,マクロ経済・経済財政運営|通商・国際経済・国際協力|産業政策・成長戦略,主張・提言
doyukai_2011_110912a.pdf,doyukai_2011_110912a,doyukai,経済団体,野田新政権に望む &mdash;成長実現に向け、あらゆる政策の総動員と迅速な実行を&mdash;,2011-09-12,20110912,提言,国家ビジョン、政治,公開,https://www.doyukai.or.jp/policyproposals/articles/2011/pdf/110912a.pdf,2026-09-03,ok,マクロ経済・経済財政運営|税制・財政|外交・安全保障・経済安全保障,主張・提言
doyukai_2011_110715a.pdf,doyukai_2011_110715a,doyukai,経済団体,2011年度（第26回）経済同友会夏季セミナー：東北アピール2011 - この国の危機を克服し、復興と成長を確かなものとする -,2011-07-15,20110715,提言,夏季セミナー、防災／震災復興,公開,https://www.doyukai.or.jp/policyproposals/articles/2011/pdf/110715a.pdf,2026-09-03,ok,国土・住宅・交通・防災|産業政策・成長戦略|地域経済・観光・地方創生,主張・提言
doyukai_2010_110111a.pdf,doyukai_2010_110111a,doyukai,経済団体,2020年の日本創生 &nbsp;&ndash;&nbsp;若者が輝き、世界が期待する国へ&nbsp;&ndash;&nbsp;,2011-01-11,20110111,提言,国家ビジョン,公開,https://www.doyukai.or.jp/policyproposals/articles/2010/pdf/110111a_04.pdf,2026-09-03,ok,政治・統治機構・憲法|マクロ経済・経済財政運営|社会保障（年金・医療・介護）,主張・提言
doyukai_2011_110414a.pdf,doyukai_2011_110414a,doyukai,経済団体,第24回全国経済同友会セミナー緊急復興アピール 「将来を切り拓く“新たな国づくり”としての復興を」,2011-04-14,20110414,提言,防災／震災復興,公開,https://www.doyukai.or.jp/policyproposals/articles/2011/pdf/110414a.pdf,2026-09-03,ok,国土・住宅・交通・防災|マクロ経済・経済財政運営|行政改革・規制改革,主張・提言
doyukai_2012_2012272012.pdf,doyukai_2012_2012272012,doyukai,経済団体,2012年度（第27回）夏季セミナー 東北アピール2012 「復興と成長への決断と実行」,2012-07-13,20120713,提言,夏季セミナー,公開,https://www.doyukai.or.jp/policyproposals/articles/2012/pdf/120713a.pdf,2026-09-03,ok,国土・住宅・交通・防災|マクロ経済・経済財政運営|行政改革・規制改革,主張・提言
doyukai_2013_130730a.pdf,doyukai_2013_130730a,doyukai,経済団体,日本の将来ビジョン 2045 『 ミトコンドリアとカレーうどん 』,2013-07-30,20130730,提言,国家ビジョン,公開,https://www.doyukai.or.jp/policyproposals/articles/2013/pdf/130730a_01.pdf,2026-09-03,ok,マクロ経済・経済財政運営|人材・教育|産業政策・成長戦略,主張・提言
doyukai_2013_130712a.pdf,doyukai_2013_130712a,doyukai,経済団体,2013年度（第28回）夏季セミナー 東北アピール2013 「成長と復興への革新的挑戦」,2013-07-12,20130712,提言,夏季セミナー,公開,https://www.doyukai.or.jp/policyproposals/articles/2013/pdf/130712a.pdf,2026-09-03,ok,マクロ経済・経済財政運営|エネルギー・環境|社会保障（年金・医療・介護）,主張・提言
doyukai_2013_130419a.pdf,doyukai_2013_130419a,doyukai,経済団体,地域・都市の国際競争力強化に挑む &mdash;世界から人と企業が集まる2020年のNipponをめざして&mdash;,2013-04-19,20130419,提言,国家ビジョン、地域経済,公開,https://www.doyukai.or.jp/policyproposals/articles/2013/pdf/130419a_02.pdf,2026-09-03,ok,地域経済・観光・地方創生|国土・住宅・交通・防災|行政改革・規制改革,主張・提言
doyukai_2012_121218a.pdf,doyukai_2012_121218a,doyukai,経済団体,新政権に望む -- 経済成長の実現と国家運営の再構築を --,2012-12-18,20121218,提言,国家ビジョン、政治,公開,https://www.doyukai.or.jp/policyproposals/articles/2012/pdf/121218a.pdf,2026-09-03,ok,マクロ経済・経済財政運営|行政改革・規制改革|税制・財政,主張・提言
doyukai_2012_121130a.pdf,doyukai_2012_121130a,doyukai,経済団体,公開質問状 今回の総選挙において各党が明示すべき重要政策【各政党への質問：10項目】 各政党の回答,2012-11-30,20121130,資料,政治,公開,https://www.doyukai.or.jp/policyproposals/articles/2012/pdf/121130a.pdf,2026-09-03,ok,政治・統治機構・憲法|エネルギー・環境|マクロ経済・経済財政運営,外部・第三者資料
doyukai_2012_121122a.pdf,doyukai_2012_121122a,doyukai,経済団体,第46回衆議院議員総選挙 政権公約に基づく活発な政策論争を望む,2012-11-22,20121122,提言,政治,公開,https://www.doyukai.or.jp/policyproposals/articles/2012/pdf/121122a.pdf,2026-09-03,ok,政治・統治機構・憲法|マクロ経済・経済財政運営|外交・安全保障・経済安全保障,主張・提言
doyukai_2015_150717a.pdf,doyukai_2015_150717a,doyukai,経済団体,2015年度（第30回）夏季セミナー 東北アピール2015 「持続可能な社会の構築に向けて」,2015-07-17,20150717,提言,夏季セミナー,公開,https://www.doyukai.or.jp/policyproposals/articles/2015/pdf/150717a.pdf,2026-09-03,ok,企業経営・ガバナンス・サステナビリティ|税制・財政|労働・雇用,主張・提言
doyukai_2014_140718a.pdf,doyukai_2014_140718a,doyukai,経済団体,2014年度（第29回）夏季セミナー 東北アピール2014 「持続的成長と革新的経営への挑戦」,2014-07-18,20140718,提言,夏季セミナー,公開,https://www.doyukai.or.jp/policyproposals/articles/2014/pdf/140718a.pdf,2026-09-03,ok,エネルギー・環境|地域経済・観光・地方創生|国土・住宅・交通・防災,主張・提言
doyukai_2014_140416a.pdf,doyukai_2014_140416a,doyukai,経済団体,「第2弾成長戦略」に向けた提言,2014-04-16,20140416,提言,マクロ経済,公開,https://www.doyukai.or.jp/policyproposals/articles/2014/pdf/140416a.pdf,2026-09-03,ok,産業政策・成長戦略|マクロ経済・経済財政運営|労働・雇用,主張・提言
doyukai_2013_130702a.pdf,doyukai_2013_130702a,doyukai,経済団体,第23回参議院議員通常選挙 日本再興に向けて残された重要課題を巡る政策論争を望む,2013-07-02,20130702,提言,国家ビジョン、政治,公開,https://www.doyukai.or.jp/policyproposals/articles/2013/pdf/130702a.pdf,2026-09-03,ok,政治・統治機構・憲法|行政改革・規制改革|マクロ経済・経済財政運営,主張・提言
doyukai_1997_970501.pdf,doyukai_1997_970501,doyukai,経済団体,”不断の潜在的エネルギー危機に備えよ“ - 冷たい平和（Cold Peace）下の中東情勢を踏まえて -,1997-05-01,19970501,提言,外交・国際問題、環境／エネルギー,公開,https://www.doyukai.or.jp/policyproposals/articles/1997/pdf/970501a.pdf,2026-09-03,ok,エネルギー・環境|外交・安全保障・経済安全保障|通商・国際経済・国際協力,主張・提言
doyukai_2004_041124a.pdf,doyukai_2004_041124a,doyukai,経済団体,戦闘終了後の新たな安全確保・人道復興支援体制の構築に向けて - 恒久法の制定と「日本型CIMIC」の創設 -,2004-11-24,20041124,提言,外交・国際問題、安全保障／経済安全保障,公開,https://www.doyukai.or.jp/policyproposals/articles/2004/pdf/041124_02.pdf,2026-09-03,ok,外交・安全保障・経済安全保障|政治・統治機構・憲法,主張・提言
doyukai_2014_141022a.pdf,doyukai_2014_141022a,doyukai,経済団体,ODA大綱見直しに関する意見書 &#65374;日本の総力を挙げた戦略的開発協力の刷新と実効性ある推進体制の整備を求める&#65374;,2014-10-22,20141022,意見,国際開発・協力、外交・国際問題,公開,https://www.doyukai.or.jp/policyproposals/articles/2014/pdf/141022a.pdf,2026-09-03,ok,通商・国際経済・国際協力|外交・安全保障・経済安全保障,主張・提言
doyukai_2012_130215a.pdf,doyukai_2012_130215a,doyukai,経済団体,TICAD Vを契機に、アフリカの成長に向けた戦略的コミットメントを &#65374;実りある 日・アフリカ関係の構築に向けて&#65374;,2013-02-15,20130215,提言,国際開発・協力、外交・国際問題,公開,https://www.doyukai.or.jp/policyproposals/articles/2012/pdf/130215a_02.pdf,2026-09-03,ok,通商・国際経済・国際協力|外交・安全保障・経済安全保障,主張・提言
doyukai_2009_100226a.pdf,doyukai_2009_100226a,doyukai,経済団体,第23回民間経済団体国際会議（提携団体国際会議）&lt;報告書&gt;,2009-12-18,20091218,報告書,国際開発・協力、海外視察／国際会議,公開,https://www.doyukai.or.jp/policyproposals/articles/2009/pdf/100226a.pdf,2026-09-03,ok,通商・国際経済・国際協力|企業経営・ガバナンス・サステナビリティ,活動記録
doyukai_2011_110406b.pdf,doyukai_2011_110406b,doyukai,経済団体,2010年度アフリカ・ミッション&lt;報告書&gt;,2011-04-06,20110406,報告書,国際開発・協力、海外視察／国際会議,公開,https://www.doyukai.or.jp/policyproposals/articles/2011/pdf/110406b.pdf,2026-09-03,ok,通商・国際経済・国際協力,活動記録
doyukai_2015_151218a.pdf,doyukai_2015_151218a,doyukai,経済団体,アフリカ委員会 米国ミッション報告書 &lt;2015年10月10日（土）&#65374;18日（日）／米国・ニューヨーク&gt;,2015-12-18,20151218,報告書,国際開発・協力、外交・国際問題、海外視察／国際会議,公開,https://www.doyukai.or.jp/policyproposals/articles/2015/pdf/151218a.pdf,2026-09-03,ok,通商・国際経済・国際協力|外交・安全保障・経済安全保障,活動記録
doyukai_2015_150528a.pdf,doyukai_2015_150528a,doyukai,経済団体,2014年度 アフリカ委員会ミッション ＜報告書＞,2015-05-15,20150515,報告書,国際開発・協力、海外視察／国際会議,公開,https://www.doyukai.or.jp/policyproposals/articles/2015/pdf/150528a.pdf,2026-09-03,ok,通商・国際経済・国際協力,活動記録
doyukai_2014_140402a.pdf,doyukai_2014_140402a,doyukai,経済団体,日本・アフリカ ビジネスパートナーシップの推進に向けて,2014-04-02,20140402,提言,国際開発・協力、外交・国際問題,公開,https://www.doyukai.or.jp/policyproposals/articles/2014/pdf/140402a.pdf,2026-09-03,ok,通商・国際経済・国際協力|産業政策・成長戦略,主張・提言
doyukai_2006_060509a.pdf,doyukai_2006_060509a,doyukai,経済団体,今後の日中関係への提言 -日中両国政府へのメッセージ-,2006-05-09,20060509,提言,外交・国際問題,公開,https://www.doyukai.or.jp/policyproposals/articles/2006/pdf/060509.pdf,2026-09-03,ok,外交・安全保障・経済安全保障|通商・国際経済・国際協力,主張・提言
doyukai_2009_090918a.pdf,doyukai_2009_090918a,doyukai,経済団体,2009年度中国ミッション &lt;報告書&gt;,2009-09-18,20090918,報告書,外交・国際問題、海外視察／国際会議,公開,https://www.doyukai.or.jp/policyproposals/articles/2009/pdf/090918a.pdf,2026-09-03,ok,通商・国際経済・国際協力|エネルギー・環境,活動記録
doyukai_2010_101119a.pdf,doyukai_2010_101119a,doyukai,経済団体,中国委員会2010年度訪中 &lt;報告書&gt;,2010-11-19,20101119,報告書,外交・国際問題、海外視察／国際会議,公開,https://www.doyukai.or.jp/policyproposals/articles/2010/pdf/101119a.pdf,2026-09-03,ok,通商・国際経済・国際協力,活動記録
doyukai_2014_140409a.pdf,doyukai_2014_140409a,doyukai,経済団体,成長を促す法人課税と財政健全化の実現を,2014-04-09,20140409,提言,税制、財政,公開,https://www.doyukai.or.jp/policyproposals/articles/2014/pdf/140409a.pdf,2026-09-03,ok,税制・財政|マクロ経済・経済財政運営|産業政策・成長戦略,主張・提言
doyukai_2014_150326a.pdf,doyukai_2014_150326a,doyukai,経済団体,金融・資本市場からの規律による産業構造改革を目指して,2015-03-26,20150326,提言,マクロ経済、企業法制／ガバナンス,公開,https://www.doyukai.or.jp/policyproposals/articles/2014/pdf/150326a.pdf,2026-09-03,ok,金融・資本市場|企業経営・ガバナンス・サステナビリティ|産業政策・成長戦略,主張・提言
doyukai_2014_150121a.pdf,doyukai_2014_150121a,doyukai,経済団体,財政再建は待ったなし &#xff5e;次世代にツケを残すな&#xff5e;,2015-01-21,20150121,提言,財政,公開,https://www.doyukai.or.jp/policyproposals/articles/2014/pdf/150121a.pdf,2026-09-03,ok,税制・財政|社会保障（年金・医療・介護）|マクロ経済・経済財政運営,主張・提言
doyukai_2014_141023a.pdf,doyukai_2014_141023a,doyukai,経済団体,医療保険制度改革への要望（経済3団体）,2014-10-23,20141023,要望,医療・介護、社会保障,公開,https://www.doyukai.or.jp/policyproposals/articles/2014/pdf/141023a.pdf,2026-09-03,ok,社会保障（年金・医療・介護）|税制・財政,主張・提言
doyukai_2014_140702a.pdf,doyukai_2014_140702a,doyukai,経済団体,消費税の複数税率導入に反対する意見（9団体連名）,2014-07-02,20140702,意見,税制,公開,https://www.doyukai.or.jp/policyproposals/articles/2014/pdf/140702a.pdf,2026-09-03,ok,税制・財政|中小企業,主張・提言
doyukai_2014_140624a.pdf,doyukai_2014_140624a,doyukai,経済団体,医療・介護サービスの生産性改革を,2014-06-24,20140624,提言,医療・介護,公開,https://www.doyukai.or.jp/policyproposals/articles/2014/pdf/140624a_02.pdf,2026-09-03,ok,社会保障（年金・医療・介護）|行政改革・規制改革,主張・提言
doyukai_2014_140523b.pdf,doyukai_2014_140523b,doyukai,経済団体,「新成長戦略」に盛り込むべき金融面の施策,2014-05-23,20140523,提言,マクロ経済,公開,https://www.doyukai.or.jp/policyproposals/articles/2014/pdf/140523b.pdf,2026-09-03,ok,金融・資本市場|企業経営・ガバナンス・サステナビリティ|マクロ経済・経済財政運営,主張・提言
doyukai_2014_140515a.pdf,doyukai_2014_140515a,doyukai,経済団体,2013年度経済・金融委員会 活動報告書,2014-05-15,20140515,報告書,マクロ経済,公開,https://www.doyukai.or.jp/policyproposals/articles/2014/pdf/140515a_02.pdf,2026-09-03,ok,イノベーション・科学技術・スタートアップ|マクロ経済・経済財政運営|金融・資本市場,活動記録
doyukai_2015_160212a.pdf,doyukai_2015_160212a,doyukai,経済団体,経営者のリーダーシップによる 健康経営の実践と保険者機能の発揮,2016-02-15,20160215,提言,企業経営、医療・介護,公開,https://www.doyukai.or.jp/policyproposals/articles/2015/pdf/160215a.pdf,2026-09-03,ok,社会保障（年金・医療・介護）|企業経営・ガバナンス・サステナビリティ|労働・雇用,主張・提言
doyukai_2015_151208a.pdf,doyukai_2015_151208a,doyukai,経済団体,経済・財政再生計画（経済・財政一体改革）への意見,2015-12-08,20151208,意見,財政,公開,https://www.doyukai.or.jp/policyproposals/articles/2015/pdf/151208a.pdf,2026-09-03,ok,税制・財政|社会保障（年金・医療・介護）|マクロ経済・経済財政運営,主張・提言
doyukai_2015_151130a.pdf,doyukai_2015_151130a,doyukai,経済団体,「金融グループを巡る制度のあり方に関するワーキング・グループ」 に対する意見,2015-11-30,20151130,意見,規制・制度改革,公開,https://www.doyukai.or.jp/policyproposals/articles/2015/pdf/151130a.pdf,2026-09-03,ok,金融・資本市場|イノベーション・科学技術・スタートアップ|行政改革・規制改革,主張・提言
doyukai_2015_151021a.pdf,doyukai_2015_151021a,doyukai,経済団体,消費者契約法見直し「中間取りまとめ」に対する意見,2015-10-21,20151021,意見,企業法制／ガバナンス,公開,https://www.doyukai.or.jp/policyproposals/articles/2015/pdf/151021a.pdf,2026-09-03,ok,行政改革・規制改革|企業経営・ガバナンス・サステナビリティ,主張・提言
doyukai_2015_150601a.pdf,doyukai_2015_150601a,doyukai,経済団体,日本の変革なくして対日投資の拡大なし &#65374; 企業と政府の覚悟が鍵 &#65374;,2015-06-01,20150601,提言,企業経営、規制・制度改革、貿易／経済連携,公開,https://www.doyukai.or.jp/policyproposals/articles/2015/pdf/150601a.pdf,2026-09-03,ok,通商・国際経済・国際協力|労働・雇用|産業政策・成長戦略,主張・提言
doyukai_2015_150521a.pdf,doyukai_2015_150521a,doyukai,経済団体,地方創生に向けた地域金融機関の機能強化 -地域経済のカタリスト・ハブとして新たな貢献を-,2015-05-21,20150521,提言,マクロ経済、地域経済,公開,https://www.doyukai.or.jp/policyproposals/articles/2015/pdf/150521a_02.pdf,2026-09-03,ok,地域経済・観光・地方創生|金融・資本市場|中小企業,主張・提言
doyukai_2015_150424a.pdf,doyukai_2015_150424a,doyukai,経済団体,デジタルヘルス ― システムレベルでの イノベーションによる医療・介護改革を,2015-04-24,20150424,提言,デジタル化／IT、医療・介護,公開,https://www.doyukai.or.jp/policyproposals/articles/2015/pdf/150424a.pdf,2026-09-03,ok,社会保障（年金・医療・介護）|デジタル・情報通信|イノベーション・科学技術・スタートアップ,主張・提言
doyukai_2015_150421a.pdf,doyukai_2015_150421a,doyukai,経済団体,わが国の医療制度の持続可能性を高める ―破綻による国民の痛みを回避するために―,2015-04-21,20150421,提言,医療・介護、社会保障,公開,https://www.doyukai.or.jp/policyproposals/articles/2015/pdf/150421a.pdf,2026-09-03,ok,社会保障（年金・医療・介護）|税制・財政,主張・提言
doyukai_1995_950908.pdf,doyukai_1995_950908,doyukai,経済団体,規制撤廃・緩和に関する要望 — 行政改革委員会・規制緩和小委員会の活躍に期待する —,1995-09-08,19950908,要望,行政改革、規制・制度改革,公開,https://www.doyukai.or.jp/policyproposals/articles/1995/pdf/950908a.pdf,2026-09-03,ok,行政改革・規制改革|通商・国際経済・国際協力|産業政策・成長戦略,主張・提言
doyukai_2005_050706a.pdf,doyukai_2005_050706a,doyukai,経済団体,社会変革に挑むNPOには優れた経営者と志ある資金が必要である,2005-07-06,20050706,提言,ソーシャルセクター,公開,https://www.doyukai.or.jp/policyproposals/articles/2005/pdf/050706.pdf,2026-09-03,ok,企業経営・ガバナンス・サステナビリティ|税制・財政|労働・雇用,主張・提言
doyukai_2006_060721a.pdf,doyukai_2006_060721a,doyukai,経済団体,百聞は一見にしかず NPOの活動最前線で見た政策課題と我々の行動,2006-07-21,20060721,提言,ソーシャルセクター,公開,https://www.doyukai.or.jp/policyproposals/articles/2006/pdf/060721.pdf,2026-09-03,ok,労働・雇用|こども・子育て・人口|企業経営・ガバナンス・サステナビリティ,活動記録
doyukai_2010_100713a.pdf,doyukai_2010_100713a,doyukai,経済団体,市場を活用するソーシャルビジネス（社会性、事業性、革新性）の育成 &nbsp;&ndash;&nbsp;日本的市民社会の構築に向けて&nbsp;&ndash;&nbsp;,2010-07-13,20100713,提言,ソーシャルセクター,公開,https://www.doyukai.or.jp/policyproposals/articles/2010/pdf/100713a.pdf,2026-09-03,ok,企業経営・ガバナンス・サステナビリティ|産業政策・成長戦略|地域経済・観光・地方創生,主張・提言
doyukai_1998_980529_2.pdf,doyukai_1998_980529_2,doyukai,経済団体,少子・高齢化社会への提言 —「踏み出そう、少子化対策の第一歩」—,1998-05-29,19980529,提言,子ども・子育て、雇用・労働,公開,https://www.doyukai.or.jp/policyproposals/articles/1998/pdf/980529a.pdf,2026-09-03,ok,こども・子育て・人口|労働・雇用|多様性・人権・ジェンダー,主張・提言
doyukai_2004_050310a.pdf,doyukai_2004_050310a,doyukai,経済団体,個人の生活視点から少子化問題を考える -世代別価値観を踏まえた少子化対策提言-,2005-03-10,20050310,提言,子ども・子育て,公開,https://www.doyukai.or.jp/policyproposals/articles/2004/pdf/050310_02.pdf,2026-09-03,ok,こども・子育て・人口|労働・雇用|多様性・人権・ジェンダー,主張・提言
doyukai_2013_131220a.pdf,doyukai_2013_131220a,doyukai,経済団体,2013年度 訪中ミッション＜報告書＞,2013-12-20,20131220,報告書,外交・国際問題、海外視察／国際会議,公開,https://www.doyukai.or.jp/policyproposals/articles/2013/pdf/131220a.pdf,2026-09-03,ok,通商・国際経済・国際協力|外交・安全保障・経済安全保障,活動記録
doyukai_2011_111118b.pdf,doyukai_2011_111118b,doyukai,経済団体,2011年度中国委員会 中国ミッション&lt;報告書&gt;,2011-11-18,20111118,報告書,外交・国際問題、海外視察／国際会議,公開,https://www.doyukai.or.jp/policyproposals/articles/2011/pdf/111118b.pdf,2026-09-03,ok,通商・国際経済・国際協力,活動記録
doyukai_2010_110121b.pdf,doyukai_2010_110121b,doyukai,経済団体,実効性のある日中『戦略的互恵関係』の構築に向けて &nbsp;&ndash;&nbsp;日中両国政府への具体的提言&nbsp;&ndash;&nbsp;,2011-01-21,20110121,提言,外交・国際問題,公開,https://www.doyukai.or.jp/policyproposals/articles/2010/pdf/110121b_02.pdf,2026-09-03,ok,通商・国際経済・国際協力|外交・安全保障・経済安全保障,主張・提言
doyukai_2015_160219a.pdf,doyukai_2015_160219a,doyukai,経済団体,中国委員会 訪中ミッション報告書 &lt;2015年12月2日（水）&#65374;5日（土）／北京・武漢・上海&gt;,2016-02-19,20160219,報告書,外交・国際問題、海外視察／国際会議,公開,https://www.doyukai.or.jp/policyproposals/articles/2015/pdf/160219a.pdf,2026-09-03,ok,通商・国際経済・国際協力,活動記録
doyukai_2014_140925b.pdf,doyukai_2014_140925b,doyukai,経済団体,2014年度 訪中ミッション＜報告書＞,2014-09-25,20140925,報告書,外交・国際問題、海外視察／国際会議,公開,https://www.doyukai.or.jp/policyproposals/articles/2014/pdf/140925b.pdf,2026-09-03,ok,通商・国際経済・国際協力,活動記録
doyukai_2014_140804a.pdf,doyukai_2014_140804a,doyukai,経済団体,2013年度 欧州・ロシア・アフリカ委員会＜活動報告書・概要＞,2014-07-24,20140724,報告書,国際開発・協力、外交・国際問題,公開,https://www.doyukai.or.jp/policyproposals/articles/2014/pdf/140804a.pdf,2026-09-03,ok,通商・国際経済・国際協力|外交・安全保障・経済安全保障,活動記録
doyukai_2004_050406a.pdf,doyukai_2004_050406a,doyukai,経済団体,本格的な少子高齢化時代にふさわしい社会保障制度の確立 -半世紀を見通した持続可能な医療制度の抜本改革を中心に-,2005-04-06,20050406,提言,医療・介護、社会保障,公開,https://www.doyukai.or.jp/policyproposals/articles/2004/pdf/050406_01.pdf,2026-09-03,ok,社会保障（年金・医療・介護）|マクロ経済・経済財政運営|税制・財政,主張・提言
doyukai_2006_070411a.pdf,doyukai_2006_070411a,doyukai,経済団体,「日本の未来は本当に大丈夫か」 -改めて問う少子化対策-,2007-04-11,20070411,提言,子ども・子育て,公開,https://www.doyukai.or.jp/policyproposals/articles/2006/pdf/070411b.pdf,2026-09-03,ok,こども・子育て・人口|マクロ経済・経済財政運営|社会保障（年金・医療・介護）,主張・提言
doyukai_2007_071029a.pdf,doyukai_2007_071029a,doyukai,経済団体,国民生活の向上と市場創造の実現に向けて,2007-10-29,20071029,提言,規制・制度改革,公開,https://www.doyukai.or.jp/policyproposals/articles/2007/pdf/071029b.pdf,2026-09-03,ok,農林水産・食料|行政改革・規制改革,主張・提言
doyukai_2009_090629a.pdf,doyukai_2009_090629a,doyukai,経済団体,がんばる中小企業を応援するために-活性化に向けた課題-,2009-06-29,20090629,提言,中堅・中小企業、企業経営,公開,https://www.doyukai.or.jp/policyproposals/articles/2009/pdf/090629a.pdf,2026-09-03,ok,中小企業|産業政策・成長戦略,主張・提言
doyukai_2009_100331a.pdf,doyukai_2009_100331a,doyukai,経済団体,規制改革を通じて経済を再び成長路線へ,2010-03-31,20100331,提言,規制・制度改革,公開,https://www.doyukai.or.jp/policyproposals/articles/2009/pdf/100331b.pdf,2026-09-03,ok,行政改革・規制改革|マクロ経済・経済財政運営,主張・提言
doyukai_2010_100601a.pdf,doyukai_2010_100601a,doyukai,経済団体,次世代につなげる実効ある少子化対策の実施を &#xFF5E;危機意識を高めて、直ちに取り組むべし&#xFF5E;,2010-06-01,20100601,提言,子ども・子育て,公開,https://www.doyukai.or.jp/policyproposals/articles/2010/pdf/100601a.pdf,2026-09-03,ok,こども・子育て・人口|税制・財政|労働・雇用,主張・提言
doyukai_2015_160225a.pdf,doyukai_2015_160225a,doyukai,経済団体,長期的な視点に立ち、「マイナンバー制度」の定着に注力する,2016-02-25,20160225,提言,デジタル化／IT、行政改革,公開,https://www.doyukai.or.jp/policyproposals/articles/2015/pdf/160225a.pdf,2026-09-03,ok,デジタル・情報通信|行政改革・規制改革|社会保障（年金・医療・介護）,主張・提言
doyukai_2015_150604a.pdf,doyukai_2015_150604a,doyukai,経済団体,電子政府の推進と行政改革の諸課題について,2015-06-04,20150604,提言,デジタル化／IT、行政改革,公開,https://www.doyukai.or.jp/policyproposals/articles/2015/pdf/150604a.pdf,2026-09-03,ok,デジタル・情報通信|行政改革・規制改革,主張・提言
doyukai_2014_150304a.pdf,doyukai_2014_150304a,doyukai,経済団体,流通・取引慣行ガイドライン改正案に対する意見 （パブリック・コメント）,2015-03-04,20150304,意見,規制・制度改革,公開,https://www.doyukai.or.jp/policyproposals/articles/2014/pdf/150304a.pdf,2026-09-03,ok,行政改革・規制改革|企業経営・ガバナンス・サステナビリティ,主張・提言
doyukai_2014_141126b.pdf,doyukai_2014_141126b,doyukai,経済団体,産業構造に合った競争政策の実現を &#65374;流通・取引慣行ガイドラインの見直しに関する提言,2014-11-26,20141126,提言,規制・制度改革,公開,https://www.doyukai.or.jp/policyproposals/articles/2014/pdf/141126b.pdf,2026-09-03,ok,行政改革・規制改革|産業政策・成長戦略,主張・提言
doyukai_2014_140711a.pdf,doyukai_2014_140711a,doyukai,経済団体,「独占禁止法審査手続に関する論点整理」に対する意見（パブリック・コメント）,2014-07-11,20140711,意見,企業法制／ガバナンス,公開,https://www.doyukai.or.jp/policyproposals/articles/2014/pdf/140711a.pdf,2026-09-03,ok,行政改革・規制改革|企業経営・ガバナンス・サステナビリティ,主張・提言
doyukai_2013_130410a.pdf,doyukai_2013_130410a,doyukai,経済団体,公正取引委員会審判制度廃止の早期実現を求める（6団体連名）,2013-04-10,20130410,提言,規制・制度改革,公開,https://www.doyukai.or.jp/policyproposals/articles/2013/pdf/130410a.pdf,2026-09-03,ok,行政改革・規制改革|政治・統治機構・憲法|企業経営・ガバナンス・サステナビリティ,主張・提言
doyukai_2011_120321a.pdf,doyukai_2011_120321a,doyukai,経済団体,次世代へ誇れる番号制度システムの実現を &#xFF5E; 国益 ＞ 国民益 ＞ 政治家益・省益・企業益 &#xFF5E;,2012-03-21,20120321,提言,デジタル化／IT、行政改革,公開,https://www.doyukai.or.jp/policyproposals/articles/2011/pdf/120321a.pdf,2026-09-03,ok,デジタル・情報通信|行政改革・規制改革,主張・提言
doyukai_2011_111201a.pdf,doyukai_2011_111201a,doyukai,経済団体,高速道路の整備・運営は民間活力の発揮で ―国土交通省「高速道路のあり方検討有識者委員会」への意見―,2011-12-01,20111201,意見,規制・制度改革,公開,https://www.doyukai.or.jp/policyproposals/articles/2011/pdf/111201a_1.pdf,2026-09-03,ok,国土・住宅・交通・防災|行政改革・規制改革|マクロ経済・経済財政運営,主張・提言
doyukai_1995_960408.pdf,doyukai_1995_960408,doyukai,経済団体,安全保障問題調査会報告書,1996-04-08,19960408,報告書,安全保障／経済安全保障,公開,https://www.doyukai.or.jp/policyproposals/articles/1995/pdf/960408a.pdf,2026-09-03,ok,外交・安全保障・経済安全保障,主張・提言
doyukai_1996_970421.pdf,doyukai_1996_970421,doyukai,経済団体,安全保障問題に関する意識調査 調査結果,1997-04-21,19970421,資料,安全保障／経済安全保障、調査・アンケート,公開,https://www.doyukai.or.jp/policyproposals/articles/1996/pdf/970421a.pdf,2026-09-03,ok,外交・安全保障・経済安全保障,内部調査・会員アンケート
doyukai_1998_980624.pdf,doyukai_1998_980624,doyukai,経済団体,『市場の提供』による国益の実現 — 民間の知恵を活かした総合経済外交戦略 —,1998-06-24,19980624,提言,外交・国際問題,公開,https://www.doyukai.or.jp/policyproposals/articles/1998/pdf/980624a.pdf,2026-09-03,ok,外交・安全保障・経済安全保障|通商・国際経済・国際協力,主張・提言
doyukai_2010_100524a.pdf,doyukai_2010_100524a,doyukai,経済団体,21世紀 中小企業ニューディール政策 &nbsp;&ndash;&nbsp;幸せで豊かで活力ある『中小輝業』へのフロンティア&nbsp;&ndash;&nbsp;,2010-05-24,20100524,提言,中堅・中小企業、企業経営、地域経済、製造業／ものづくり,公開,https://www.doyukai.or.jp/policyproposals/articles/2010/pdf/100524a_01.pdf,2026-09-03,ok,中小企業|地域経済・観光・地方創生|産業政策・成長戦略,主張・提言
doyukai_1995_951215.pdf,doyukai_1995_951215,doyukai,経済団体,競争促進・民間主導型経済の構築に向けた企業・経営者自らの取り組みについての意識調査 —アンケート結果について,1995-12-15,19951215,資料,企業経営、調査・アンケート,公開,https://www.doyukai.or.jp/policyproposals/articles/1995/pdf/951215a.pdf,2026-09-03,ok,企業経営・ガバナンス・サステナビリティ|マクロ経済・経済財政運営,内部調査・会員アンケート
doyukai_1995_950623.pdf,doyukai_1995_950623,doyukai,経済団体,企業家精神復活 — 日本経済の新たなる飛躍に向けて —,1995-06-23,19950623,提言,企業経営、起業／スタートアップ,公開,https://www.doyukai.or.jp/policyproposals/articles/1995/pdf/950623a.pdf,2026-09-03,ok,イノベーション・科学技術・スタートアップ|人材・教育|企業経営・ガバナンス・サステナビリティ,主張・提言
doyukai_1995_960405.pdf,doyukai_1995_960405,doyukai,経済団体,新たな時代における日本企業の意思決定のあり方 — 「戦略開拓経営」への企業革新 —,1996-04-05,19960405,提言,企業法制／ガバナンス、企業経営,公開,https://www.doyukai.or.jp/policyproposals/articles/1995/pdf/960405a.pdf,2026-09-03,ok,企業経営・ガバナンス・サステナビリティ,主張・提言
doyukai_1996_970122.pdf,doyukai_1996_970122,doyukai,経済団体,グローバル化に対応する企業法制の整備を目指して — 民間主導の市場経済に向けた法制度と立法・司法の改革 —,1997-01-22,19970122,提言,企業法制／ガバナンス,公開,https://www.doyukai.or.jp/policyproposals/articles/1996/pdf/970122a.pdf,2026-09-03,ok,企業経営・ガバナンス・サステナビリティ|行政改革・規制改革|政治・統治機構・憲法,主張・提言
doyukai_1998_990309.pdf,doyukai_1998_990309,doyukai,経済団体,緊急提言「早急に取り組むべき我が国の安全保障上の四つの課題」,1999-03-09,19990309,提言,安全保障／経済安全保障,公開,https://www.doyukai.or.jp/policyproposals/articles/1998/pdf/990309a.pdf,2026-09-03,ok,外交・安全保障・経済安全保障|政治・統治機構・憲法,主張・提言
doyukai_2000_010425a.pdf,doyukai_2000_010425a,doyukai,経済団体,平和と繁栄の21世紀を目指して -新時代にふさわしい積極的な外交と安全保障政策の展開を-,2001-04-25,20010425,提言,外交・国際問題、安全保障／経済安全保障,公開,https://www.doyukai.or.jp/policyproposals/articles/2000/pdf/010425a_01.pdf,2026-09-03,ok,外交・安全保障・経済安全保障|通商・国際経済・国際協力|政治・統治機構・憲法,主張・提言
doyukai_2006_060831a.pdf,doyukai_2006_060831a,doyukai,経済団体,新たな外交・安全保障政策の基本方針 国益と地球益の未来最適を追求する,2006-09-01,20060901,提言,外交・国際問題、安全保障／経済安全保障,公開,https://www.doyukai.or.jp/policyproposals/articles/2006/pdf/060831.pdf,2026-09-03,ok,外交・安全保障・経済安全保障|エネルギー・環境|通商・国際経済・国際協力,主張・提言
doyukai_2008_090325a.pdf,doyukai_2008_090325a,doyukai,経済団体,真に尊敬され信頼される国家としての経済外交,2009-03-25,20090325,提言,外交・国際問題,公開,https://www.doyukai.or.jp/policyproposals/articles/2008/pdf/090325b.pdf,2026-09-03,ok,外交・安全保障・経済安全保障|通商・国際経済・国際協力|マクロ経済・経済財政運営,主張・提言
doyukai_2012_120425a.pdf,doyukai_2012_120425a,doyukai,経済団体,経済連携協定交渉に臨む「9つの基本原則」 &#xff5e;TPPをはじめとする高水準の協定交渉を進めよ&#xff5e;,2012-04-25,20120425,提言,貿易／経済連携,公開,https://www.doyukai.or.jp/policyproposals/articles/2012/pdf/120425a.pdf,2026-09-03,ok,通商・国際経済・国際協力|産業政策・成長戦略|農林水産・食料,主張・提言
doyukai_2010_110203a.pdf,doyukai_2010_110203a,doyukai,経済団体,世界構造の変化と日本外交新次元への進化 &nbsp;&ndash;&nbsp;日本力を発揚する主体的総合外交戦略&nbsp;&ndash;&nbsp;,2011-02-03,20110203,提言,外交・国際問題,公開,https://www.doyukai.or.jp/policyproposals/articles/2010/pdf/110203a_03.pdf,2026-09-03,ok,外交・安全保障・経済安全保障|通商・国際経済・国際協力,主張・提言
doyukai_2013_140210a.pdf,doyukai_2013_140210a,doyukai,経済団体,TPP交渉の早期妥結を求める（3団体共同提言）,2014-02-10,20140210,提言,貿易／経済連携,公開,https://www.doyukai.or.jp/policyproposals/articles/2013/pdf/140210a.pdf,2026-09-03,ok,通商・国際経済・国際協力|農林水産・食料|マクロ経済・経済財政運営,主張・提言
doyukai_2013_130926a.pdf,doyukai_2013_130926a,doyukai,経済団体,TPP首脳会合（於：バリ）に向けた意見,2013-09-26,20130926,意見,貿易／経済連携,公開,https://www.doyukai.or.jp/policyproposals/articles/2013/pdf/130926a.pdf,2026-09-03,ok,通商・国際経済・国際協力|産業政策・成長戦略|エネルギー・環境,主張・提言
doyukai_2013_130405a.pdf,doyukai_2013_130405a,doyukai,経済団体,「実行可能」な安全保障の再構築,2013-04-05,20130405,提言,安全保障／経済安全保障,公開,https://www.doyukai.or.jp/policyproposals/articles/2013/pdf/130405a_02.pdf,2026-09-03,ok,外交・安全保障・経済安全保障|政治・統治機構・憲法,主張・提言
doyukai_2012_130321a.pdf,doyukai_2012_130321a,doyukai,経済団体,海洋立国を日本経済成長のエンジンに &#xff5e;次期海洋基本計画の策定にあたって&#xff5e;,2013-03-21,20130321,提言,安全保障／経済安全保障,公開,https://www.doyukai.or.jp/policyproposals/articles/2012/pdf/130321a.pdf,2026-09-03,ok,エネルギー・環境|産業政策・成長戦略|国土・住宅・交通・防災,主張・提言
doyukai_1999_991213a.pdf,doyukai_1999_991213a,doyukai,経済団体,「企業の採用と学校教育に関するアンケート調査」結果,1999-12-13,19991213,提言,教育,公開,https://www.doyukai.or.jp/policyproposals/articles/1999/pdf/991213a.pdf,2026-09-03,ok,人材・教育|労働・雇用,内部調査・会員アンケート
doyukai_1996_970404.pdf,doyukai_1996_970404,doyukai,経済団体,「企業行動規範」関連アンケート調査結果について,1997-04-04,19970404,資料,企業経営、調査・アンケート,公開,https://www.doyukai.or.jp/policyproposals/articles/1996/pdf/970404a.pdf,2026-09-03,ok,企業経営・ガバナンス・サステナビリティ,内部調査・会員アンケート
doyukai_1998_980701.pdf,doyukai_1998_980701,doyukai,経済団体,創造と革新を支える企業内技術者教育,1998-07-01,19980701,提言,人材、教育,公開,https://www.doyukai.or.jp/policyproposals/articles/1998/pdf/980701a.pdf,2026-09-03,ok,人材・教育|イノベーション・科学技術・スタートアップ,主張・提言
doyukai_2002_no15.pdf,doyukai_2002_no15,doyukai,経済団体,第15回企業白書「市場の進化」と社会的責任経営 -企業の信頼構築と持続的な価値創造に向けて-,2003-03-26,20030326,提言,CSR／サステナビリティ経営、企業白書,公開,https://www.doyukai.or.jp/whitepaper/articles/pdf/no15/030326_1.pdf,2026-09-03,ok,企業経営・ガバナンス・サステナビリティ,主張・提言
doyukai_1999_990427a.txt,doyukai_1999_990427a,doyukai,経済団体,21世紀をリードする企業経営の実現のために -会計2000年問題を乗り越えて-,1999-04-27,19990427,提言,企業経営,公開,https://www.doyukai.or.jp/policyproposals/1999/990427a.html,2026-09-03,html_text,企業経営・ガバナンス・サステナビリティ|金融・資本市場|社会保障（年金・医療・介護）,主張・提言
doyukai_2000_001212a.pdf,doyukai_2000_001212a,doyukai,経済団体,新時代に向けた企業経営&#xff5e;革新への考察&#xff5e;,2000-12-12,20001212,提言,企業経営,公開,https://www.doyukai.or.jp/policyproposals/articles/2000/pdf/001212c.pdf,2026-09-03,ok,企業経営・ガバナンス・サステナビリティ|産業政策・成長戦略|デジタル・情報通信,主張・提言
doyukai_2000_010116a.pdf,doyukai_2000_010116a,doyukai,経済団体,「株価対策」についての意見,2001-01-16,20010116,意見,企業経営、税制,公開,https://www.doyukai.or.jp/policyproposals/articles/2000/pdf/010116.pdf,2026-09-03,ok,金融・資本市場|企業経営・ガバナンス・サステナビリティ,主張・提言
doyukai_2002_020702a.pdf,doyukai_2002_020702a,doyukai,経済団体,企業競争力の基盤強化を目指したコーポレート・ガバナンス改革,2002-07-02,20020702,提言,企業法制／ガバナンス,公開,https://www.doyukai.or.jp/policyproposals/articles/2002/pdf/020702_1.pdf,2026-09-03,ok,企業経営・ガバナンス・サステナビリティ,主張・提言
doyukai_2002_030204a.pdf,doyukai_2002_030204a,doyukai,経済団体,企業の社会的責任 -欧州調査報告、アンケート調査結果-,2003-02-04,20030204,資料,CSR／サステナビリティ経営、企業経営、調査・アンケート,公開,https://www.doyukai.or.jp/policyproposals/articles/2002/pdf/030204_0.pdf,2026-09-03,ok,企業経営・ガバナンス・サステナビリティ|通商・国際経済・国際協力,活動記録
doyukai_2003_030507a.pdf,doyukai_2003_030507a,doyukai,経済団体,「株券不発行制度及び電子公告制度導入に関する要網中間試案」に対する意見,2003-05-07,20030507,意見,企業法制／ガバナンス,公開,https://www.doyukai.or.jp/policyproposals/articles/2003/pdf/030507.pdf,2026-09-03,ok,企業経営・ガバナンス・サステナビリティ|金融・資本市場|行政改革・規制改革,主張・提言
doyukai_2003_040413a.pdf,doyukai_2003_040413a,doyukai,経済団体,『顧客価値創造と高効率経営による企業競争力の強化』 -経営者自らがリードする変革の実現-,2004-04-13,20040413,提言,CSR／サステナビリティ経営、企業経営,公開,https://www.doyukai.or.jp/policyproposals/articles/2003/pdf/040413_02.pdf,2026-09-03,ok,企業経営・ガバナンス・サステナビリティ|産業政策・成長戦略,主張・提言
doyukai_2014_140618.pdf,doyukai_2014_140618,doyukai,経済団体,2014年6月（第109回）景気定点観測アンケート調査結果,2014-06-18,20140618,資料,マクロ経済、企業経営、調査・アンケート,公開,https://www.doyukai.or.jp/bizactivity/articles/2014/pdf/140618.pdf,2026-09-03,ok,マクロ経済・経済財政運営|企業経営・ガバナンス・サステナビリティ|税制・財政,内部調査・会員アンケート
doyukai_2014_140917.pdf,doyukai_2014_140917,doyukai,経済団体,2014年9月（第110回）景気定点観測アンケート調査結果,2014-09-17,20140917,資料,マクロ経済、企業経営、調査・アンケート,公開,https://www.doyukai.or.jp/bizactivity/articles/2014/pdf/140917.pdf,2026-09-03,ok,マクロ経済・経済財政運営,内部調査・会員アンケート
doyukai_2014_141217.pdf,doyukai_2014_141217,doyukai,経済団体,2014年12月（第111回）景気定点観測アンケート調査結果,2014-12-17,20141217,資料,マクロ経済、企業経営、調査・アンケート,公開,https://www.doyukai.or.jp/bizactivity/articles/2014/pdf/141217.pdf,2026-09-03,ok,マクロ経済・経済財政運営|労働・雇用,内部調査・会員アンケート
doyukai_2014_150318.pdf,doyukai_2014_150318,doyukai,経済団体,2015年3月（第112回）景気定点観測アンケート調査結果,2015-03-18,20150318,資料,マクロ経済、企業経営、調査・アンケート,公開,https://www.doyukai.or.jp/bizactivity/articles/2015/pdf/150318.pdf,2026-09-03,ok,マクロ経済・経済財政運営|労働・雇用|企業経営・ガバナンス・サステナビリティ,内部調査・会員アンケート
doyukai_2015_150617.pdf,doyukai_2015_150617,doyukai,経済団体,2015年6月（第113回）景気定点観測アンケート調査結果,2015-06-17,20150617,資料,マクロ経済、企業経営、調査・アンケート,公開,https://www.doyukai.or.jp/bizactivity/articles/2015/pdf/150617.pdf,2026-09-03,ok,マクロ経済・経済財政運営,内部調査・会員アンケート
doyukai_2015_150914.pdf,doyukai_2015_150914,doyukai,経済団体,2015年9月（第114回）景気定点観測アンケート調査結果,2015-09-14,20150914,資料,マクロ経済、企業経営、調査・アンケート,公開,https://www.doyukai.or.jp/bizactivity/articles/2015/pdf/150914.pdf,2026-09-03,ok,マクロ経済・経済財政運営,内部調査・会員アンケート
doyukai_2015_151217.pdf,doyukai_2015_151217,doyukai,経済団体,2015年12月（第115回）景気定点観測アンケート調査結果,2015-12-17,20151217,資料,マクロ経済、企業経営、調査・アンケート,公開,https://www.doyukai.or.jp/bizactivity/articles/2015/pdf/151217.pdf,2026-09-03,ok,マクロ経済・経済財政運営,内部調査・会員アンケート
doyukai_2015_160316.pdf,doyukai_2015_160316,doyukai,経済団体,2016年3月（第116回）景気定点観測アンケート調査結果,2016-03-16,20160316,資料,マクロ経済、企業経営、調査・アンケート,公開,https://www.doyukai.or.jp/bizactivity/articles/2015/pdf/160316.pdf,2026-09-03,ok,マクロ経済・経済財政運営|労働・雇用,内部調査・会員アンケート
doyukai_2003_030606a.pdf,doyukai_2003_030606a,doyukai,経済団体,「リスク管理・内部統制に関する研究会報告書案（リスクマネジメントと一体となって機能する内部統制に係る指針）」に対する意見,2003-06-06,20030606,意見,企業法制／ガバナンス、企業経営,公開,https://www.doyukai.or.jp/policyproposals/articles/2003/pdf/030606.pdf,2026-09-03,ok,企業経営・ガバナンス・サステナビリティ|行政改革・規制改革,主張・提言
doyukai_2003_040406a.pdf,doyukai_2003_040406a,doyukai,経済団体,「コーポレート・ガバナンス改革に関するアンケート調査」結果,2004-04-06,20040406,提言,企業法制／ガバナンス、調査・アンケート,公開,https://www.doyukai.or.jp/policyproposals/articles/2003/pdf/040406_02.pdf,2026-09-03,ok,企業経営・ガバナンス・サステナビリティ,内部調査・会員アンケート
doyukai_2004_040617a.pdf,doyukai_2004_040617a,doyukai,経済団体,新事業創造立国の実現に向けて — 個人と企業のイノベーションと我々のアクションプラン —,2004-06-17,20040617,提言,起業／スタートアップ,公開,https://www.doyukai.or.jp/policyproposals/articles/2004/pdf/040617_01.pdf,2026-09-03,ok,イノベーション・科学技術・スタートアップ|企業経営・ガバナンス・サステナビリティ|労働・雇用,主張・提言
doyukai_2005_050531a.pdf,doyukai_2005_050531a,doyukai,経済団体,起業による新事業創造の促進にむけて,2005-06-01,20050601,提言,起業／スタートアップ,公開,https://www.doyukai.or.jp/policyproposals/articles/2005/pdf/050531.pdf,2026-09-03,ok,イノベーション・科学技術・スタートアップ|税制・財政|企業経営・ガバナンス・サステナビリティ,主張・提言
doyukai_2005_060410a.pdf,doyukai_2005_060410a,doyukai,経済団体,CEO交代プロセスのイノベーション -「企業イノベーション」の継続的な遂行を目指して-,2006-04-10,20060410,提言,企業法制／ガバナンス、企業経営,公開,https://www.doyukai.or.jp/policyproposals/articles/2005/pdf/060410.pdf,2026-09-03,ok,企業経営・ガバナンス・サステナビリティ,主張・提言
doyukai_2005_060412a.pdf,doyukai_2005_060412a,doyukai,経済団体,企業価値向上の実現に向けて -経営者の果たすべき役割と責務-,2006-04-12,20060412,提言,企業法制／ガバナンス、企業経営,公開,https://www.doyukai.or.jp/policyproposals/articles/2005/pdf/060412.pdf,2026-09-03,ok,企業経営・ガバナンス・サステナビリティ|金融・資本市場,主張・提言
doyukai_2005_050511a.pdf,doyukai_2005_050511a,doyukai,経済団体,企業イノベーション - 企業価値向上のための成長戦略 -,2005-05-11,20050511,提言,企業経営,公開,https://www.doyukai.or.jp/policyproposals/articles/2005/pdf/050511_01.pdf,2026-09-03,ok,企業経営・ガバナンス・サステナビリティ|産業政策・成長戦略,主張・提言
doyukai_2006_060427a.pdf,doyukai_2006_060427a,doyukai,経済団体,企業・経営者が拓く日本経済の未来 - 人口減少社会を乗り越える需要創造経営の実践を -,2006-04-27,20060427,提言,企業経営,公開,https://www.doyukai.or.jp/policyproposals/articles/2006/pdf/060427.pdf,2026-09-03,ok,産業政策・成長戦略|こども・子育て・人口|国土・住宅・交通・防災,主張・提言
doyukai_2006_060907a.pdf,doyukai_2006_060907a,doyukai,経済団体,「独占禁止法における違反抑止制度の在り方に関する論点整理」 に係る意見,2006-09-07,20060907,意見,企業法制／ガバナンス,公開,https://www.doyukai.or.jp/policyproposals/articles/2006/pdf/060907.pdf,2026-09-03,ok,企業経営・ガバナンス・サステナビリティ|行政改革・規制改革,主張・提言
doyukai_2006_070202a.pdf,doyukai_2006_070202a,doyukai,経済団体,日本のイノベーション戦略&#xff5e;トップがコミットし、自ら実行すべし&#xff5e;,2007-02-02,20070202,提言,イノベーション／研究開発,公開,https://www.doyukai.or.jp/policyproposals/articles/2006/pdf/070202.pdf,2026-09-03,ok,イノベーション・科学技術・スタートアップ|産業政策・成長戦略,主張・提言
doyukai_2006_070222a.pdf,doyukai_2006_070222a,doyukai,経済団体,「企業結合審査に関する独占禁止法の運用指針」等の見直しに関する意見,2007-02-22,20070222,意見,企業法制／ガバナンス,公開,https://www.doyukai.or.jp/policyproposals/articles/2006/pdf/070222.pdf,2026-09-03,ok,企業経営・ガバナンス・サステナビリティ|行政改革・規制改革|産業政策・成長戦略,主張・提言
doyukai_2007_070509a.pdf,doyukai_2007_070509a,doyukai,経済団体,経営者のあるべき姿とは -確固たる倫理観に立脚したプロフェッショナリズムとリーダーシップ-,2007-05-09,20070509,提言,企業経営,公開,https://www.doyukai.or.jp/policyproposals/articles/2007/pdf/070509b.pdf,2026-09-03,ok,企業経営・ガバナンス・サステナビリティ,主張・提言
doyukai_2009_091228a.pdf,doyukai_2009_091228a,doyukai,経済団体,経済同友会政策提言要覧2009,2009-12-28,20091228,提言,その他,公開,https://www.doyukai.or.jp/policyproposals/articles/2009/pdf/091228a.pdf,2026-09-03,ok,政治・統治機構・憲法|外交・安全保障・経済安全保障|社会保障（年金・医療・介護）,主張・提言
doyukai_2007_080414a.pdf,doyukai_2007_080414a,doyukai,経済団体,健全なM&amp;Aを促す法改正を &#xff5e;悪質な買収リスクを低減し、健全なM&amp;Aの促進を通じて 日本経済の持続的成長を図るために&#xff5e;,2008-04-14,20080414,提言,企業法制／ガバナンス、企業経営,公開,https://www.doyukai.or.jp/policyproposals/articles/2007/pdf/080414b.pdf,2026-09-03,ok,企業経営・ガバナンス・サステナビリティ|行政改革・規制改革,主張・提言
doyukai_2007_080423a.pdf,doyukai_2007_080423a,doyukai,経済団体,高い目標を達成するイノベーション志向経営の展開,2008-04-23,20080423,提言,イノベーション／研究開発、企業経営,公開,https://www.doyukai.or.jp/policyproposals/articles/2007/pdf/080423a.pdf,2026-09-03,ok,イノベーション・科学技術・スタートアップ|企業経営・ガバナンス・サステナビリティ|エネルギー・環境,主張・提言
doyukai_2008_080507a.pdf,doyukai_2008_080507a,doyukai,経済団体,世界から信頼されるものづくりを目指して,2008-05-07,20080507,提言,製造業／ものづくり,公開,https://www.doyukai.or.jp/policyproposals/articles/2008/pdf/080507b.pdf,2026-09-03,ok,産業政策・成長戦略|イノベーション・科学技術・スタートアップ|通商・国際経済・国際協力,主張・提言
doyukai_2008_080702a.pdf,doyukai_2008_080702a,doyukai,経済団体,新・日本流経営の創造,2008-07-02,20080702,提言,CSR／サステナビリティ経営、イノベーション／研究開発、企業経営,公開,https://www.doyukai.or.jp/policyproposals/articles/2008/pdf/080702a.pdf,2026-09-03,ok,企業経営・ガバナンス・サステナビリティ|産業政策・成長戦略,主張・提言
doyukai_2008_090330a.pdf,doyukai_2008_090330a,doyukai,経済団体,世界に貢献するものづくりを目指して &#xff5e;「クオリティチェーン」でつながる新時代のものづくり&#xff5e;,2009-03-30,20090330,提言,製造業／ものづくり,公開,https://www.doyukai.or.jp/policyproposals/articles/2008/pdf/090330b.pdf,2026-09-03,ok,産業政策・成長戦略|イノベーション・科学技術・スタートアップ|人材・教育,主張・提言
doyukai_2009_100315a.pdf,doyukai_2009_100315a,doyukai,経済団体,「企業内容等の開示に関する内閣府令（案）」等に対する意見,2010-03-15,20100315,意見,企業法制／ガバナンス,公開,https://www.doyukai.or.jp/policyproposals/articles/2009/pdf/100315a.pdf,2026-09-03,ok,企業経営・ガバナンス・サステナビリティ|金融・資本市場,主張・提言
doyukai_2009_100324a.pdf,doyukai_2009_100324a,doyukai,経済団体,日本的コーポレート・ガバナンスのさらなる深化,2010-03-24,20100324,提言,企業法制／ガバナンス,公開,https://www.doyukai.or.jp/policyproposals/articles/2009/pdf/100324b.pdf,2026-09-03,ok,企業経営・ガバナンス・サステナビリティ,主張・提言
doyukai_2010_110228a.pdf,doyukai_2010_110228a,doyukai,経済団体,法制審議会「会社法制部会」への意見,2011-02-28,20110228,意見,企業法制／ガバナンス,公開,https://www.doyukai.or.jp/policyproposals/articles/2010/pdf/110228a_02.pdf,2026-09-03,ok,企業経営・ガバナンス・サステナビリティ|政治・統治機構・憲法,主張・提言
doyukai_2013_131028a.pdf,doyukai_2013_131028a,doyukai,経済団体,会社法改正審議を通した企業統治改革の加速実現を,2013-10-28,20131028,提言,企業法制／ガバナンス,公開,https://www.doyukai.or.jp/policyproposals/articles/2013/pdf/131028a.pdf,2026-09-03,ok,企業経営・ガバナンス・サステナビリティ|政治・統治機構・憲法,主張・提言
doyukai_2013_130603a.pdf,doyukai_2013_130603a,doyukai,経済団体,「民法（債権関係）の改正に関する中間試案」に対する意見 （パブリック･コメント）,2013-06-03,20130603,意見,企業法制／ガバナンス,公開,https://www.doyukai.or.jp/policyproposals/articles/2013/pdf/130603a.pdf,2026-09-03,ok,企業経営・ガバナンス・サステナビリティ|行政改革・規制改革,主張・提言
doyukai_2012_121121a.pdf,doyukai_2012_121121a,doyukai,経済団体,公的資金による企業再生支援のあり方,2012-11-21,20121121,提言,企業経営,公開,https://www.doyukai.or.jp/policyproposals/articles/2012/pdf/121121a.pdf,2026-09-03,ok,企業経営・ガバナンス・サステナビリティ|マクロ経済・経済財政運営|産業政策・成長戦略,主張・提言
doyukai_2012_120419a.pdf,doyukai_2012_120419a,doyukai,経済団体,クライシス・マネジメントに関するアンケート調査結果,2012-04-19,20120419,資料,企業経営、調査・アンケート、防災／震災復興,公開,https://www.doyukai.or.jp/policyproposals/articles/2012/pdf/120419a.pdf,2026-09-03,ok,企業経営・ガバナンス・サステナビリティ|国土・住宅・交通・防災,内部調査・会員アンケート
doyukai_2011_120130a.pdf,doyukai_2011_120130a,doyukai,経済団体,法制審議会会社法制部会「会社法制の見直しに関する中間試案」への意見 （パブリック･コメント）,2012-01-30,20120130,意見,企業法制／ガバナンス,公開,https://www.doyukai.or.jp/policyproposals/articles/2011/pdf/120130a.pdf,2026-09-03,ok,企業経営・ガバナンス・サステナビリティ|政治・統治機構・憲法,主張・提言
doyukai_1996_no12.txt,doyukai_1996_no12,doyukai,経済団体,第12回企業白書,1996-05-21,19960521,提言,企業法制／ガバナンス、企業白書、企業経営,公開,https://www.doyukai.or.jp/policyproposals/1996/no12.html,2026-09-03,html_text,企業経営・ガバナンス・サステナビリティ,主張・提言
doyukai_2010_100408a.pdf,doyukai_2010_100408a,doyukai,経済団体,民法（債権関係）改正に関する意見書 &ndash;&nbsp;より良い経済社会の基盤となる債権法の実現に向けた国民的議論を &nbsp;&ndash;&nbsp;,2010-04-08,20100408,意見,企業法制／ガバナンス,公開,https://www.doyukai.or.jp/policyproposals/articles/2010/pdf/100408b.pdf,2026-09-03,ok,政治・統治機構・憲法|企業経営・ガバナンス・サステナビリティ,主張・提言
doyukai_2010_100804a.pdf,doyukai_2010_100804a,doyukai,経済団体,「企業経営に関するアンケート調査」の結果 &nbsp;&ndash;&nbsp;「新・日本流経営」の進化・発展に向けた指針&nbsp;&ndash;&nbsp;,2010-08-04,20100804,提言,企業経営、調査・アンケート,公開,https://www.doyukai.or.jp/policyproposals/articles/2010/pdf/100804a.pdf,2026-09-03,ok,企業経営・ガバナンス・サステナビリティ,内部調査・会員アンケート
doyukai_2011_110701a.pdf,doyukai_2011_110701a,doyukai,経済団体,リスク管理、特にクライシス・マネジメントの再考 &ndash; 経営者が早急にチェックすべきポイント &ndash;,2011-07-01,20110701,提言,企業経営、防災／震災復興,公開,https://www.doyukai.or.jp/policyproposals/articles/2011/pdf/110701a.pdf,2026-09-03,ok,企業経営・ガバナンス・サステナビリティ|国土・住宅・交通・防災,主張・提言
doyukai_1998_no13.txt,doyukai_1998_no13,doyukai,経済団体,第13回企業白書,1998-04-21,19980421,提言,人材、企業法制／ガバナンス、企業白書、企業経営,公開,https://www.doyukai.or.jp/policyproposals/1998/no13.html,2026-09-03,html_text,企業経営・ガバナンス・サステナビリティ|労働・雇用|マクロ経済・経済財政運営,主張・提言
doyukai_1998_no14.txt,doyukai_1998_no14,doyukai,経済団体,第14回企業白書「“個”の競争力向上による日本企業の再生 -経営者の能力が問われる時代」-,1999-02-18,19990218,提言,人材、企業法制／ガバナンス、企業白書、企業経営,公開,https://www.doyukai.or.jp/whitepaper/articles/no14.html,2026-09-03,html_text,企業経営・ガバナンス・サステナビリティ|人材・教育|労働・雇用,主張・提言
doyukai_1997_no13.txt,doyukai_1997_no13,doyukai,経済団体,第13回企業白書 「資本効率重視経営 - 日本企業再活性化のための提案」,1998-04-21,19980421,提言,人材、企業法制／ガバナンス、企業白書、企業経営,公開,https://www.doyukai.or.jp/whitepaper/articles/no13.html,2026-09-03,html_text,企業経営・ガバナンス・サステナビリティ|金融・資本市場|マクロ経済・経済財政運営,主張・提言
doyukai_1999_no14.txt,doyukai_1999_no14,doyukai,経済団体,第14回企業白書,1999-02-18,19990218,提言,人材、企業法制／ガバナンス、企業白書、企業経営,公開,https://www.doyukai.or.jp/policyproposals/1999/no14.html,2026-09-03,html_text,企業経営・ガバナンス・サステナビリティ|人材・教育,主張・提言
doyukai_2013_no17.pdf,doyukai_2013_no17,doyukai,経済団体,第17回企業白書 持続可能な経営の実現,2013-04-24,20130424,提言,CSR／サステナビリティ経営、企業白書,公開,https://www.doyukai.or.jp/whitepaper/articles/pdf/no17/130424_02.pdf,2026-09-03,ok,企業経営・ガバナンス・サステナビリティ|産業政策・成長戦略|イノベーション・科学技術・スタートアップ,主張・提言
doyukai_2009_no16.pdf,doyukai_2009_no16,doyukai,経済団体,第16回企業白書&#xff5e;「新・日本流経営の創造」&#xff5e;,2009-07-03,20090703,提言,企業白書,公開,https://www.doyukai.or.jp/whitepaper/articles/pdf/no16/090703_1.pdf,2026-09-03,ok,企業経営・ガバナンス・サステナビリティ|産業政策・成長戦略|マクロ経済・経済財政運営,主張・提言
doyukai_2003_no15.pdf,doyukai_2003_no15,doyukai,経済団体,第15回企業白書,2003-03-26,20030326,提言,CSR／サステナビリティ経営、企業法制／ガバナンス、企業白書、企業経営,公開,https://www.doyukai.or.jp/whitepaper/articles/pdf/no15/030326_1.pdf,2026-09-03,ok,企業経営・ガバナンス・サステナビリティ,主張・提言
doyukai_2015_151216a.pdf,doyukai_2015_151216a,doyukai,経済団体,企業と投資家の対話促進に関する意見,2015-12-16,20151216,意見,企業法制／ガバナンス、企業経営,公開,https://www.doyukai.or.jp/policyproposals/articles/2015/pdf/151216a.pdf,2026-09-03,ok,企業経営・ガバナンス・サステナビリティ|金融・資本市場|行政改革・規制改革,主張・提言
doyukai_2014_150330b.pdf,doyukai_2014_150330b,doyukai,経済団体,進展するグローバル化時代の経営戦略に関する報告書 &#65374;日本企業の競争力強化に向けて&#65374;,2015-03-30,20150330,報告書,企業法制／ガバナンス、企業経営,公開,https://www.doyukai.or.jp/policyproposals/articles/2014/pdf/150330b_02.pdf,2026-09-03,ok,産業政策・成長戦略|企業経営・ガバナンス・サステナビリティ|通商・国際経済・国際協力,主張・提言
doyukai_2014_141020a.pdf,doyukai_2014_141020a,doyukai,経済団体,コーポレートガバナンス・コードに関する意見書,2014-10-20,20141020,意見,企業法制／ガバナンス、企業経営,公開,https://www.doyukai.or.jp/policyproposals/articles/2014/pdf/141020a.pdf,2026-09-03,ok,企業経営・ガバナンス・サステナビリティ,主張・提言
doyukai_1996_970325.pdf,doyukai_1996_970325,doyukai,経済団体,「学働遊合（がくどうゆうごう）」のすすめ いつでも学び・働き、その楽しさを実感できる社会を目指して、企業は意識を変え、行動する,1997-03-24,19970324,提言,人材、教育,公開,https://www.doyukai.or.jp/policyproposals/articles/1996/pdf/970325a.pdf,2026-09-03,ok,人材・教育|労働・雇用,主張・提言
doyukai_1998_990408.pdf,doyukai_1998_990408,doyukai,経済団体,創造的科学技術開発を担う人材育成への提言 —「教える教育」から「学ぶ教育」への転換—,1999-04-08,19990408,提言,イノベーション／研究開発、人材、教育,公開,https://www.doyukai.or.jp/policyproposals/articles/1998/pdf/990408a.pdf,2026-09-03,ok,人材・教育|イノベーション・科学技術・スタートアップ,主張・提言
doyukai_2000_000919a.pdf,doyukai_2000_000919a,doyukai,経済団体,iJapan構想 （中間提言）,2000-09-19,20000919,提言,デジタル化／IT,公開,https://www.doyukai.or.jp/policyproposals/articles/2000/pdf/000919a_01.pdf,2026-09-03,ok,デジタル・情報通信|産業政策・成長戦略|行政改革・規制改革,主張・提言
doyukai_2000_010410a.pdf,doyukai_2000_010410a,doyukai,経済団体,&ldquo;学校と企業の一層の相互交流を目指して&rdquo; &#xff5e;企業経営者による教育現場への積極的な参画&#xff5e;,2001-04-10,20010410,提言,人材、教育,公開,https://www.doyukai.or.jp/policyproposals/articles/2000/pdf/010410_a.pdf,2026-09-03,ok,人材・教育,主張・提言
doyukai_2002_020712a.pdf,doyukai_2002_020712a,doyukai,経済団体,i Japan 構想-新国富創造への挑戦-,2002-07-12,20020712,提言,デジタル化／IT,公開,https://www.doyukai.or.jp/policyproposals/articles/2002/pdf/020712_1.pdf,2026-09-03,ok,デジタル・情報通信|産業政策・成長戦略|イノベーション・科学技術・スタートアップ,主張・提言
doyukai_2002_021213a.pdf,doyukai_2002_021213a,doyukai,経済団体,教育基本法改正に関する意見書,2002-12-13,20021213,意見,人材、教育,公開,https://www.doyukai.or.jp/policyproposals/articles/2002/pdf/021213_1.pdf,2026-09-03,ok,人材・教育|政治・統治機構・憲法,主張・提言
doyukai_2002_030301a.pdf,doyukai_2002_030301a,doyukai,経済団体,「IT革命」から「ITガバナンス革命」へ -ITが開く価値創造への扉-,2003-03-01,20030301,提言,デジタル化／IT,公開,https://www.doyukai.or.jp/policyproposals/articles/2002/pdf/030301.pdf,2026-09-03,ok,デジタル・情報通信|企業経営・ガバナンス・サステナビリティ|産業政策・成長戦略,主張・提言
doyukai_2002_030409a.pdf,doyukai_2002_030409a,doyukai,経済団体,「若者が自立できる日本へ」 &#xff5e;企業そして学校・家庭・地域に何ができるのか&#xff5e;,2003-04-09,20030409,提言,人材、教育,公開,https://www.doyukai.or.jp/policyproposals/articles/2002/pdf/030409_1.pdf,2026-09-03,ok,人材・教育|労働・雇用|こども・子育て・人口,主張・提言
doyukai_2008_090202a.pdf,doyukai_2008_090202a,doyukai,経済団体,18歳までに社会人としての基礎を学ぶ —大切な将来世代の育成に向けて中等教育、大学への期待と企業がなすべきこと—,2009-02-02,20090202,提言,人材、教育,公開,https://www.doyukai.or.jp/policyproposals/articles/2008/pdf/090202b.pdf,2026-09-03,ok,人材・教育|こども・子育て・人口,主張・提言
doyukai_2009_100303a.pdf,doyukai_2009_100303a,doyukai,経済団体,ICT利活用による次なる成長のための5つの提言 &#xff5e;横串機能による経済・社会システムの再構築を&#xff5e;,2010-03-03,20100303,提言,デジタル化／IT、規制・制度改革,公開,https://www.doyukai.or.jp/policyproposals/articles/2009/pdf/100303a.pdf,2026-09-03,ok,デジタル・情報通信|行政改革・規制改革|産業政策・成長戦略,主張・提言
doyukai_2010_100618a.pdf,doyukai_2010_100618a,doyukai,経済団体,2010年度韓国ミッション &lt;報告書&gt;,2010-06-18,20100618,報告書,外交・国際問題、海外視察／国際会議、貿易／経済連携,公開,https://www.doyukai.or.jp/policyproposals/articles/2010/pdf/100618a.pdf,2026-09-03,ok,通商・国際経済・国際協力,活動記録
doyukai_2010_100622b.pdf,doyukai_2010_100622b,doyukai,経済団体,より良き教育現場の実現に向けて &ndash;交流活動実践10年の思い&ndash;,2010-06-22,20100622,提言,人材、教育,公開,https://www.doyukai.or.jp/policyproposals/articles/2010/pdf/100622b1.pdf,2026-09-03,ok,人材・教育,主張・提言
doyukai_2014_150227a.pdf,doyukai_2014_150227a,doyukai,経済団体,「実践的な職業教育を行う新たな高等教育機関の制度化に関する有識者会議」に対する意見 &#xff5e;新たな高等教育機関には高い質を求める&#xff5e;,2015-02-27,20150227,意見,人材、教育,公開,https://www.doyukai.or.jp/policyproposals/articles/2014/pdf/150227a.pdf,2026-09-03,ok,人材・教育,主張・提言
doyukai_2014_141222a.pdf,doyukai_2014_141222a,doyukai,経済団体,「企業の採用と教育に関するアンケート調査」結果（2014年調査）,2014-12-22,20141222,提言,人材、教育、調査・アンケート,公開,https://www.doyukai.or.jp/policyproposals/articles/2014/pdf/141222a.pdf,2026-09-03,ok,人材・教育|労働・雇用,内部調査・会員アンケート
doyukai_2014_141126c.pdf,doyukai_2014_141126c,doyukai,経済団体,学習指導要領改訂に向けた意見,2014-11-26,20141126,意見,人材、教育,公開,https://www.doyukai.or.jp/policyproposals/articles/2014/pdf/141126c.pdf,2026-09-03,ok,人材・教育,主張・提言
doyukai_2012_121128a.pdf,doyukai_2012_121128a,doyukai,経済団体,「企業の採用と教育に関するアンケート調査」結果（2012年調査）,2012-11-28,20121128,提言,人材、教育、調査・アンケート,公開,https://www.doyukai.or.jp/policyproposals/articles/2012/pdf/121128a.pdf,2026-09-03,ok,人材・教育|労働・雇用,内部調査・会員アンケート
doyukai_2003_040209a.pdf,doyukai_2003_040209a,doyukai,経済団体,「企業の採用と教育に関するアンケート調査」結果,2004-02-09,20040209,提言,人材、教育、調査・アンケート,公開,https://www.doyukai.or.jp/policyproposals/articles/2003/pdf/040209.pdf,2026-09-03,ok,人材・教育|労働・雇用,内部調査・会員アンケート
doyukai_2006_060427b.pdf,doyukai_2006_060427b,doyukai,経済団体,「企業の採用と教育に関するアンケート調査」結果,2006-04-27,20060427,提言,人材、教育、調査・アンケート,公開,https://www.doyukai.or.jp/policyproposals/articles/2006/pdf/060427b.pdf,2026-09-03,ok,人材・教育|労働・雇用,内部調査・会員アンケート
doyukai_2008_080520a.pdf,doyukai_2008_080520a,doyukai,経済団体,「企業の採用と教育に関するアンケート調査」結果（2008年調査）,2008-05-20,20080520,提言,人材、教育、調査・アンケート,公開,https://www.doyukai.or.jp/policyproposals/articles/2008/pdf/080520a.pdf,2026-09-03,ok,人材・教育,内部調査・会員アンケート
doyukai_2010_101222a.pdf,doyukai_2010_101222a,doyukai,経済団体,「企業の採用と教育に関するアンケート調査」結果（2010年調査）,2010-12-22,20101222,提言,人材、教育、調査・アンケート,公開,https://www.doyukai.or.jp/policyproposals/articles/2010/pdf/101222a.pdf,2026-09-03,ok,人材・教育|労働・雇用,内部調査・会員アンケート
doyukai_2010_110121a.pdf,doyukai_2010_110121a,doyukai,経済団体,新卒就職採用活動の適正化に関する意見,2011-01-21,20110121,意見,人材、教育,公開,https://www.doyukai.or.jp/policyproposals/articles/2010/pdf/110121a.pdf,2026-09-03,ok,人材・教育|労働・雇用,主張・提言
doyukai_2015_150415a.pdf,doyukai_2015_150415a,doyukai,経済団体,欧州の競争力に学ぶ ―ドイツの「シュレーダー改革」を中心に―,2015-04-15,20150415,提言,外交・国際問題,公開,https://www.doyukai.or.jp/policyproposals/articles/2015/pdf/150415a.pdf,2026-09-03,ok,産業政策・成長戦略|労働・雇用|通商・国際経済・国際協力,主張・提言
doyukai_2012_121116b.pdf,doyukai_2012_121116b,doyukai,経済団体,2012年度ドイツ・ミッション &lt;報告書&gt;,2012-11-16,20121116,報告書,外交・国際問題、海外視察／国際会議,公開,https://www.doyukai.or.jp/policyproposals/articles/2012/pdf/121116b.pdf,2026-09-03,ok,通商・国際経済・国際協力|産業政策・成長戦略|労働・雇用,活動記録
doyukai_2012_121116a.pdf,doyukai_2012_121116a,doyukai,経済団体,2012年度ロシア・欧州ミッション &lt;報告書&gt;,2012-11-16,20121116,報告書,外交・国際問題、海外視察／国際会議,公開,https://www.doyukai.or.jp/policyproposals/articles/2012/pdf/121116a.pdf,2026-09-03,ok,通商・国際経済・国際協力|外交・安全保障・経済安全保障,活動記録
doyukai_2010_100723a.pdf,doyukai_2010_100723a,doyukai,経済団体,2010年度欧州ミッション &lt;報告書&gt;,2010-07-23,20100723,報告書,外交・国際問題、海外視察／国際会議,公開,https://www.doyukai.or.jp/policyproposals/articles/2010/pdf/100723a.pdf,2026-09-03,ok,通商・国際経済・国際協力|企業経営・ガバナンス・サステナビリティ,活動記録
doyukai_2015_160328a.pdf,doyukai_2015_160328a,doyukai,経済団体,2014年度提言の実践活動による「望ましい枠組み」の インターンシップ実現に向けた活動報告,2016-03-28,20160328,提言,人材、教育,公開,https://www.doyukai.or.jp/policyproposals/articles/2015/pdf/160328a.pdf,2026-09-03,ok,人材・教育|労働・雇用,活動記録
doyukai_2013_130719a.pdf,doyukai_2013_130719a,doyukai,経済団体,2012年度インド委員会報告書,2013-07-19,20130719,報告書,人材、外交・国際問題、海外視察／国際会議、貿易／経済連携,公開,https://www.doyukai.or.jp/policyproposals/articles/2013/pdf/130719a.pdf,2026-09-03,ok,通商・国際経済・国際協力|産業政策・成長戦略,活動記録
doyukai_1996_961105.txt,doyukai_1996_961105,doyukai,経済団体,アジア太平洋経済協力（APEC）APECマニラ会議に向けた声明,1996-11-05,19961105,提言,国際開発・協力、外交・国際問題、貿易／経済連携,公開,https://www.doyukai.or.jp/policyproposals/1996/961105.html,2026-09-03,html_text,通商・国際経済・国際協力,主張・提言
doyukai_1997_970529.pdf,doyukai_1997_970529,doyukai,経済団体,21世紀のアジア太平洋地域の発展・繁栄に向けて - 真のパートナーとなるために民間の果たすべき役割について -,1997-05-29,19970529,提言,国際開発・協力、外交・国際問題、貿易／経済連携,公開,https://www.doyukai.or.jp/policyproposals/articles/1997/pdf/970529a.pdf,2026-09-03,ok,通商・国際経済・国際協力|外交・安全保障・経済安全保障,主張・提言
doyukai_2000_000511a.pdf,doyukai_2000_000511a,doyukai,経済団体,民間からみた円の国際化 -日本とアジアの安定と成長のための一考察-,2000-05-11,20000511,提言,マクロ経済、外交・国際問題,公開,https://www.doyukai.or.jp/policyproposals/articles/2000/pdf/000511a_01.pdf,2026-09-03,ok,金融・資本市場|通商・国際経済・国際協力|マクロ経済・経済財政運営,主張・提言
doyukai_2002_030418a.pdf,doyukai_2002_030418a,doyukai,経済団体,自由貿易協定を核に東アジアの経済連帯を -日本は実現に向け、率先垂範すべし-,2003-04-18,20030418,提言,国際開発・協力、外交・国際問題、貿易／経済連携,公開,https://www.doyukai.or.jp/policyproposals/articles/2002/pdf/030418_1.pdf,2026-09-03,ok,通商・国際経済・国際協力|外交・安全保障・経済安全保障|産業政策・成長戦略,主張・提言
doyukai_2003_030521a.txt,doyukai_2003_030521a,doyukai,経済団体,日・タイ経済連携の推進を,2003-05-21,20030521,提言,国際開発・協力、外交・国際問題、貿易／経済連携,公開,https://www.doyukai.or.jp/policyproposals/2003/030521a.html,2026-09-03,html_text,通商・国際経済・国際協力,主張・提言
doyukai_2003_030521b.txt,doyukai_2003_030521b,doyukai,経済団体,日タイ経済連携協定の早期交渉開始を求める,2003-05-21,20030521,提言,国際開発・協力、外交・国際問題、貿易／経済連携,公開,https://www.doyukai.or.jp/policyproposals/2003/030521b.html,2026-09-03,html_text,通商・国際経済・国際協力,主張・提言
doyukai_2015_151120a.pdf,doyukai_2015_151120a,doyukai,経済団体,第41回日本・ASEAN経営者会議＜報告書＞ 「日本とASEAN：次の50年に向けて」 （2015年10月11日&#65374;13日 シンガポール）,2015-11-20,20151120,報告書,国際開発・協力、海外視察／国際会議、貿易／経済連携,公開,https://www.doyukai.or.jp/policyproposals/articles/2015/pdf/151120a.pdf,2026-09-03,ok,通商・国際経済・国際協力,活動記録
doyukai_2014_141219a.pdf,doyukai_2014_141219a,doyukai,経済団体,第40回日本・ASEAN 経営者会議＜報告書＞ 「ASEAN統合により生み出される新たな機会」 （2014年10月22日&#65374;24日／フィリピン・マニラ）,2014-12-19,20141219,報告書,国際開発・協力、海外視察／国際会議、貿易／経済連携,公開,https://www.doyukai.or.jp/policyproposals/articles/2014/pdf/141219a.pdf,2026-09-03,ok,通商・国際経済・国際協力|産業政策・成長戦略|地域経済・観光・地方創生,活動記録
doyukai_2013_131220b.pdf,doyukai_2013_131220b,doyukai,経済団体,第39回日本・ASEAN 経営者会議＜報告書＞ 「日本・ASEAN の成長戦略と日本企業のアジア展開の重層化」 （2013年10月23日&#65374;25日／北九州市・福岡市）,2013-12-20,20131220,報告書,国際開発・協力、海外視察／国際会議、貿易／経済連携,公開,https://www.doyukai.or.jp/policyproposals/articles/2013/pdf/131220b.pdf,2026-09-03,ok,通商・国際経済・国際協力|産業政策・成長戦略,活動記録
doyukai_2011_111118c.pdf,doyukai_2011_111118c,doyukai,経済団体,第37回日本・ASEAN 経営者会議 「変化する世界経済情勢における、日・ASEAN 経済的パートナーシップの強化」 （2011年11月2&#65374;4日／ヤンゴン・ミャンマー）報告書,2011-11-18,20111118,報告書,国際開発・協力、海外視察／国際会議、貿易／経済連携,公開,https://www.doyukai.or.jp/policyproposals/articles/2011/pdf/111118c.pdf,2026-09-03,ok,通商・国際経済・国際協力|エネルギー・環境,活動記録
doyukai_2004_041029b.pdf,doyukai_2004_041029b,doyukai,経済団体,東アジア経済共同体の設立を 「2004年11月開催予定のASEANプラス3首脳会議に向けた共同声明」 （第30回日本・ASEAN経営者会議）,2004-10-29,20041029,提言,国際開発・協力、外交・国際問題、貿易／経済連携,公開,https://www.doyukai.or.jp/policyproposals/articles/2004/pdf/041029_02.pdf,2026-09-03,ok,通商・国際経済・国際協力|外交・安全保障・経済安全保障,主張・提言
doyukai_2004_050208a.pdf,doyukai_2004_050208a,doyukai,経済団体,日本の「ソフトパワー」で「共進化（相互進化）」の実現を — 東アジア連携から、世界の繁栄に向けて —,2005-02-08,20050208,提言,国際開発・協力、外交・国際問題、貿易／経済連携,公開,https://www.doyukai.or.jp/policyproposals/articles/2004/pdf/050208_01.pdf,2026-09-03,ok,外交・安全保障・経済安全保障|通商・国際経済・国際協力,主張・提言
doyukai_2005_051125a.pdf,doyukai_2005_051125a,doyukai,経済団体,日本とASEANは、海外直接投資の新たな波動に向けた決意を宣言,2005-11-25,20051125,提言,国際開発・協力、外交・国際問題、貿易／経済連携,公開,https://www.doyukai.or.jp/policyproposals/articles/2005/pdf/051125.pdf,2026-09-03,ok,通商・国際経済・国際協力|産業政策・成長戦略|金融・資本市場,活動記録
doyukai_2005_060329a.pdf,doyukai_2005_060329a,doyukai,経済団体,東アジア共同体実現に向けての提言 -東アジア諸国との信頼醸成をめざして-,2006-03-29,20060329,提言,国際開発・協力、外交・国際問題、貿易／経済連携,公開,https://www.doyukai.or.jp/policyproposals/articles/2005/pdf/060329.pdf,2026-09-03,ok,通商・国際経済・国際協力|外交・安全保障・経済安全保障,主張・提言
doyukai_2010_101210a.pdf,doyukai_2010_101210a,doyukai,経済団体,第36回 日本・ASEAN 経営者会議 「10年後の東アジア経済連携・統合と日ASEAN 関係のあり方」 （2010年10月6日&#xFF5E;8日）報告書,2010-12-10,20101210,報告書,国際開発・協力、海外視察／国際会議、貿易／経済連携,公開,https://www.doyukai.or.jp/policyproposals/articles/2010/pdf/101210a.pdf,2026-09-03,ok,通商・国際経済・国際協力,活動記録
doyukai_2012_120517a.pdf,doyukai_2012_120517a,doyukai,経済団体,政党・政策本位の政治の成熟化と統治機構改革 &#xff5e;「決断できる政治」の実現に向けて&#xff5e;,2012-05-17,20120517,提言,,公開,https://www.doyukai.or.jp/policyproposals/articles/2012/pdf/120517a.pdf,2026-09-03,ok,政治・統治機構・憲法|行政改革・規制改革,主張・提言
keidanren_2026_048.pdf,keidanren_2026_048,keidanren,経済団体,「企業結合審査に関する独占禁止法の運用指針」改定案に対する意見,2026-08-31,20260831,意見,経済基盤,公開,https://www.keidanren.or.jp/policy/2026/048.pdf,2026-09-03,ok,行政改革・規制改革|企業経営・ガバナンス・サステナビリティ,主張・提言
keidanren_2026_047.pdf,keidanren_2026_047,keidanren,経済団体,2026年春季労使交渉・中小企業業種別妥結結果,2026-08-28,20260828,提言,労働,公開,https://www.keidanren.or.jp/policy/2026/047.pdf,2026-09-03,ok,労働・雇用|中小企業,内部調査・会員アンケート
keidanren_2026_046.pdf,keidanren_2026_046,keidanren,経済団体,「原油等の調達先や輸送経路の多角化に向けた構造的対応に関する論点整理（案）」に対する意見,2026-08-21,20260821,意見,環境,公開,https://www.keidanren.or.jp/policy/2026/046.pdf,2026-09-03,ok,エネルギー・環境|外交・安全保障・経済安全保障|通商・国際経済・国際協力,主張・提言
keidanren_2026_045.pdf,keidanren_2026_045,keidanren,経済団体,「商業登記規則等の一部を改正する省令案」に対する意見,2026-08-21,20260821,意見,経済基盤,公開,https://www.keidanren.or.jp/policy/2026/045.pdf,2026-09-03,ok,行政改革・規制改革|企業経営・ガバナンス・サステナビリティ,主張・提言
doyukai_2026_260828.pdf,doyukai_2026_260828,doyukai,経済団体,経済施策を一体的に講ずることによる安全保障の確保の推進に関する基本的な方針案等への意見（パブリック・コメント）,2026-08-28,20260828,意見,デジタル化／IT、企業経営、安全保障／経済安全保障,公開,https://www.doyukai.or.jp/policyproposals/uploads/docs/20260828a.pdf,2026-09-03,ok,外交・安全保障・経済安全保障|産業政策・成長戦略,主張・提言
doyukai_2026_260817.pdf,doyukai_2026_260817,doyukai,経済団体,人口減少時代の地方自治 ―単独・自前型から連携・分業型への転換―,2026-08-17,20260817,提言,地域経済、地方行財政、行政改革,公開,https://www.doyukai.or.jp/policyproposals/uploads/docs/20260817a%20.pdf,2026-09-03,ok,地域経済・観光・地方創生|行政改革・規制改革|政治・統治機構・憲法,主張・提言
doyukai_2026_260807.pdf,doyukai_2026_260807,doyukai,経済団体,第157 回景気定点観測アンケート調査結果,2026-08-07,20260807,資料,マクロ経済、調査・アンケート,公開,https://www.doyukai.or.jp/policyproposals/uploads/docs/20260807a.pdf,2026-09-03,ok,マクロ経済・経済財政運営,内部調査・会員アンケート
doyukai_2026_260731.pdf,doyukai_2026_260731,doyukai,経済団体,2025 年度社会の DEI 推進委員会 報告書 『共助成長社会の実現に向けた、経営者による DEI の実践』,2026-07-31,20260731,報告書,ダイバーシティ、人材、企業経営,公開,https://www.doyukai.or.jp/policyproposals/uploads/docs/20260731a.pdf,2026-09-03,ok,多様性・人権・ジェンダー|企業経営・ガバナンス・サステナビリティ|人材・教育,主張・提言
doyukai_past_940630a.pdf,doyukai_past_940630a,doyukai,経済団体,現代日本社会の病理と処方 ー 個人を活かす社会の実現に向けて ー,1994-06-30,19940630,提言,CSR／サステナビリティ経営、ダイバーシティ、人材,公開,https://www.doyukai.or.jp/policyproposals/articles/past/pdf/940630a.pdf,2026-09-03,ok,多様性・人権・ジェンダー|人材・教育|企業経営・ガバナンス・サステナビリティ,主張・提言
doyukai_past_940726a.pdf,doyukai_past_940726a,doyukai,経済団体,新しい平和国家をめざして,1994-07-26,19940726,提言,国家ビジョン、憲法、政治,公開,https://www.doyukai.or.jp/policyproposals/articles/past/pdf/940726a.pdf,2026-09-03,ok,外交・安全保障・経済安全保障|政治・統治機構・憲法,主張・提言
keidanren_1990_014.txt,keidanren_1990_014,keidanren,経済団体,購買取引行動指針,1990-04-24,19900424,提言,,公開,https://www.keidanren.or.jp/japanese/policy/1990/014.html,2026-09-07,html_text,企業経営・ガバナンス・サステナビリティ|産業政策・成長戦略,主張・提言
keidanren_1991_008.txt,keidanren_1991_008,keidanren,経済団体,経団連地球環境憲章,1991-04-23,19910423,提言,,公開,https://www.keidanren.or.jp/japanese/policy/1991/008.html,2026-09-07,html_text,エネルギー・環境|企業経営・ガバナンス・サステナビリティ|通商・国際経済・国際協力,主張・提言
keidanren_1991_024.txt,keidanren_1991_024,keidanren,経済団体,経団連企業行動憲章,1991-09-24,19910924,提言,,公開,https://www.keidanren.or.jp/japanese/policy/1991/024.html,2026-09-07,html_text,企業経営・ガバナンス・サステナビリティ,主張・提言
keidanren_1995_p027.txt,keidanren_1995_p027,keidanren,経済団体,実効ある規制緩和推進計画の策定に向け行政改革委員会の積極的活動を期待する,1995-01-09,19950109,提言,,公開,https://www.keidanren.or.jp/japanese/policy/pol027.html,2026-09-07,html_text,行政改革・規制改革,主張・提言
keidanren_1995_p028.txt,keidanren_1995_p028,keidanren,経済団体,阪神大震災被災地の復旧・復興のための緊急提言,1995-02-06,19950206,提言,,公開,https://www.keidanren.or.jp/japanese/policy/pol028.html,2026-09-07,html_text,国土・住宅・交通・防災|中小企業|税制・財政,主張・提言
keidanren_1996_p076.txt,keidanren_1996_p076,keidanren,経済団体,今後の情報通信市場のあり方に関する見解,1996-01-08,19960108,提言,,公開,https://www.keidanren.or.jp/japanese/policy/pol076/index.html,2026-09-07,html_text,デジタル・情報通信|行政改革・規制改革|通商・国際経済・国際協力,主張・提言
keidanren_1996_p078.txt,keidanren_1996_p078,keidanren,経済団体,経済統計の整備に関する報告書,1996-01-16,19960116,報告書,,公開,https://www.keidanren.or.jp/japanese/policy/pol078/index.html,2026-09-07,html_text,行政改革・規制改革|マクロ経済・経済財政運営,主張・提言
keidanren_1996_p079.txt,keidanren_1996_p079,keidanren,経済団体,橋本新内閣に期待する,1996-01-16,19960116,提言,,公開,https://www.keidanren.or.jp/japanese/policy/pol079.html,2026-09-07,html_text,行政改革・規制改革|マクロ経済・経済財政運営|政治・統治機構・憲法,主張・提言
keidanren_2003_001.pdf,keidanren_2003_001,keidanren,経済団体,「第46回 福利厚生費調査結果（2001年度）」の概要,2003-01-09,20030109,提言,,公開,https://www.keidanren.or.jp/japanese/policy/2003/001.pdf,2026-09-07,ok,労働・雇用|社会保障（年金・医療・介護）,内部調査・会員アンケート
keidanren_2003_002.txt,keidanren_2003_002,keidanren,経済団体,医療制度の抜本改革に関する基本的考え方と「厚生労働省試案」に関する見解,2003-01-14,20030114,提言,,公開,https://www.keidanren.or.jp/japanese/policy/2003/002.html,2026-09-07,html_text,社会保障（年金・医療・介護）,主張・提言
keidanren_1995_p029.txt,keidanren_1995_p029,keidanren,経済団体,社会が変わる、会社も変わろう、男女の働き方を変えていこう ─ 働きたい人が力いっぱい、はつらつと働ける社会をめざして,1995-02-08,19950208,提言,,公開,https://www.keidanren.or.jp/japanese/policy/pol029.html,2026-09-07,html_text,多様性・人権・ジェンダー|労働・雇用,主張・提言
keidanren_1995_p031.txt,keidanren_1995_p031,keidanren,経済団体,円滑で効率的な輸送の実現に向けて ─ 交通基盤整備のあり方 ─,1995-03-01,19950301,提言,,公開,https://www.keidanren.or.jp/japanese/policy/pol031.html,2026-09-07,html_text,国土・住宅・交通・防災|産業政策・成長戦略,主張・提言
keidanren_1995_p032.txt,keidanren_1995_p032,keidanren,経済団体,阪神大震災支援に関する緊急アンケート調査中間報告,1995-03-06,19950306,提言,,公開,https://www.keidanren.or.jp/japanese/policy/pol032.html,2026-09-07,html_text,国土・住宅・交通・防災|企業経営・ガバナンス・サステナビリティ,内部調査・会員アンケート
keidanren_1995_p033.txt,keidanren_1995_p033,keidanren,経済団体,急激な円高を憂慮し市場開放の徹底を求める,1995-03-08,19950308,提言,,公開,https://www.keidanren.or.jp/japanese/policy/pol033.html,2026-09-07,html_text,マクロ経済・経済財政運営|通商・国際経済・国際協力|行政改革・規制改革,主張・提言
keidanren_1995_p034.txt,keidanren_1995_p034,keidanren,経済団体,阪神大震災支援に関する緊急アンケート調査報告,1995-03-17,19950317,提言,,公開,https://www.keidanren.or.jp/japanese/policy/pol034.html,2026-09-07,html_text,国土・住宅・交通・防災|企業経営・ガバナンス・サステナビリティ,内部調査・会員アンケート
keidanren_1995_p036.txt,keidanren_1995_p036,keidanren,経済団体,「ＷＴＯとさらなる貿易の自由化は引き続きわれわれの主要関心事」,1995-03-09,19950309,提言,,公開,https://www.keidanren.or.jp/japanese/policy/pol036.html,2026-09-07,html_text,通商・国際経済・国際協力,主張・提言
keidanren_1995_p037.txt,keidanren_1995_p037,keidanren,経済団体,阪神・淡路地域の産業再生のための提言,1995-03-28,19950328,提言,,公開,https://www.keidanren.or.jp/japanese/policy/pol037.html,2026-09-07,html_text,国土・住宅・交通・防災|産業政策・成長戦略|地域経済・観光・地方創生,主張・提言
keidanren_1995_p039.txt,keidanren_1995_p039,keidanren,経済団体,科学技術基本法の早期制定を要望する,1995-03-28,19950328,要望,,公開,https://www.keidanren.or.jp/japanese/policy/pol039.html,2026-09-07,html_text,イノベーション・科学技術・スタートアップ|政治・統治機構・憲法,主張・提言
keidanren_1995_p040.txt,keidanren_1995_p040,keidanren,経済団体,内外から評価される規制緩和推進計画の策定を要望する,1995-03-20,19950320,要望,,公開,https://www.keidanren.or.jp/japanese/policy/pol040.html,2026-09-07,html_text,行政改革・規制改革|産業政策・成長戦略,主張・提言
keidanren_1995_p041.txt,keidanren_1995_p041,keidanren,経済団体,証券市場活性化に関するわれわれの見解 ─ 市場不振打開のための緊急対策 ─,1995-04-03,19950403,提言,,公開,https://www.keidanren.or.jp/japanese/policy/pol041.html,2026-09-07,html_text,金融・資本市場|マクロ経済・経済財政運営,主張・提言
keidanren_1995_p042.txt,keidanren_1995_p042,keidanren,経済団体,新時代に対応した防衛力整備計画の策定を望む,1995-05-11,19950511,提言,,公開,https://www.keidanren.or.jp/japanese/policy/pol042.html,2026-09-07,html_text,外交・安全保障・経済安全保障|産業政策・成長戦略,主張・提言
keidanren_1995_p043.txt,keidanren_1995_p043,keidanren,経済団体,今後の空港整備のあり方 − 大規模拠点空港に重点を置いた空港整備計画の策定を求める −,1995-05-16,19950516,提言,,公開,https://www.keidanren.or.jp/japanese/policy/pol043.html,2026-09-07,html_text,国土・住宅・交通・防災|産業政策・成長戦略,主張・提言
keidanren_1995_p045.txt,keidanren_1995_p045,keidanren,経済団体,総会決議 閉塞状況から脱却し、活力と創造性あふれる経済社会づくりを進める,1995-05-26,19950526,資料,,公開,https://www.keidanren.or.jp/japanese/policy/pol045.html,2026-09-07,html_text,マクロ経済・経済財政運営|行政改革・規制改革|税制・財政,主張・提言
keidanren_1995_p046.txt,keidanren_1995_p046,keidanren,経済団体,対日直接投資拡大・輸入促進に関する意見,1995-06-20,19950620,意見,,公開,https://www.keidanren.or.jp/japanese/policy/pol046.html,2026-09-07,html_text,通商・国際経済・国際協力|行政改革・規制改革|金融・資本市場,主張・提言
keidanren_1995_p047.txt,keidanren_1995_p047,keidanren,経済団体,アジア太平洋地域協力における日本の役割 − 1995年ＡＰＥＣ大阪会議に向けての提言 −,1995-06-20,19950620,提言,,公開,https://www.keidanren.or.jp/japanese/policy/pol047.html,2026-09-07,html_text,通商・国際経済・国際協力|産業政策・成長戦略,主張・提言
keidanren_1995_p048.txt,keidanren_1995_p048,keidanren,経済団体,国民生活の質向上に資する宇宙開発の推進を要望する,1995-06-21,19950621,要望,,公開,https://www.keidanren.or.jp/japanese/policy/pol048.html,2026-09-07,html_text,イノベーション・科学技術・スタートアップ|産業政策・成長戦略|税制・財政,主張・提言
keidanren_1995_p049.txt,keidanren_1995_p049,keidanren,経済団体,経済活性化に向けて、実効ある大胆な緊急経済対策の実施を求める,1995-06-22,19950622,提言,,公開,https://www.keidanren.or.jp/japanese/policy/pol049.html,2026-09-07,html_text,マクロ経済・経済財政運営|税制・財政|金融・資本市場,主張・提言
keidanren_1995_p051.txt,keidanren_1995_p051,keidanren,経済団体,不良債権問題に対する考え方,1995-07-03,19950703,提言,,公開,https://www.keidanren.or.jp/japanese/policy/pol051.html,2026-09-07,html_text,金融・資本市場|マクロ経済・経済財政運営,主張・提言
keidanren_1995_p052.txt,keidanren_1995_p052,keidanren,経済団体,太平洋地域における経済発展上の課題とわが国の役割 ― 国際産業協力委員会太平洋部会報告書 ―,1995-06-30,19950630,報告書,,公開,https://www.keidanren.or.jp/japanese/policy/pol052.html,2026-09-07,html_text,通商・国際経済・国際協力|産業政策・成長戦略|金融・資本市場,主張・提言
keidanren_1995_p053.txt,keidanren_1995_p053,keidanren,経済団体,新産業・新事業創出への提言 ─ 起業家精神を育む社会を目指して,1995-07-18,19950718,提言,,公開,https://www.keidanren.or.jp/japanese/policy/pol053.html,2026-09-07,html_text,イノベーション・科学技術・スタートアップ|産業政策・成長戦略|税制・財政,主張・提言
keidanren_1995_p054.txt,keidanren_1995_p054,keidanren,経済団体,閉塞状況を脱し、日本経済への信頼感を回復するための経済対策を求める,1995-09-11,19950911,資料,,公開,https://www.keidanren.or.jp/japanese/policy/pol054.html,2026-09-07,html_text,マクロ経済・経済財政運営|税制・財政|行政改革・規制改革,主張・提言
keidanren_1995_p055.txt,keidanren_1995_p055,keidanren,経済団体,経済活性化のための民間の自己努力について,1995-09-13,19950913,提言,,公開,https://www.keidanren.or.jp/japanese/policy/pol055.html,2026-09-07,html_text,マクロ経済・経済財政運営|行政改革・規制改革|産業政策・成長戦略,主張・提言
keidanren_1995_p056.txt,keidanren_1995_p056,keidanren,経済団体,経常収支黒字削減計画の設定に関する報告,1995-09-11,19950911,提言,,公開,https://www.keidanren.or.jp/japanese/policy/pol056.html,2026-09-07,html_text,マクロ経済・経済財政運営|通商・国際経済・国際協力|税制・財政,主張・提言
keidanren_1995_p057.txt,keidanren_1995_p057,keidanren,経済団体,消費者志向型の流通システムの確立に向けて,1995-09-19,19950919,提言,,公開,https://www.keidanren.or.jp/japanese/policy/pol057.html,2026-09-07,html_text,行政改革・規制改革|産業政策・成長戦略|中小企業,主張・提言
keidanren_1995_p058.txt,keidanren_1995_p058,keidanren,経済団体,為替の適正化・安定化に関する報告書,1995-09-19,19950919,報告書,,公開,https://www.keidanren.or.jp/japanese/policy/pol058.html,2026-09-07,html_text,マクロ経済・経済財政運営|金融・資本市場|通商・国際経済・国際協力,主張・提言
keidanren_1995_p059.txt,keidanren_1995_p059,keidanren,経済団体,持続可能な森林経営の効率的な実現に向けて,1995-09-18,19950918,提言,,公開,https://www.keidanren.or.jp/japanese/policy/pol059.html,2026-09-07,html_text,農林水産・食料|エネルギー・環境,主張・提言
keidanren_1995_p060.txt,keidanren_1995_p060,keidanren,経済団体,今後の情報通信市場のあり方に関する考え方（中間的整理）,1995-09-28,19950928,提言,,公開,https://www.keidanren.or.jp/japanese/policy/pol060.html,2026-09-07,html_text,デジタル・情報通信|行政改革・規制改革|産業政策・成長戦略,主張・提言
keidanren_1995_p061.txt,keidanren_1995_p061,keidanren,経済団体,新食糧法の運用に望む,1995-10-02,19951002,提言,,公開,https://www.keidanren.or.jp/japanese/policy/pol061.html,2026-09-07,html_text,農林水産・食料|行政改革・規制改革,主張・提言
keidanren_1995_p062.txt,keidanren_1995_p062,keidanren,経済団体,税制改正に関する提言,1995-10-11,19951011,提言,,公開,https://www.keidanren.or.jp/japanese/policy/pol062.html,2026-09-07,html_text,税制・財政,主張・提言
keidanren_1995_p063.txt,keidanren_1995_p063,keidanren,経済団体,『規制緩和推進計画の改定に望む』について,1995-10-12,19951012,提言,,公開,https://www.keidanren.or.jp/japanese/policy/pol063.html,2026-09-07,html_text,行政改革・規制改革|通商・国際経済・国際協力|金融・資本市場,主張・提言
keidanren_1995_p064.txt,keidanren_1995_p064,keidanren,経済団体,日本産業の中期展望と今後の課題,1995-10-17,19951017,提言,,公開,https://www.keidanren.or.jp/japanese/policy/pol064.html,2026-09-07,html_text,産業政策・成長戦略|マクロ経済・経済財政運営|行政改革・規制改革,主張・提言
keidanren_1995_p065.txt,keidanren_1995_p065,keidanren,経済団体,APEC Business Congress: APB-Net II 共同声明,1995-10-22,19951022,提言,,公開,https://www.keidanren.or.jp/japanese/policy/pol065.html,2026-09-07,html_text,通商・国際経済・国際協力,活動記録
keidanren_1995_p066.txt,keidanren_1995_p066,keidanren,経済団体,首都機能移転の早期実現を要望する,1995-11-08,19951108,要望,,公開,https://www.keidanren.or.jp/japanese/policy/pol066.html,2026-09-07,html_text,国土・住宅・交通・防災|行政改革・規制改革|政治・統治機構・憲法,主張・提言
keidanren_1995_p067.txt,keidanren_1995_p067,keidanren,経済団体,来年度税制改正に関する経済四団体共同提言,1995-11-13,19951113,提言,,公開,https://www.keidanren.or.jp/japanese/policy/pol067.html,2026-09-07,html_text,税制・財政,主張・提言
keidanren_1995_p068.txt,keidanren_1995_p068,keidanren,経済団体,土地・住宅政策の再構築を求める,1995-11-14,19951114,提言,,公開,https://www.keidanren.or.jp/japanese/policy/pol068/index.html,2026-09-07,html_text,国土・住宅・交通・防災|税制・財政,主張・提言
keidanren_1995_p069.txt,keidanren_1995_p069,keidanren,経済団体,『規制緩和推進計画』の改定に向けて行政改革委員会の大胆な提言を望む,1995-11-13,19951113,提言,,公開,https://www.keidanren.or.jp/japanese/policy/pol069.html,2026-09-07,html_text,行政改革・規制改革|国土・住宅・交通・防災|金融・資本市場,主張・提言
keidanren_1995_p070.txt,keidanren_1995_p070,keidanren,経済団体,経団連・ＵＮＩＣＥ会合 共同宣言,1995-11-23,19951123,提言,,公開,https://www.keidanren.or.jp/japanese/policy/pol070.html,2026-09-07,html_text,通商・国際経済・国際協力|マクロ経済・経済財政運営,主張・提言
keidanren_1995_p071.txt,keidanren_1995_p071,keidanren,経済団体,経団連／ドイツ産業連盟（ＢＤＩ）共同声明,1995-11-27,19951127,提言,,公開,https://www.keidanren.or.jp/japanese/policy/pol071.html,2026-09-07,html_text,エネルギー・環境|通商・国際経済・国際協力,主張・提言
keidanren_1995_p072.txt,keidanren_1995_p072,keidanren,経済団体,純粋持株会社の解禁についての考え方,1995-12-08,19951208,提言,,公開,https://www.keidanren.or.jp/japanese/policy/pol072.html,2026-09-07,html_text,行政改革・規制改革|企業経営・ガバナンス・サステナビリティ|金融・資本市場,主張・提言
keidanren_1995_p073.txt,keidanren_1995_p073,keidanren,経済団体,ＩＳＯ環境管理・監査規格の普及に向け政府の一体的な取り組みを望む,1995-12-11,19951211,提言,,公開,https://www.keidanren.or.jp/japanese/policy/pol073.html,2026-09-07,html_text,エネルギー・環境|行政改革・規制改革|企業経営・ガバナンス・サステナビリティ,主張・提言
keidanren_1995_p074.txt,keidanren_1995_p074,keidanren,経済団体,ミャンマーの経済発展のために −「ミャンマーの投資環境等に関する調査」に基づく要望−,1995-12-15,19951215,要望,,公開,https://www.keidanren.or.jp/japanese/policy/pol074.html,2026-09-07,html_text,通商・国際経済・国際協力|外交・安全保障・経済安全保障,主張・提言
keidanren_1995_p075.txt,keidanren_1995_p075,keidanren,経済団体,新輸出管理規制に関する考え方,1995-12-19,19951219,提言,,公開,https://www.keidanren.or.jp/japanese/policy/pol075.html,2026-09-07,html_text,外交・安全保障・経済安全保障|通商・国際経済・国際協力|行政改革・規制改革,主張・提言
keidanren_1995_p077.txt,keidanren_1995_p077,keidanren,経済団体,行政情報公開に関する意見,1995-12-25,19951225,意見,,公開,https://www.keidanren.or.jp/japanese/policy/pol077.html,2026-09-07,html_text,行政改革・規制改革|企業経営・ガバナンス・サステナビリティ,主張・提言
keidanren_1995_p111.txt,keidanren_1995_p111,keidanren,経済団体,国際熱核融合実験炉（ＩＴＥＲ）の日本誘致実現を求める,1995-09-19,19950919,提言,,公開,https://www.keidanren.or.jp/japanese/policy/pol111.html,2026-09-07,html_text,イノベーション・科学技術・スタートアップ|エネルギー・環境|通商・国際経済・国際協力,主張・提言
keidanren_1996_p080.txt,keidanren_1996_p080,keidanren,経済団体,独占禁止法第９条改正についての意見,1996-01-22,19960122,意見,,公開,https://www.keidanren.or.jp/japanese/policy/pol080.html,2026-09-07,html_text,企業経営・ガバナンス・サステナビリティ|行政改革・規制改革|金融・資本市場,主張・提言
keidanren_1996_p081.txt,keidanren_1996_p081,keidanren,経済団体,税制改革に関する提言,1996-03-26,19960326,提言,,公開,https://www.keidanren.or.jp/japanese/policy/pol081.html,2026-09-07,html_text,税制・財政,主張・提言
keidanren_1996_p082.txt,keidanren_1996_p082,keidanren,経済団体,連結納税制度導入に関する提言,1996-03-26,19960326,提言,,公開,https://www.keidanren.or.jp/japanese/policy/pol082.html,2026-09-07,html_text,税制・財政|企業経営・ガバナンス・サステナビリティ,主張・提言
keidanren_1996_p083.txt,keidanren_1996_p083,keidanren,経済団体,創造的な人材の育成に向けて 〜求められる教育改革と企業の行動〜,1996-03-26,19960326,提言,,公開,https://www.keidanren.or.jp/japanese/policy/pol083/index.html,2026-09-07,html_text,人材・教育|労働・雇用,主張・提言
keidanren_1996_p084.txt,keidanren_1996_p084,keidanren,経済団体,「企業人政治フォーラム」の設立について,1996-04-16,19960416,提言,,公開,https://www.keidanren.or.jp/japanese/policy/pol084.html,2026-09-07,html_text,政治・統治機構・憲法,主張・提言
keidanren_1996_p085.txt,keidanren_1996_p085,keidanren,経済団体,科学技術基本計画の策定に望む ─日本を魅力ある国にするために─,1996-04-16,19960416,提言,,公開,https://www.keidanren.or.jp/japanese/policy/pol085.html,2026-09-07,html_text,イノベーション・科学技術・スタートアップ|人材・教育,主張・提言
keidanren_1996_p086.txt,keidanren_1996_p086,keidanren,経済団体,合併法制の改正に関する意見,1996-04-16,19960416,意見,,公開,https://www.keidanren.or.jp/japanese/policy/pol086.html,2026-09-07,html_text,企業経営・ガバナンス・サステナビリティ|行政改革・規制改革,主張・提言
keidanren_1996_p087.txt,keidanren_1996_p087,keidanren,経済団体,連結財務諸表のあり方に関する基本的考え方,1996-05-14,19960514,提言,,公開,https://www.keidanren.or.jp/japanese/policy/pol087.html,2026-09-07,html_text,企業経営・ガバナンス・サステナビリティ|金融・資本市場,主張・提言
keidanren_1996_p088.txt,keidanren_1996_p088,keidanren,経済団体,我が国産業の活性化と金融・資本市場の空洞化対策,1996-05-15,19960515,提言,,公開,https://www.keidanren.or.jp/japanese/policy/pol088/index.html,2026-09-07,html_text,金融・資本市場|産業政策・成長戦略|税制・財政,主張・提言
keidanren_1996_p089.txt,keidanren_1996_p089,keidanren,経済団体,国際投資環境のあり方とわが国の対外・対内投資 〜多国間投資協定（ＭＡＩ）交渉に望む〜,1996-04-24,19960424,提言,,公開,https://www.keidanren.or.jp/japanese/policy/pol089/index.html,2026-09-07,html_text,通商・国際経済・国際協力|金融・資本市場|税制・財政,主張・提言
keidanren_1996_p090.txt,keidanren_1996_p090,keidanren,経済団体,阪神・淡路経済復興シンポジウム・アピール ―自立的で創造的な復興をめざして―,1996-05-22,19960522,提言,,公開,https://www.keidanren.or.jp/japanese/policy/pol090.html,2026-09-07,html_text,国土・住宅・交通・防災|地域経済・観光・地方創生|行政改革・規制改革,主張・提言
keidanren_1996_p091.txt,keidanren_1996_p091,keidanren,経済団体,総会決議 魅力ある日本の創造へ向けてのわれわれの責務,1996-05-28,19960528,提言,,公開,https://www.keidanren.or.jp/japanese/policy/pol091.html,2026-09-07,html_text,行政改革・規制改革|税制・財政|マクロ経済・経済財政運営,主張・提言
keidanren_1996_p092.txt,keidanren_1996_p092,keidanren,経済団体,魅力ある国家づくりに寄与する宇宙開発の推進を望む,1996-06-14,19960614,提言,,公開,https://www.keidanren.or.jp/japanese/policy/pol092.html,2026-09-07,html_text,イノベーション・科学技術・スタートアップ|産業政策・成長戦略,主張・提言
keidanren_1996_p093.txt,keidanren_1996_p093,keidanren,経済団体,情報公開法要綱案に関する意見,1996-06-14,19960614,意見,,公開,https://www.keidanren.or.jp/japanese/policy/pol093.html,2026-09-07,html_text,行政改革・規制改革|政治・統治機構・憲法,主張・提言
keidanren_1996_p094.txt,keidanren_1996_p094,keidanren,経済団体,経団連環境アピール −２１世紀の環境保全に向けた経済界の自主行動宣言−,1996-07-16,19960716,提言,,公開,https://www.keidanren.or.jp/japanese/policy/pol094.html,2026-09-07,html_text,エネルギー・環境|企業経営・ガバナンス・サステナビリティ,主張・提言
keidanren_1996_p095.txt,keidanren_1996_p095,keidanren,経済団体,新しい全国総合開発計画に関する提言 −「新たな創造のシステム」による国土・地域づくりを目指して−,1996-07-16,19960716,提言,,公開,https://www.keidanren.or.jp/japanese/policy/pol095/index.html,2026-09-07,html_text,国土・住宅・交通・防災|地域経済・観光・地方創生|行政改革・規制改革,主張・提言
keidanren_1996_p096.txt,keidanren_1996_p096,keidanren,経済団体,日銀法改正問題に関する考え方,1996-09-17,19960917,提言,,公開,https://www.keidanren.or.jp/japanese/policy/pol096.html,2026-09-07,html_text,金融・資本市場|政治・統治機構・憲法,主張・提言
keidanren_1996_p097.txt,keidanren_1996_p097,keidanren,経済団体,循環型社会の構築に向けた課題 −廃棄物対策の促進に向けて−,1996-09-09,19960909,提言,,公開,https://www.keidanren.or.jp/japanese/policy/pol097s.html,2026-09-07,html_text,エネルギー・環境|産業政策・成長戦略|行政改革・規制改革,主張・提言
keidanren_1996_p098.txt,keidanren_1996_p098,keidanren,経済団体,税制改正に関する提言,1996-09-17,19960917,提言,,公開,https://www.keidanren.or.jp/japanese/policy/pol098/index.html,2026-09-07,html_text,税制・財政,主張・提言
keidanren_1996_p099.txt,keidanren_1996_p099,keidanren,経済団体,社会保障制度改革の必要性と 高齢者介護に関するわれわれの考え方,1996-10-15,19961015,提言,,公開,https://www.keidanren.or.jp/japanese/policy/pol099/pol099s.html,2026-09-07,html_text,社会保障（年金・医療・介護）|マクロ経済・経済財政運営,主張・提言
keidanren_1996_p101.txt,keidanren_1996_p101,keidanren,経済団体,むつ小川原開発をめぐる当面の課題,1996-10-15,19961015,提言,,公開,https://www.keidanren.or.jp/japanese/policy/pol101.html,2026-09-07,html_text,国土・住宅・交通・防災|地域経済・観光・地方創生|エネルギー・環境,主張・提言
keidanren_1996_p102.txt,keidanren_1996_p102,keidanren,経済団体,多角的自由貿易体制のさらなる促進を目指して 〜世界貿易機関（ＷＴＯ）シンガポール閣僚会議に望む〜,1996-10-15,19961015,提言,,公開,https://www.keidanren.or.jp/japanese/policy/pol102/index.html,2026-09-07,html_text,通商・国際経済・国際協力,主張・提言
keidanren_1996_p103.txt,keidanren_1996_p103,keidanren,経済団体,官民連携による途上国への知的支援の推進を求める 〜途上国の民間経済活動の活性化を目指して〜,1996-10-15,19961015,提言,,公開,https://www.keidanren.or.jp/japanese/policy/pol103/index.html,2026-09-07,html_text,通商・国際経済・国際協力|産業政策・成長戦略,主張・提言
keidanren_1996_p104.txt,keidanren_1996_p104,keidanren,経済団体,『規制の撤廃・緩和等に関する要望』について,1996-10-28,19961028,要望,,公開,https://www.keidanren.or.jp/japanese/policy/pol104.html,2026-09-07,html_text,行政改革・規制改革,主張・提言
keidanren_1996_p105.txt,keidanren_1996_p105,keidanren,経済団体,橋本自民党総裁の強力なリーダシップを望む −総裁主導による抜本的な構造改革の断行を−,1996-10-28,19961028,提言,,公開,https://www.keidanren.or.jp/japanese/policy/pol105.html,2026-09-07,html_text,行政改革・規制改革|税制・財政|政治・統治機構・憲法,主張・提言
keidanren_1996_p106.txt,keidanren_1996_p106,keidanren,経済団体,通信市場における競争の促進に向けた課題 −接続ルールを中心として−,1996-10-30,19961030,提言,,公開,https://www.keidanren.or.jp/japanese/policy/pol106/index.html,2026-09-07,html_text,デジタル・情報通信|行政改革・規制改革,主張・提言
keidanren_1996_p107.txt,keidanren_1996_p107,keidanren,経済団体,地球温暖化防止に関する共同宣言,1996-11-01,19961101,提言,,公開,https://www.keidanren.or.jp/japanese/policy/pol107.html,2026-09-07,html_text,エネルギー・環境|通商・国際経済・国際協力,主張・提言
keidanren_1996_p108.txt,keidanren_1996_p108,keidanren,経済団体,国民の信頼が得られる医療保障制度の再構築,1996-11-12,19961112,提言,,公開,https://www.keidanren.or.jp/japanese/policy/pol108/index.html,2026-09-07,html_text,社会保障（年金・医療・介護）|マクロ経済・経済財政運営|行政改革・規制改革,主張・提言
keidanren_1996_p109.txt,keidanren_1996_p109,keidanren,経済団体,新内閣への要望,1996-11-11,19961111,要望,,公開,https://www.keidanren.or.jp/japanese/policy/pol109.html,2026-09-07,html_text,行政改革・規制改革|税制・財政|マクロ経済・経済財政運営,主張・提言
keidanren_1996_p110.txt,keidanren_1996_p110,keidanren,経済団体,「２１世紀政策研究所−魅力ある日本創造のために−」（仮称）の設立について,1996-10-28,19961028,提言,,公開,https://www.keidanren.or.jp/japanese/policy/pol110.html,2026-09-07,html_text,政治・統治機構・憲法|産業政策・成長戦略,主張・提言
keidanren_1996_p112.txt,keidanren_1996_p112,keidanren,経済団体,法人税の実質的減税を求める,1996-12-09,19961209,提言,,公開,https://www.keidanren.or.jp/japanese/policy/pol112.html,2026-09-07,html_text,税制・財政|産業政策・成長戦略,主張・提言
keidanren_1996_p113.txt,keidanren_1996_p113,keidanren,経済団体,財政民主主義の確立と納税に値する国家を目指して ―財政構造改革に向けた提言―,1996-12-10,19961210,提言,,公開,https://www.keidanren.or.jp/japanese/policy/pol113/index.html,2026-09-07,html_text,税制・財政|マクロ経済・経済財政運営|社会保障（年金・医療・介護）,主張・提言
keidanren_1996_p114.txt,keidanren_1996_p114,keidanren,経済団体,透明で持続可能な年金制度の再構築を求める,1996-12-10,19961210,提言,,公開,https://www.keidanren.or.jp/japanese/policy/pol114/index.html,2026-09-07,html_text,社会保障（年金・医療・介護）|税制・財政,主張・提言
keidanren_1996_p117.txt,keidanren_1996_p117,keidanren,経済団体,行政改革会議に期待する,1996-12-18,19961218,提言,,公開,https://www.keidanren.or.jp/japanese/policy/pol117.html,2026-09-07,html_text,行政改革・規制改革|政治・統治機構・憲法,主張・提言
keidanren_1996_p118.txt,keidanren_1996_p118,keidanren,経済団体,新産業・新事業委員会企画部会報告書 日本型コーポレート・ベンチャーを目指して,1996-12-26,19961226,報告書,,公開,https://www.keidanren.or.jp/japanese/policy/pol118/index.html,2026-09-07,html_text,イノベーション・科学技術・スタートアップ|企業経営・ガバナンス・サステナビリティ|産業政策・成長戦略,主張・提言
keidanren_1996_p129.txt,keidanren_1996_p129,keidanren,経済団体,世代を越えて持続可能な社会保障制度を目指して 〜社会保障制度改革のビジョン〜,1996-12-17,19961217,提言,,公開,https://www.keidanren.or.jp/japanese/policy/pol129/index.html,2026-09-07,html_text,社会保障（年金・医療・介護）|税制・財政,主張・提言
keidanren_1997_p119.txt,keidanren_1997_p119,keidanren,経済団体,企業結合規制の抜本的見直しに関する提言,1997-01-28,19970128,提言,,公開,https://www.keidanren.or.jp/japanese/policy/pol119.html,2026-09-07,html_text,行政改革・規制改革|企業経営・ガバナンス・サステナビリティ|産業政策・成長戦略,主張・提言
keidanren_1997_p120.txt,keidanren_1997_p120,keidanren,経済団体,規制の撤廃・緩和等に関する再要望について,1997-02-18,19970218,要望,,公開,https://www.keidanren.or.jp/japanese/policy/pol120.html,2026-09-07,html_text,行政改革・規制改革|企業経営・ガバナンス・サステナビリティ|国土・住宅・交通・防災,主張・提言
keidanren_1997_p121.txt,keidanren_1997_p121,keidanren,経済団体,企業の採用方法の変化と人材育成に対する意識調査結果概要,1997-03-04,19970304,資料,,公開,https://www.keidanren.or.jp/japanese/policy/pol121/index.html,2026-09-07,html_text,人材・教育|労働・雇用,内部調査・会員アンケート
keidanren_1997_p122.txt,keidanren_1997_p122,keidanren,経済団体,21世紀政策研究所の設立について,1997-03-18,19970318,提言,,公開,https://www.keidanren.or.jp/japanese/policy/pol122/index.html,2026-09-07,html_text,行政改革・規制改革|政治・統治機構・憲法,活動記録
keidanren_1997_p124.txt,keidanren_1997_p124,keidanren,経済団体,わが国の高コスト構造の是正 −新たな経済システムの構築を目指して−,1997-04-15,19970415,提言,,公開,https://www.keidanren.or.jp/japanese/policy/pol124/index.html,2026-09-07,html_text,行政改革・規制改革|産業政策・成長戦略|マクロ経済・経済財政運営,主張・提言
keidanren_1997_p125.txt,keidanren_1997_p125,keidanren,経済団体,連結財務諸表制度の見直しに関する公開草案に対する意見,1997-03-18,19970318,意見,,公開,https://www.keidanren.or.jp/japanese/policy/pol125.html,2026-09-07,html_text,企業経営・ガバナンス・サステナビリティ|金融・資本市場,主張・提言
keidanren_1997_p126.txt,keidanren_1997_p126,keidanren,経済団体,「PRTR（環境汚染物質排出・移動登録）制度」導入についての見解,1997-04-15,19970415,提言,,公開,https://www.keidanren.or.jp/japanese/policy/pol126.html,2026-09-07,html_text,エネルギー・環境|産業政策・成長戦略,主張・提言
keidanren_1997_p127.txt,keidanren_1997_p127,keidanren,経済団体,日米関係の強化に向けた５つの重要課題,1997-04-15,19970415,提言,,公開,https://www.keidanren.or.jp/japanese/policy/pol127/index.html,2026-09-07,html_text,通商・国際経済・国際協力|外交・安全保障・経済安全保障|行政改革・規制改革,主張・提言
keidanren_1997_p128.txt,keidanren_1997_p128,keidanren,経済団体,政府開発援助（ＯＤＡ）の改革に関するわれわれの考え,1997-04-15,19970415,提言,,公開,https://www.keidanren.or.jp/japanese/policy/pol128/index.html,2026-09-07,html_text,通商・国際経済・国際協力|行政改革・規制改革,主張・提言
keidanren_1997_p131.txt,keidanren_1997_p131,keidanren,経済団体,財投改革の基本方針,1997-05-20,19970520,提言,,公開,https://www.keidanren.or.jp/japanese/policy/pol131.html,2026-09-07,html_text,金融・資本市場|マクロ経済・経済財政運営|行政改革・規制改革,主張・提言
keidanren_1997_p132.txt,keidanren_1997_p132,keidanren,経済団体,総会決議 改革のさらなる前進と新たな発展に向けて,1997-05-27,19970527,提言,,公開,https://www.keidanren.or.jp/japanese/policy/pol132.html,2026-09-07,html_text,行政改革・規制改革|税制・財政|企業経営・ガバナンス・サステナビリティ,主張・提言
keidanren_1997_p133.txt,keidanren_1997_p133,keidanren,経済団体,経団連環境自主行動計画,1997-06-17,19970617,提言,,公開,https://www.keidanren.or.jp/japanese/policy/pol133/index.html,2026-09-07,html_text,エネルギー・環境|産業政策・成長戦略,主張・提言
keidanren_1997_p134.txt,keidanren_1997_p134,keidanren,経済団体,多国間投資協定(MAI)交渉に対する意見,1997-06-17,19970617,意見,,公開,https://www.keidanren.or.jp/japanese/policy/pol134/index.html,2026-09-07,html_text,通商・国際経済・国際協力|金融・資本市場,主張・提言
keidanren_1997_p135.txt,keidanren_1997_p135,keidanren,経済団体,わが国宇宙開発・利用の課題 ―21世紀の戦略的国際的インフラ構築に向けて―,1997-06-11,19970611,提言,,公開,https://www.keidanren.or.jp/japanese/policy/pol135.html,2026-09-07,html_text,産業政策・成長戦略|イノベーション・科学技術・スタートアップ|デジタル・情報通信,主張・提言
keidanren_1997_p136.txt,keidanren_1997_p136,keidanren,経済団体,情報化の推進に関する提言 −構造改革のツールとして−,1997-07-22,19970722,提言,,公開,https://www.keidanren.or.jp/japanese/policy/pol136/index.html,2026-09-07,html_text,デジタル・情報通信|行政改革・規制改革,主張・提言
keidanren_1997_p137.txt,keidanren_1997_p137,keidanren,経済団体,土地の有効利用に向けた土地・住宅政策のあり方,1997-07-22,19970722,提言,,公開,https://www.keidanren.or.jp/japanese/policy/pol137/index.html,2026-09-07,html_text,国土・住宅・交通・防災|税制・財政|行政改革・規制改革,主張・提言
keidanren_1997_p138.txt,keidanren_1997_p138,keidanren,経済団体,統計行政の抜本改革,1997-07-22,19970722,提言,,公開,https://www.keidanren.or.jp/japanese/policy/pol138.html,2026-09-07,html_text,行政改革・規制改革|政治・統治機構・憲法,主張・提言
keidanren_1997_p139.txt,keidanren_1997_p139,keidanren,経済団体,原子力政策のあり方に関する提言,1997-07-22,19970722,提言,,公開,https://www.keidanren.or.jp/japanese/policy/pol139.html,2026-09-07,html_text,エネルギー・環境|産業政策・成長戦略,主張・提言
keidanren_1997_p140.txt,keidanren_1997_p140,keidanren,経済団体,国有林整備に係る費用負担のあり方について,1997-07-22,19970722,提言,,公開,https://www.keidanren.or.jp/japanese/policy/pol140.html,2026-09-07,html_text,農林水産・食料|税制・財政|国土・住宅・交通・防災,主張・提言
keidanren_1997_p141.txt,keidanren_1997_p141,keidanren,経済団体,中央省庁再編に対する提言（科学技術関係） ―国民のニーズに応える科学技術行政システムの確立に向けて―,1997-07-23,19970723,提言,,公開,https://www.keidanren.or.jp/japanese/policy/pol141.html,2026-09-07,html_text,イノベーション・科学技術・スタートアップ|行政改革・規制改革,主張・提言
keidanren_1997_p142.txt,keidanren_1997_p142,keidanren,経済団体,当面の総会屋等への対応策について,1997-09-16,19970916,提言,,公開,https://www.keidanren.or.jp/japanese/policy/pol142.html,2026-09-07,html_text,企業経営・ガバナンス・サステナビリティ,主張・提言
keidanren_1997_p143.txt,keidanren_1997_p143,keidanren,経済団体,法人税制改革に関する提言,1997-09-16,19970916,提言,,公開,https://www.keidanren.or.jp/japanese/policy/pol143.html,2026-09-07,html_text,税制・財政,主張・提言
keidanren_1997_p144.txt,keidanren_1997_p144,keidanren,経済団体,コーポレート・ガバナンスのあり方に関する緊急提言,1997-09-16,19970916,提言,,公開,https://www.keidanren.or.jp/japanese/policy/pol144.html,2026-09-07,html_text,企業経営・ガバナンス・サステナビリティ|政治・統治機構・憲法,主張・提言
keidanren_1997_p146.txt,keidanren_1997_p146,keidanren,経済団体,ＡＰＥＣの発展に向けて −活動の効率化、集中化と民間の積極的参加の場を−,1997-09-16,19970916,提言,,公開,https://www.keidanren.or.jp/japanese/policy/pol146/index.html,2026-09-07,html_text,通商・国際経済・国際協力|産業政策・成長戦略,主張・提言
keidanren_1997_p147.txt,keidanren_1997_p147,keidanren,経済団体,21世紀に向け新しい規制緩和推進体制の整備を望む,1997-09-18,19970918,提言,,公開,https://www.keidanren.or.jp/japanese/policy/pol147/index.html,2026-09-07,html_text,行政改革・規制改革|社会保障（年金・医療・介護）,主張・提言
keidanren_1997_p148.txt,keidanren_1997_p148,keidanren,経済団体,ＣＯＰ３ならびに地球温暖化対策に関する見解,1997-09-26,19970926,提言,,公開,https://www.keidanren.or.jp/japanese/policy/pol148.html,2026-09-07,html_text,エネルギー・環境|マクロ経済・経済財政運営|税制・財政,主張・提言
keidanren_1997_p149.txt,keidanren_1997_p149,keidanren,経済団体,新内閣への要望,1997-09-18,19970918,要望,,公開,https://www.keidanren.or.jp/japanese/policy/pol149.html,2026-09-07,html_text,行政改革・規制改革|税制・財政|マクロ経済・経済財政運営,主張・提言
keidanren_1997_p150.txt,keidanren_1997_p150,keidanren,経済団体,法人実効税率の40％への引下げと実質減税の実現を求める経済五団体共同提言,1997-10-15,19971015,提言,,公開,https://www.keidanren.or.jp/japanese/policy/pol150.html,2026-09-07,html_text,税制・財政,主張・提言
keidanren_1997_p151.txt,keidanren_1997_p151,keidanren,経済団体,借地借家法改正に関する提言,1997-10-21,19971021,提言,,公開,https://www.keidanren.or.jp/japanese/policy/pol151.html,2026-09-07,html_text,国土・住宅・交通・防災|行政改革・規制改革,主張・提言
keidanren_1997_p152.txt,keidanren_1997_p152,keidanren,経済団体,総合科学技術会議（仮称）に関する要望,1997-10-21,19971021,要望,,公開,https://www.keidanren.or.jp/japanese/policy/pol152.html,2026-09-07,html_text,イノベーション・科学技術・スタートアップ|行政改革・規制改革|政治・統治機構・憲法,主張・提言
keidanren_1997_p153.txt,keidanren_1997_p153,keidanren,経済団体,市民活動促進法案（ＮＰＯ法案）の今臨時国会におけるすみやかな成立を望む,1997-10-29,19971029,提言,,公開,https://www.keidanren.or.jp/japanese/policy/pol153.html,2026-09-07,html_text,政治・統治機構・憲法|企業経営・ガバナンス・サステナビリティ,主張・提言
keidanren_1997_p154.txt,keidanren_1997_p154,keidanren,経済団体,金融システム安定のための財政資金の導入を求める,1997-11-28,19971128,提言,,公開,https://www.keidanren.or.jp/japanese/policy/pol154.html,2026-09-07,html_text,金融・資本市場|マクロ経済・経済財政運営,主張・提言
keidanren_1997_p155.txt,keidanren_1997_p155,keidanren,経済団体,交通機関を対象とした新税等の導入に反対する −旧国鉄長期債務の処理に関連して−,1997-11-10,19971110,提言,,公開,https://www.keidanren.or.jp/japanese/policy/pol155.html,2026-09-07,html_text,税制・財政|国土・住宅・交通・防災,主張・提言
keidanren_1997_p156.txt,keidanren_1997_p156,keidanren,経済団体,平成１０年度税制改正において法人実効税率大幅引下げの実現を求める,1997-12-08,19971208,提言,,公開,https://www.keidanren.or.jp/japanese/policy/pol156.html,2026-09-07,html_text,税制・財政|マクロ経済・経済財政運営,主張・提言
keidanren_1997_p192.txt,keidanren_1997_p192,keidanren,経済団体,「1996年度 社会貢献活動実績調査結果」要約,1997-12-11,19971211,提言,,公開,https://www.keidanren.or.jp/japanese/policy/pol192.html,2026-09-07,html_text,企業経営・ガバナンス・サステナビリティ|税制・財政,内部調査・会員アンケート
keidanren_1998_p159.txt,keidanren_1998_p159,keidanren,経済団体,阪神・淡路地域の復興と災害に備えた国土づくりを目指して ─ 阪神・淡路復興シンポジウム・アピール ─,1998-01-23,19980123,提言,,公開,https://www.keidanren.or.jp/japanese/policy/pol159.html,2026-09-07,html_text,国土・住宅・交通・防災|地域経済・観光・地方創生|産業政策・成長戦略,主張・提言
keidanren_1998_p160.txt,keidanren_1998_p160,keidanren,経済団体,自己株式消却に関する緊急要望,1998-01-27,19980127,要望,,公開,https://www.keidanren.or.jp/japanese/policy/pol160.html,2026-09-07,html_text,金融・資本市場|税制・財政|企業経営・ガバナンス・サステナビリティ,主張・提言
keidanren_1998_p161.txt,keidanren_1998_p161,keidanren,経済団体,開発途上国における民活インフラ事業の推進に向けて,1998-01-27,19980127,提言,,公開,https://www.keidanren.or.jp/japanese/policy/pol161.html,2026-09-07,html_text,通商・国際経済・国際協力|産業政策・成長戦略|エネルギー・環境,主張・提言
keidanren_1998_p162.txt,keidanren_1998_p162,keidanren,経済団体,わが国の構造改革と景気回復に資する追加的経済対策を要望する,1998-02-09,19980209,要望,,公開,https://www.keidanren.or.jp/japanese/policy/pol162.html,2026-09-07,html_text,マクロ経済・経済財政運営|税制・財政|行政改革・規制改革,主張・提言
keidanren_1998_p163.txt,keidanren_1998_p163,keidanren,経済団体,規制緩和要望,1998-02-17,19980217,要望,,公開,https://www.keidanren.or.jp/japanese/policy/pol163.html,2026-09-07,html_text,行政改革・規制改革|デジタル・情報通信|労働・雇用,主張・提言
keidanren_1998_p164.txt,keidanren_1998_p164,keidanren,経済団体,電子商取引の推進に関するアンケート結果概要,1998-03-04,19980304,資料,,公開,https://www.keidanren.or.jp/japanese/policy/pol164.html,2026-09-07,html_text,デジタル・情報通信|行政改革・規制改革,内部調査・会員アンケート
keidanren_1998_p165.txt,keidanren_1998_p165,keidanren,経済団体,政府一体となった地球温暖化対策を望む,1998-03-09,19980309,提言,,公開,https://www.keidanren.or.jp/japanese/policy/pol165.html,2026-09-07,html_text,エネルギー・環境|行政改革・規制改革,主張・提言
keidanren_1998_p166.txt,keidanren_1998_p166,keidanren,経済団体,ＷＴＯの更なる強化を望む 〜国際ルールに則った多角的貿易体制の一層の推進に向けて〜,1998-03-17,19980317,提言,,公開,https://www.keidanren.or.jp/japanese/policy/pol166.html,2026-09-07,html_text,通商・国際経済・国際協力,主張・提言
keidanren_1998_p167.txt,keidanren_1998_p167,keidanren,経済団体,「変わる企業の採用行動と人事システム」事例集 〜教育改革に向けての企業からのメッセージ〜,1998-04-21,19980421,提言,,公開,https://www.keidanren.or.jp/japanese/policy/pol167/index.html,2026-09-07,html_text,人材・教育|労働・雇用,内部調査・会員アンケート
keidanren_1998_p168.txt,keidanren_1998_p168,keidanren,経済団体,公的分野の情報化促進に関する緊急提言,1998-04-14,19980414,提言,,公開,https://www.keidanren.or.jp/japanese/policy/pol168.html,2026-09-07,html_text,デジタル・情報通信|行政改革・規制改革,主張・提言
keidanren_1998_p169.txt,keidanren_1998_p169,keidanren,経済団体,報告書『新東京圏の創造』 −安心・ゆとり、魅力、活力を兼ね備えた都市づくりに向けた提案−,1998-04-21,19980421,報告書,,公開,https://www.keidanren.or.jp/japanese/policy/pol169/index.html,2026-09-07,html_text,国土・住宅・交通・防災|地域経済・観光・地方創生,主張・提言
keidanren_1998_p170.txt,keidanren_1998_p170,keidanren,経済団体,豊かな国民生活と経済活性化のための構造改革の提言,1998-04-21,19980421,提言,,公開,https://www.keidanren.or.jp/japanese/policy/pol170.html,2026-09-07,html_text,税制・財政|国土・住宅・交通・防災|行政改革・規制改革,主張・提言
keidanren_1998_p171.txt,keidanren_1998_p171,keidanren,経済団体,流通分野における一層の規制緩和を要望する,1998-04-21,19980421,要望,,公開,https://www.keidanren.or.jp/japanese/policy/pol171/index.html,2026-09-07,html_text,行政改革・規制改革|国土・住宅・交通・防災,主張・提言
keidanren_1998_p172.txt,keidanren_1998_p172,keidanren,経済団体,自由・公正・透明な情報通信市場の実現に向けた提言 − 経済活性化と構造改革を目指して −,1998-04-21,19980421,提言,,公開,https://www.keidanren.or.jp/japanese/policy/pol172/index.html,2026-09-07,html_text,デジタル・情報通信|行政改革・規制改革,主張・提言
keidanren_1998_p173.txt,keidanren_1998_p173,keidanren,経済団体,司法制度改革についての意見,1998-05-19,19980519,意見,,公開,https://www.keidanren.or.jp/japanese/policy/pol173.html,2026-09-07,html_text,政治・統治機構・憲法|行政改革・規制改革|通商・国際経済・国際協力,主張・提言
keidanren_1998_p174.txt,keidanren_1998_p174,keidanren,経済団体,総会決議 ２１世紀に向け新たな発展の基盤を確立する,1998-05-26,19980526,提言,,公開,https://www.keidanren.or.jp/japanese/policy/pol174.html,2026-09-07,html_text,マクロ経済・経済財政運営|行政改革・規制改革|企業経営・ガバナンス・サステナビリティ,主張・提言
keidanren_1998_p175.txt,keidanren_1998_p175,keidanren,経済団体,税制改革の早期実現を求める,1998-06-11,19980611,提言,,公開,https://www.keidanren.or.jp/japanese/policy/pol175.html,2026-09-07,html_text,税制・財政|マクロ経済・経済財政運営,主張・提言
keidanren_1998_p176.txt,keidanren_1998_p176,keidanren,経済団体,短期金融市場の整備と円の国際化,1998-06-16,19980616,提言,,公開,https://www.keidanren.or.jp/japanese/policy/pol176.html,2026-09-07,html_text,金融・資本市場|税制・財政|通商・国際経済・国際協力,主張・提言
keidanren_1998_p177.txt,keidanren_1998_p177,keidanren,経済団体,新産業・新事業創出に関する緊急提言 大学・企業の起業家精神の発揮を望む,1998-06-18,19980618,提言,,公開,https://www.keidanren.or.jp/japanese/policy/pol177.html,2026-09-07,html_text,イノベーション・科学技術・スタートアップ|金融・資本市場|産業政策・成長戦略,主張・提言
keidanren_1998_p178.txt,keidanren_1998_p178,keidanren,経済団体,経団連ＰＲＴＲ（環境汚染物質排出・移動登録）調査結果報告,1998-06-16,19980616,提言,,公開,https://www.keidanren.or.jp/japanese/policy/pol178/index.html,2026-09-07,html_text,エネルギー・環境|産業政策・成長戦略,内部調査・会員アンケート
keidanren_1998_p179.txt,keidanren_1998_p179,keidanren,経済団体,経団連排出権取引・共同実施等に関する調査チーム報告書,1998-06-10,19980610,報告書,,公開,https://www.keidanren.or.jp/japanese/policy/pol179/index.html,2026-09-07,html_text,エネルギー・環境|通商・国際経済・国際協力,活動記録
keidanren_1998_p180.txt,keidanren_1998_p180,keidanren,経済団体,わが国の宇宙開発・利用および産業化の推進を望む,1998-07-07,19980707,提言,,公開,https://www.keidanren.or.jp/japanese/policy/pol180.html,2026-09-07,html_text,イノベーション・科学技術・スタートアップ|産業政策・成長戦略,主張・提言
keidanren_1998_p182.txt,keidanren_1998_p182,keidanren,経済団体,アジア経済の再活性化に向けて,1998-07-21,19980721,提言,,公開,https://www.keidanren.or.jp/japanese/policy/pol182.html,2026-09-07,html_text,通商・国際経済・国際協力|マクロ経済・経済財政運営|金融・資本市場,主張・提言
keidanren_1998_p184.txt,keidanren_1998_p184,keidanren,経済団体,次代を担う人材と情報リテラシー向上策のあり方に関する提言,1998-07-21,19980721,提言,,公開,https://www.keidanren.or.jp/japanese/policy/pol184/index.html,2026-09-07,html_text,人材・教育|デジタル・情報通信,主張・提言
keidanren_1998_p185.txt,keidanren_1998_p185,keidanren,経済団体,金融システム安定化のための諸制度の整備を求める −金融の再編・強化、ディスクロージャーの推進、金融当局の役割・責任分担の明確化、ブリッジバンク関連法制の整備−,1998-07-23,19980723,提言,,公開,https://www.keidanren.or.jp/japanese/policy/pol185.html,2026-09-07,html_text,金融・資本市場|マクロ経済・経済財政運営,主張・提言
keidanren_1998_p186.txt,keidanren_1998_p186,keidanren,経済団体,自民党小渕新総裁に望む,1998-07-24,19980724,提言,,公開,https://www.keidanren.or.jp/japanese/policy/pol186.html,2026-09-07,html_text,マクロ経済・経済財政運営|税制・財政|金融・資本市場,主張・提言
keidanren_1998_p187.txt,keidanren_1998_p187,keidanren,経済団体,新内閣に望む,1998-07-30,19980730,提言,,公開,https://www.keidanren.or.jp/japanese/policy/pol187.html,2026-09-07,html_text,金融・資本市場|税制・財政|マクロ経済・経済財政運営,主張・提言
keidanren_1998_p188.txt,keidanren_1998_p188,keidanren,経済団体,新内閣に望む,1998-08-04,19980804,提言,,公開,https://www.keidanren.or.jp/japanese/policy/pol188.html,2026-09-07,html_text,マクロ経済・経済財政運営|税制・財政|金融・資本市場,主張・提言
keidanren_1998_p189.txt,keidanren_1998_p189,keidanren,経済団体,持合株式の交換制度に関する提言,1998-08-05,19980805,提言,,公開,https://www.keidanren.or.jp/japanese/policy/pol189.html,2026-09-07,html_text,金融・資本市場|税制・財政|企業経営・ガバナンス・サステナビリティ,主張・提言
keidanren_1998_p190.txt,keidanren_1998_p190,keidanren,経済団体,株式保有、合併等に係る「一定の取引分野における競争を実質的に制限することとなる場合」の考え方（原案）に対するコメント,1998-08-31,19980831,意見,,公開,https://www.keidanren.or.jp/japanese/policy/pol190.html,2026-09-07,html_text,行政改革・規制改革|企業経営・ガバナンス・サステナビリティ,主張・提言
keidanren_1998_p191.txt,keidanren_1998_p191,keidanren,経済団体,「親子会社法制等に関する問題点」に対するコメント,1998-09-01,19980901,意見,,公開,https://www.keidanren.or.jp/japanese/policy/pol191.html,2026-09-07,html_text,企業経営・ガバナンス・サステナビリティ|税制・財政,主張・提言
keidanren_1998_p193.txt,keidanren_1998_p193,keidanren,経済団体,金融システム安定化を求める緊急声明,1998-09-07,19980907,提言,,公開,https://www.keidanren.or.jp/japanese/policy/pol193.html,2026-09-07,html_text,金融・資本市場|マクロ経済・経済財政運営,主張・提言
keidanren_1998_p194.txt,keidanren_1998_p194,keidanren,経済団体,多様なライフスタイルを可能にする住宅政策を求める,1998-09-14,19980914,提言,,公開,https://www.keidanren.or.jp/japanese/policy/pol194/index.html,2026-09-07,html_text,国土・住宅・交通・防災|税制・財政|行政改革・規制改革,主張・提言
keidanren_1998_p196.txt,keidanren_1998_p196,keidanren,経済団体,証券市場に活力を呼び戻す大胆な対策を求める,1998-09-17,19980917,提言,,公開,https://www.keidanren.or.jp/japanese/policy/pol196.html,2026-09-07,html_text,金融・資本市場|マクロ経済・経済財政運営,主張・提言
keidanren_1998_p197.txt,keidanren_1998_p197,keidanren,経済団体,平成11年度税制改正に関する提言,1998-09-16,19980916,提言,,公開,https://www.keidanren.or.jp/japanese/policy/pol197/index.html,2026-09-07,html_text,税制・財政|金融・資本市場,主張・提言
keidanren_1998_p200.txt,keidanren_1998_p200,keidanren,経済団体,報告書「国際文化交流活動の意義、これまでの成果と今後の取り組み」,1998-09-22,19980922,報告書,,公開,https://www.keidanren.or.jp/japanese/policy/pol200/index.html,2026-09-07,html_text,通商・国際経済・国際協力|税制・財政|企業経営・ガバナンス・サステナビリティ,主張・提言
keidanren_1998_p201.txt,keidanren_1998_p201,keidanren,経済団体,「産業技術力強化のための実態調査」報告書,1998-09-01,19980901,報告書,,公開,https://www.keidanren.or.jp/japanese/policy/pol201/index.html,2026-09-07,html_text,イノベーション・科学技術・スタートアップ|産業政策・成長戦略,内部調査・会員アンケート
keidanren_1998_p202.txt,keidanren_1998_p202,keidanren,経済団体,緊急経済対策要望,1998-10-12,19981012,要望,,公開,https://www.keidanren.or.jp/japanese/policy/pol202.html,2026-09-07,html_text,マクロ経済・経済財政運営|金融・資本市場|税制・財政,主張・提言
keidanren_1998_p203.txt,keidanren_1998_p203,keidanren,経済団体,日本経済の再生と21世紀における豊かで活力ある経済社会の構築のために −経済戦略会議への提言−,1998-10-12,19981012,提言,,公開,https://www.keidanren.or.jp/japanese/policy/pol203.html,2026-09-07,html_text,マクロ経済・経済財政運営|国土・住宅・交通・防災|イノベーション・科学技術・スタートアップ,主張・提言
keidanren_1998_p205.txt,keidanren_1998_p205,keidanren,経済団体,経済再生に向け規制緩和の推進と透明な行政運営体制の確立を求める,1998-10-20,19981020,提言,,公開,https://www.keidanren.or.jp/japanese/policy/pol205/index.html,2026-09-07,html_text,行政改革・規制改革|国土・住宅・交通・防災|エネルギー・環境,主張・提言
keidanren_1998_p207.txt,keidanren_1998_p207,keidanren,経済団体,海洋開発プロジェクトの実現について,1998-10-06,19981006,提言,,公開,https://www.keidanren.or.jp/japanese/policy/pol207.html,2026-09-07,html_text,イノベーション・科学技術・スタートアップ|エネルギー・環境|通商・国際経済・国際協力,主張・提言
keidanren_1998_p208.txt,keidanren_1998_p208,keidanren,経済団体,緊急経済対策の具体化に向けて ─21世紀への架け橋プロジェクトの推進─,1998-10-30,19981030,提言,,公開,https://www.keidanren.or.jp/japanese/policy/pol208.html,2026-09-07,html_text,マクロ経済・経済財政運営|税制・財政|国土・住宅・交通・防災,主張・提言
keidanren_1998_p209.txt,keidanren_1998_p209,keidanren,経済団体,高度情報通信社会づくりのための緊急提言 ― 情報通信ニューディール計画の策定と推進体制の整備 ―,1998-11-09,19981109,提言,,公開,https://www.keidanren.or.jp/japanese/policy/pol209/index.html,2026-09-07,html_text,デジタル・情報通信|行政改革・規制改革|産業政策・成長戦略,主張・提言
keidanren_1998_p211.txt,keidanren_1998_p211,keidanren,経済団体,生活空間情報基盤の構築に向けて 〜地理情報システムの高度利用のための提言〜,1998-11-17,19981117,提言,,公開,https://www.keidanren.or.jp/japanese/policy/pol211/index.html,2026-09-07,html_text,デジタル・情報通信|行政改革・規制改革,主張・提言
keidanren_1998_p212.txt,keidanren_1998_p212,keidanren,経済団体,所得税・法人税減税の早期実施を求める,1998-11-24,19981124,提言,,公開,https://www.keidanren.or.jp/japanese/policy/pol212.html,2026-09-07,html_text,税制・財政|マクロ経済・経済財政運営,主張・提言
keidanren_1998_p213.txt,keidanren_1998_p213,keidanren,経済団体,経団連住宅税制改正要望「最重点事項」,1998-11-30,19981130,要望,,公開,https://www.keidanren.or.jp/japanese/policy/pol213.html,2026-09-07,html_text,税制・財政|国土・住宅・交通・防災|マクロ経済・経済財政運営,主張・提言
keidanren_1998_p214.txt,keidanren_1998_p214,keidanren,経済団体,「規制の設定又は改廃に係る意見照会手続（仮称）案」に対する意見,1998-12-07,19981207,意見,,公開,https://www.keidanren.or.jp/japanese/policy/pol214.html,2026-09-07,html_text,行政改革・規制改革,主張・提言
keidanren_1998_p216.txt,keidanren_1998_p216,keidanren,経済団体,第１回経団連環境自主行動計画フォローアップ,1998-12-15,19981215,提言,,公開,https://www.keidanren.or.jp/japanese/policy/pol216/index.html,2026-09-07,html_text,エネルギー・環境|産業政策・成長戦略,内部調査・会員アンケート
keidanren_1998_p217.txt,keidanren_1998_p217,keidanren,経済団体,消費者契約法(仮称)のあり方について,1998-12-15,19981215,提言,,公開,https://www.keidanren.or.jp/japanese/policy/pol217.html,2026-09-07,html_text,行政改革・規制改革|企業経営・ガバナンス・サステナビリティ,主張・提言
keidanren_1998_p219.txt,keidanren_1998_p219,keidanren,経済団体,「1997年度 社会貢献活動実績調査結果」要約,1998-12-04,19981204,提言,,公開,https://www.keidanren.or.jp/japanese/policy/pol219.html,2026-09-07,html_text,企業経営・ガバナンス・サステナビリティ,内部調査・会員アンケート
keidanren_1999_p220.txt,keidanren_1999_p220,keidanren,経済団体,金融監督庁「金融検査マニュアル」に関する意見,1999-02-01,19990201,意見,,公開,https://www.keidanren.or.jp/japanese/policy/pol220.html,2026-09-07,html_text,金融・資本市場|企業経営・ガバナンス・サステナビリティ,主張・提言
keidanren_1999_p221.txt,keidanren_1999_p221,keidanren,経済団体,「日米通商・経済交渉および国際経済交渉における民間の役割」に関するアンケート調査結果,1999-01-27,19990127,資料,,公開,https://www.keidanren.or.jp/japanese/policy/pol221.html,2026-09-07,html_text,通商・国際経済・国際協力,内部調査・会員アンケート
keidanren_1999_p222.txt,keidanren_1999_p222,keidanren,経済団体,新産業創出に関する緊急アンケートについて,1999-01-27,19990127,提言,,公開,https://www.keidanren.or.jp/japanese/policy/pol222.html,2026-09-07,html_text,産業政策・成長戦略|イノベーション・科学技術・スタートアップ|税制・財政,内部調査・会員アンケート
keidanren_1999_p223.txt,keidanren_1999_p223,keidanren,経済団体,規制緩和に関する再要望,1999-02-02,19990202,要望,,公開,https://www.keidanren.or.jp/japanese/policy/pol223.html,2026-09-07,html_text,行政改革・規制改革,主張・提言
keidanren_1999_p224.txt,keidanren_1999_p224,keidanren,経済団体,わが国官庁統計の課題と今後の進むべき方向 〜報告者負担の軽減と利用者利便の向上を目指して〜,1999-03-16,19990316,提言,,公開,https://www.keidanren.or.jp/japanese/policy/pol224/index.html,2026-09-07,html_text,行政改革・規制改革|デジタル・情報通信,主張・提言
keidanren_1999_p225.txt,keidanren_1999_p225,keidanren,経済団体,少子化問題への具体的な取り組みを求める 〜政府、企業、地域・家庭が一体となってシステム改革の推進を〜,1999-03-19,19990319,提言,,公開,https://www.keidanren.or.jp/japanese/policy/pol225.html,2026-09-07,html_text,こども・子育て・人口|労働・雇用|国土・住宅・交通・防災,主張・提言
keidanren_1999_p226.txt,keidanren_1999_p226,keidanren,経済団体,日墨自由貿易協定のわが国産業界への影響に関する報告書,1999-04-20,19990420,報告書,,公開,https://www.keidanren.or.jp/japanese/policy/pol226/index.html,2026-09-07,html_text,通商・国際経済・国際協力|産業政策・成長戦略,主張・提言
keidanren_1999_p227.txt,keidanren_1999_p227,keidanren,経済団体,次期ＷＴＯ交渉への期待と今後のわが国通商政策の課題,1999-05-18,19990518,提言,,公開,https://www.keidanren.or.jp/japanese/policy/pol227/index.html,2026-09-07,html_text,通商・国際経済・国際協力,主張・提言
keidanren_1999_p228.txt,keidanren_1999_p228,keidanren,経済団体,わが国産業の競争力強化に向けた第１次提言 ―供給構造改革・雇用対策・土地流動化対策を中心に―,1999-05-18,19990518,提言,,公開,https://www.keidanren.or.jp/japanese/policy/pol228/index.html,2026-09-07,html_text,産業政策・成長戦略|税制・財政|労働・雇用,主張・提言
keidanren_1999_p229.txt,keidanren_1999_p229,keidanren,経済団体,大規模小売店舗立地法第4条の指針に関する答申案に対する意見,1999-05-20,19990520,意見,,公開,https://www.keidanren.or.jp/japanese/policy/pol229.html,2026-09-07,html_text,行政改革・規制改革|地域経済・観光・地方創生|産業政策・成長戦略,主張・提言
keidanren_1999_p230.txt,keidanren_1999_p230,keidanren,経済団体,総会決議 産業競争力の強化と経済の活性化のために,1999-05-25,19990525,提言,,公開,https://www.keidanren.or.jp/japanese/policy/pol230.html,2026-09-07,html_text,産業政策・成長戦略|企業経営・ガバナンス・サステナビリティ|マクロ経済・経済財政運営,主張・提言
keidanren_1999_p231.txt,keidanren_1999_p231,keidanren,経済団体,デジタル時代における衛星放送産業の発展に向けて,1999-05-28,19990528,提言,,公開,https://www.keidanren.or.jp/japanese/policy/pol231/index.html,2026-09-07,html_text,デジタル・情報通信|産業政策・成長戦略,主張・提言
keidanren_1999_p232.txt,keidanren_1999_p232,keidanren,経済団体,第２回経団連ＰＲＴＲ（環境汚染物質排出・移動登録）調査結果報告,1999-06-22,19990622,提言,,公開,https://www.keidanren.or.jp/japanese/policy/pol232/index.html,2026-09-07,html_text,エネルギー・環境|産業政策・成長戦略,内部調査・会員アンケート
keidanren_1999_p233.txt,keidanren_1999_p233,keidanren,経済団体,都市再生への提言,1999-06-22,19990622,提言,,公開,https://www.keidanren.or.jp/japanese/policy/pol233.html,2026-09-07,html_text,国土・住宅・交通・防災|地域経済・観光・地方創生|税制・財政,主張・提言
keidanren_1999_p234.pdf,keidanren_1999_p234,keidanren,経済団体,わが国産業の競争力強化に向けた第２次提言 −「産学官共同プロジェクト」構想の推進とインフラの整備を中心に−,1999-07-06,19990706,提言,,公開,https://www.keidanren.or.jp/japanese/policy/pol234/pol234.pdf,2026-09-07,ok,イノベーション・科学技術・スタートアップ|産業政策・成長戦略|デジタル・情報通信,主張・提言
keidanren_1999_p235.txt,keidanren_1999_p235,keidanren,経済団体,首都機能移転の着実な実現を望む −首都機能移転シンポジウム共同宣言−,1999-07-08,19990708,提言,,公開,https://www.keidanren.or.jp/japanese/policy/pol235.html,2026-09-07,html_text,国土・住宅・交通・防災|行政改革・規制改革|政治・統治機構・憲法,主張・提言
keidanren_1999_p236.txt,keidanren_1999_p236,keidanren,経済団体,総合的な宇宙開発・利用政策の確立と宇宙産業の基盤強化・産業化の推進,1999-07-06,19990706,提言,,公開,https://www.keidanren.or.jp/japanese/policy/pol236.html,2026-09-07,html_text,イノベーション・科学技術・スタートアップ|産業政策・成長戦略|外交・安全保障・経済安全保障,主張・提言
keidanren_1999_p237.txt,keidanren_1999_p237,keidanren,経済団体,物流効率化の推進に関する提言,1999-07-19,19990719,提言,,公開,https://www.keidanren.or.jp/japanese/policy/pol237/index.html,2026-09-07,html_text,国土・住宅・交通・防災|産業政策・成長戦略|エネルギー・環境,主張・提言
keidanren_1999_p238.txt,keidanren_1999_p238,keidanren,経済団体,平成12年度税制改正中間提言 「日本経済活性化のために税制改革を求める」,1999-07-27,19990727,提言,,公開,https://www.keidanren.or.jp/japanese/policy/pol238/index.html,2026-09-07,html_text,税制・財政|産業政策・成長戦略,主張・提言
keidanren_1999_p239.txt,keidanren_1999_p239,keidanren,経済団体,デジタル・ニューディール構想推進のための５ヶ年計画に関する提言,1999-07-27,19990727,提言,,公開,https://www.keidanren.or.jp/japanese/policy/pol239/index.html,2026-09-07,html_text,デジタル・情報通信|行政改革・規制改革|産業政策・成長戦略,主張・提言
keidanren_1999_p240.txt,keidanren_1999_p240,keidanren,経済団体,電子商取引の推進に関する提言,1999-07-27,19990727,提言,,公開,https://www.keidanren.or.jp/japanese/policy/pol240/index.html,2026-09-07,html_text,デジタル・情報通信|産業政策・成長戦略,主張・提言
keidanren_1999_p241.txt,keidanren_1999_p241,keidanren,経済団体,「商法等の一部を改正する法律案要綱中間試案」に対するコメント,1999-09-01,19990901,意見,,公開,https://www.keidanren.or.jp/japanese/policy/pol241.html,2026-09-07,html_text,企業経営・ガバナンス・サステナビリティ|行政改革・規制改革,主張・提言
keidanren_1999_p242.txt,keidanren_1999_p242,keidanren,経済団体,平成12年度税制改正提言 「21世紀を展望した税制改革を求める」,1999-09-14,19990914,提言,,公開,https://www.keidanren.or.jp/japanese/policy/pol242/index.html,2026-09-07,html_text,税制・財政|イノベーション・科学技術・スタートアップ,主張・提言
keidanren_1999_p243.txt,keidanren_1999_p243,keidanren,経済団体,今後の政府開発援助と国際協力銀行への提言,1999-09-21,19990921,提言,,公開,https://www.keidanren.or.jp/japanese/policy/pol243.html,2026-09-07,html_text,通商・国際経済・国際協力|外交・安全保障・経済安全保障,主張・提言
keidanren_1999_p244.txt,keidanren_1999_p244,keidanren,経済団体,大規模小売店舗立地法施行規則の一部を改正する省令案に関する意見,1999-08-02,19990802,意見,,公開,https://www.keidanren.or.jp/japanese/policy/pol244.html,2026-09-07,html_text,行政改革・規制改革|産業政策・成長戦略,主張・提言
keidanren_1999_p246.pdf,keidanren_1999_p246,keidanren,経済団体,金融システムの一層の強化のために,1999-09-29,19990929,提言,,公開,https://www.keidanren.or.jp/japanese/policy/pol246.pdf,2026-09-07,ok,金融・資本市場,主張・提言
keidanren_1999_p247.txt,keidanren_1999_p247,keidanren,経済団体,新内閣に望む,1999-10-04,19991004,提言,,公開,https://www.keidanren.or.jp/japanese/policy/pol247.html,2026-09-07,html_text,マクロ経済・経済財政運営|税制・財政|行政改革・規制改革,主張・提言
keidanren_1999_p248.txt,keidanren_1999_p248,keidanren,経済団体,経団連 産業競争力強化に向けた提言 ―国民の豊かさを実現する雇用・労働分野の改革―,1999-10-19,19991019,提言,,公開,https://www.keidanren.or.jp/japanese/policy/pol248/index.html,2026-09-07,html_text,労働・雇用|産業政策・成長戦略|人材・教育,主張・提言
keidanren_1999_p249.txt,keidanren_1999_p249,keidanren,経済団体,大胆な規制改革の断行を求める,1999-10-19,19991019,提言,,公開,https://www.keidanren.or.jp/japanese/policy/pol249.html,2026-09-07,html_text,行政改革・規制改革|労働・雇用|社会保障（年金・医療・介護）,主張・提言
keidanren_1999_p250.txt,keidanren_1999_p250,keidanren,経済団体,「新産業フォーラム」,1999-11-04,19991104,提言,,公開,https://www.keidanren.or.jp/japanese/policy/pol250/index.html,2026-09-07,html_text,イノベーション・科学技術・スタートアップ|産業政策・成長戦略,活動記録
keidanren_1999_p251.txt,keidanren_1999_p251,keidanren,経済団体,科学・技術開発基盤の強化について 〜次期科学技術基本計画の策定に望む〜,1999-11-24,19991124,提言,,公開,https://www.keidanren.or.jp/japanese/policy/pol251/index.html,2026-09-07,html_text,イノベーション・科学技術・スタートアップ|産業政策・成長戦略|税制・財政,主張・提言
keidanren_1999_p252.txt,keidanren_1999_p252,keidanren,経済団体,国際競争力ある資本市場の確立に向けて,1999-11-24,19991124,提言,,公開,https://www.keidanren.or.jp/japanese/policy/pol252.html,2026-09-07,html_text,金融・資本市場|税制・財政,主張・提言
keidanren_1999_p253.txt,keidanren_1999_p253,keidanren,経済団体,『都市計画制度の見直しに当たって』についての意見,1999-11-10,19991110,意見,,公開,https://www.keidanren.or.jp/japanese/policy/pol253.html,2026-09-07,html_text,国土・住宅・交通・防災|行政改革・規制改革,主張・提言
keidanren_1999_p254.txt,keidanren_1999_p254,keidanren,経済団体,「ＰＦＩ事業の実施に関する基本方針」の策定に関するコメント,1999-11-12,19991112,意見,,公開,https://www.keidanren.or.jp/japanese/policy/pol254.html,2026-09-07,html_text,国土・住宅・交通・防災|行政改革・規制改革|マクロ経済・経済財政運営,主張・提言
keidanren_1999_p256.txt,keidanren_1999_p256,keidanren,経済団体,「1998年度 社会貢献活動実績調査結果」要約,1999-12-14,19991214,提言,,公開,https://www.keidanren.or.jp/japanese/policy/pol256.html,2026-09-07,html_text,企業経営・ガバナンス・サステナビリティ,内部調査・会員アンケート
keidanren_1999_p257.txt,keidanren_1999_p257,keidanren,経済団体,厚生年金基金の代行部分返上の選択を求める,1999-12-21,19991221,提言,,公開,https://www.keidanren.or.jp/japanese/policy/pol257/index.html,2026-09-07,html_text,社会保障（年金・医療・介護）|税制・財政,主張・提言
keidanren_1999_p258.pdf,keidanren_1999_p258,keidanren,経済団体,産業廃棄物削減目標の設定について ― 経団連環境自主行動計画フォローアップ結果 ―,1999-12-06,19991206,提言,,公開,https://www.keidanren.or.jp/japanese/policy/pol258/pol258.pdf,2026-09-07,ok,エネルギー・環境|産業政策・成長戦略,内部調査・会員アンケート
keidanren_1999_p261.txt,keidanren_1999_p261,keidanren,経済団体,独占禁止法における差止請求権の導入、損害賠償請求の充実についてのコメント,1999-11-22,19991122,意見,,公開,https://www.keidanren.or.jp/japanese/policy/pol261.html,2026-09-07,html_text,行政改革・規制改革,主張・提言
keidanren_2000_001.txt,keidanren_2000_001,keidanren,経済団体,循環型社会の課題と産業界の役割,2000-01-24,20000124,提言,,公開,https://www.keidanren.or.jp/japanese/policy/2000/001.html,2026-09-07,html_text,エネルギー・環境|産業政策・成長戦略,主張・提言
keidanren_2000_003.txt,keidanren_2000_003,keidanren,経済団体,規制改革に関する重点要望,2000-02-08,20000208,要望,,公開,https://www.keidanren.or.jp/japanese/policy/2000/003.html,2026-09-07,html_text,行政改革・規制改革|マクロ経済・経済財政運営,主張・提言
keidanren_2000_004.txt,keidanren_2000_004,keidanren,経済団体,東京都の外形標準課税の導入について,2000-02-16,20000216,提言,,公開,https://www.keidanren.or.jp/japanese/policy/2000/004.html,2026-09-07,html_text,税制・財政|金融・資本市場,主張・提言
keidanren_2000_005.txt,keidanren_2000_005,keidanren,経済団体,財政投融資制度改革への期待と課題 ―金融システムとの関連を中心に―,2000-03-02,20000302,提言,,公開,https://www.keidanren.or.jp/japanese/policy/2000/005.html,2026-09-07,html_text,金融・資本市場|行政改革・規制改革|税制・財政,主張・提言
keidanren_2000_007.txt,keidanren_2000_007,keidanren,経済団体,アジア経済再構築のための提言,2000-03-13,20000313,提言,,公開,https://www.keidanren.or.jp/japanese/policy/2000/007/index.html,2026-09-07,html_text,通商・国際経済・国際協力|マクロ経済・経済財政運営|産業政策・成長戦略,主張・提言
keidanren_2000_008.txt,keidanren_2000_008,keidanren,経済団体,次期ＷＴＯ交渉の課題 〜サービス貿易自由化交渉を中心に〜,2000-03-28,20000328,提言,,公開,https://www.keidanren.or.jp/japanese/policy/2000/008.html,2026-09-07,html_text,通商・国際経済・国際協力,主張・提言
keidanren_2000_009.txt,keidanren_2000_009,keidanren,経済団体,東南アジアにおける文化交流の一層の深化に向けて,2000-03-28,20000328,提言,,公開,https://www.keidanren.or.jp/japanese/policy/2000/009.html,2026-09-07,html_text,通商・国際経済・国際協力,主張・提言
keidanren_2000_010.txt,keidanren_2000_010,keidanren,経済団体,特殊法人等の改革に関する第一次提言,2000-03-28,20000328,提言,,公開,https://www.keidanren.or.jp/japanese/policy/2000/010.html,2026-09-07,html_text,行政改革・規制改革|政治・統治機構・憲法|マクロ経済・経済財政運営,主張・提言
keidanren_2000_011.txt,keidanren_2000_011,keidanren,経済団体,郵便事業への民間参入の速やかな実現を求める,2000-03-28,20000328,提言,,公開,https://www.keidanren.or.jp/japanese/policy/2000/011.html,2026-09-07,html_text,行政改革・規制改革|産業政策・成長戦略,主張・提言
keidanren_2000_012.txt,keidanren_2000_012,keidanren,経済団体,ＩＴ革命推進に向けた情報通信法制の再構築に関する第一次提言 −「事業規制法」から「競争促進法」の体系へ−,2000-03-28,20000328,提言,,公開,https://www.keidanren.or.jp/japanese/policy/2000/012/index.html,2026-09-07,html_text,デジタル・情報通信|行政改革・規制改革,主張・提言
keidanren_2000_014.txt,keidanren_2000_014,keidanren,経済団体,大企業の活性化と企業内起業家の活用に向けて,2000-03-28,20000328,提言,,公開,https://www.keidanren.or.jp/japanese/policy/2000/014/index.html,2026-09-07,html_text,イノベーション・科学技術・スタートアップ|企業経営・ガバナンス・サステナビリティ|産業政策・成長戦略,主張・提言
keidanren_2000_015.txt,keidanren_2000_015,keidanren,経済団体,新内閣に望む,2000-04-11,20000411,提言,,公開,https://www.keidanren.or.jp/japanese/policy/2000/015.html,2026-09-07,html_text,マクロ経済・経済財政運営|行政改革・規制改革|社会保障（年金・医療・介護）,主張・提言
keidanren_2000_016.txt,keidanren_2000_016,keidanren,経済団体,日墨自由貿易協定締結に向けた交渉の早期開始を勧告する共同声明,2000-04-10,20000410,提言,,公開,https://www.keidanren.or.jp/japanese/policy/2000/016.html,2026-09-07,html_text,通商・国際経済・国際協力,主張・提言
keidanren_2000_017.txt,keidanren_2000_017,keidanren,経済団体,自立自助を基本とした地方財政の実現に向けて,2000-04-18,20000418,提言,,公開,https://www.keidanren.or.jp/japanese/policy/2000/017.html,2026-09-07,html_text,税制・財政|行政改革・規制改革|政治・統治機構・憲法,主張・提言
keidanren_2000_021.txt,keidanren_2000_021,keidanren,経済団体,第23回日本カナダ経済人会議の両議長による総括,2000-05-15,20000515,提言,,公開,https://www.keidanren.or.jp/japanese/policy/2000/021.html,2026-09-07,html_text,通商・国際経済・国際協力|農林水産・食料|産業政策・成長戦略,活動記録
keidanren_2000_022.txt,keidanren_2000_022,keidanren,経済団体,ＩＴ化に対応した制度見直しアンケート結果,2000-05-23,20000523,資料,,公開,https://www.keidanren.or.jp/japanese/policy/2000/022/index.html,2026-09-07,html_text,行政改革・規制改革|デジタル・情報通信,内部調査・会員アンケート
keidanren_2000_023.txt,keidanren_2000_023,keidanren,経済団体,日加経済関係の多様化に向けて,2000-04-21,20000421,提言,,公開,https://www.keidanren.or.jp/japanese/policy/2000/023.html,2026-09-07,html_text,通商・国際経済・国際協力|金融・資本市場,主張・提言
keidanren_2000_024.txt,keidanren_2000_024,keidanren,経済団体,総会決議 21世紀の経済新生に向けたわれわれの決意,2000-05-25,20000525,提言,,公開,https://www.keidanren.or.jp/japanese/policy/2000/024.html,2026-09-07,html_text,産業政策・成長戦略|人材・教育|通商・国際経済・国際協力,主張・提言
keidanren_2000_026.txt,keidanren_2000_026,keidanren,経済団体,21世紀を展望した税制改革に向けて,2000-06-20,20000620,提言,,公開,https://www.keidanren.or.jp/japanese/policy/2000/026/index.html,2026-09-07,html_text,税制・財政,主張・提言
keidanren_2000_027.txt,keidanren_2000_027,keidanren,経済団体,第３回経団連ＰＲＴＲ（環境汚染物質排出・移動登録）調査結果報告,2000-06-16,20000616,提言,,公開,https://www.keidanren.or.jp/japanese/policy/2000/027/index.html,2026-09-07,html_text,エネルギー・環境|産業政策・成長戦略,内部調査・会員アンケート
keidanren_2000_028.txt,keidanren_2000_028,keidanren,経済団体,21世紀の海洋のグランドデザイン 〜わが国200海里水域における海洋開発ネットワークの構築〜,2000-06-20,20000620,提言,,公開,https://www.keidanren.or.jp/japanese/policy/2000/028.html,2026-09-07,html_text,産業政策・成長戦略|イノベーション・科学技術・スタートアップ|エネルギー・環境,主張・提言
keidanren_2000_030.txt,keidanren_2000_030,keidanren,経済団体,第３回経済運営と景気動向に関するアンケート調査結果について,2000-07-04,20000704,資料,,公開,https://www.keidanren.or.jp/japanese/policy/2000/030.html,2026-09-07,html_text,マクロ経済・経済財政運営,内部調査・会員アンケート
keidanren_2000_031.txt,keidanren_2000_031,keidanren,経済団体,新内閣に望む,2000-07-06,20000706,提言,,公開,https://www.keidanren.or.jp/japanese/policy/2000/031.html,2026-09-07,html_text,マクロ経済・経済財政運営|行政改革・規制改革|税制・財政,主張・提言
keidanren_2000_032.txt,keidanren_2000_032,keidanren,経済団体,地方税財政改革についての経済５団体意見,2000-07-06,20000706,意見,,公開,https://www.keidanren.or.jp/japanese/policy/2000/032.html,2026-09-07,html_text,税制・財政,主張・提言
keidanren_2000_033.txt,keidanren_2000_033,keidanren,経済団体,自由貿易協定の積極的な推進を望む 〜通商政策の新たな展開に向けて〜,2000-07-18,20000718,提言,,公開,https://www.keidanren.or.jp/japanese/policy/2000/033/index.html,2026-09-07,html_text,通商・国際経済・国際協力|産業政策・成長戦略,主張・提言
keidanren_2000_034.txt,keidanren_2000_034,keidanren,経済団体,21世紀を拓くナノテクノロジー ―ナノテクノロジーに関する経団連の考え方―,2000-07-18,20000718,提言,,公開,https://www.keidanren.or.jp/japanese/policy/2000/034.html,2026-09-07,html_text,イノベーション・科学技術・スタートアップ|産業政策・成長戦略,主張・提言
keidanren_2000_035.txt,keidanren_2000_035,keidanren,経済団体,新たな形態の銀行業に対する免許審査・監督上の対応について,2000-06-30,20000630,提言,,公開,https://www.keidanren.or.jp/japanese/policy/2000/035.html,2026-09-07,html_text,金融・資本市場|行政改革・規制改革,主張・提言
keidanren_2000_039.txt,keidanren_2000_039,keidanren,経済団体,新たな貿易保険制度に対するわれわれの考え,2000-08-08,20000808,提言,,公開,https://www.keidanren.or.jp/japanese/policy/2000/039.html,2026-09-07,html_text,通商・国際経済・国際協力|金融・資本市場|行政改革・規制改革,主張・提言
keidanren_2000_040.txt,keidanren_2000_040,keidanren,経済団体,地上放送デジタル化の円滑化に向けた提言,2000-08-14,20000814,提言,,公開,https://www.keidanren.or.jp/japanese/policy/2000/040.html,2026-09-07,html_text,デジタル・情報通信|産業政策・成長戦略,主張・提言
keidanren_2000_041.txt,keidanren_2000_041,keidanren,経済団体,平成13年度税制改正提言 −活力ある経済社会を築くために−,2000-09-12,20000912,提言,,公開,https://www.keidanren.or.jp/japanese/policy/2000/041/index.html,2026-09-07,html_text,税制・財政|金融・資本市場|企業経営・ガバナンス・サステナビリティ,主張・提言
keidanren_2000_044.txt,keidanren_2000_044,keidanren,経済団体,快適な居住環境の実現に向けて −平成13年度住宅関係税制改正要望−,2000-09-13,20000913,要望,,公開,https://www.keidanren.or.jp/japanese/policy/2000/044/index.html,2026-09-07,html_text,税制・財政|国土・住宅・交通・防災,主張・提言
keidanren_2000_045.txt,keidanren_2000_045,keidanren,経済団体,次期中期防衛力整備計画についての提言,2000-09-19,20000919,提言,,公開,https://www.keidanren.or.jp/japanese/policy/2000/045.html,2026-09-07,html_text,外交・安全保障・経済安全保障|産業政策・成長戦略,主張・提言
keidanren_2000_046.txt,keidanren_2000_046,keidanren,経済団体,確定拠出年金法案の次期国会での速やかな成立を望む 〜企業や従業員の選択肢拡大に向けて〜,2000-09-14,20000914,提言,,公開,https://www.keidanren.or.jp/japanese/policy/2000/046.html,2026-09-07,html_text,社会保障（年金・医療・介護）|労働・雇用,主張・提言
keidanren_2000_047.pdf,keidanren_2000_047,keidanren,経済団体,電子政府実現に向けたIT投資と行政の業務改革の同時実施について,2000-09-20,20000920,提言,,公開,https://www.keidanren.or.jp/japanese/policy/2000/047.pdf,2026-09-07,ok,デジタル・情報通信|行政改革・規制改革,主張・提言
keidanren_2000_048.txt,keidanren_2000_048,keidanren,経済団体,経済・財政等のグランドデザイン策定と当面の財政運営について,2000-10-02,20001002,提言,,公開,https://www.keidanren.or.jp/japanese/policy/2000/048/index.html,2026-09-07,html_text,マクロ経済・経済財政運営|税制・財政|社会保障（年金・医療・介護）,主張・提言
keidanren_2000_049.txt,keidanren_2000_049,keidanren,経済団体,日本シンガポール自由貿易協定への期待,2000-10-02,20001002,提言,,公開,https://www.keidanren.or.jp/japanese/policy/2000/049.html,2026-09-07,html_text,通商・国際経済・国際協力|産業政策・成長戦略,主張・提言
keidanren_2000_050.txt,keidanren_2000_050,keidanren,経済団体,商法改正への提言,2000-10-17,20001017,提言,,公開,https://www.keidanren.or.jp/japanese/policy/2000/050/index.html,2026-09-07,html_text,企業経営・ガバナンス・サステナビリティ|行政改革・規制改革,主張・提言
keidanren_2000_052.txt,keidanren_2000_052,keidanren,経済団体,21世紀に向けた新たな規制改革の断行と体制整備を要望する −2000年度経団連規制改革要望−,2000-10-17,20001017,要望,,公開,https://www.keidanren.or.jp/japanese/policy/2000/052/index.html,2026-09-07,html_text,行政改革・規制改革|エネルギー・環境|産業政策・成長戦略,主張・提言
keidanren_2000_053.txt,keidanren_2000_053,keidanren,経済団体,「21世紀に向けた日伯同盟」構築のための共同報告書,2000-10-26,20001026,報告書,,公開,https://www.keidanren.or.jp/japanese/policy/2000/053.html,2026-09-07,html_text,通商・国際経済・国際協力|産業政策・成長戦略,主張・提言
keidanren_2000_056.pdf,keidanren_2000_056,keidanren,経済団体,電気通信分野における競争促進法の早期実現に向けて,2000-11-06,20001106,提言,,公開,https://www.keidanren.or.jp/japanese/policy/2000/056.pdf,2026-09-07,ok,デジタル・情報通信|行政改革・規制改革,主張・提言
keidanren_2000_059.txt,keidanren_2000_059,keidanren,経済団体,外形標準課税導入反対総決起大会「決議」,2000-11-17,20001117,提言,,公開,https://www.keidanren.or.jp/japanese/policy/2000/059.html,2026-09-07,html_text,税制・財政,主張・提言
keidanren_2000_060.txt,keidanren_2000_060,keidanren,経済団体,国際熱核融合実験炉（ＩＴＥＲ）の日本誘致実現を求める,2000-11-21,20001121,提言,,公開,https://www.keidanren.or.jp/japanese/policy/2000/060.html,2026-09-07,html_text,イノベーション・科学技術・スタートアップ|エネルギー・環境|通商・国際経済・国際協力,主張・提言
keidanren_2000_061.txt,keidanren_2000_061,keidanren,経済団体,わが国公開会社におけるコーポレート・ガバナンスに関する論点整理(中間報告),2000-11-21,20001121,提言,,公開,https://www.keidanren.or.jp/japanese/policy/2000/061/index.html,2026-09-07,html_text,企業経営・ガバナンス・サステナビリティ|行政改革・規制改革,主張・提言
keidanren_2000_062.txt,keidanren_2000_062,keidanren,経済団体,自治省外形標準課税案についての反対意見,2000-11-22,20001122,意見,,公開,https://www.keidanren.or.jp/japanese/policy/2000/062.html,2026-09-07,html_text,税制・財政|地域経済・観光・地方創生,主張・提言
keidanren_2000_063.pdf,keidanren_2000_063,keidanren,経済団体,「1999年度 社会貢献活動実績調査結果」要約,2000-11-30,20001130,提言,,公開,https://www.keidanren.or.jp/japanese/policy/2000/063.pdf,2026-09-07,ok,企業経営・ガバナンス・サステナビリティ,内部調査・会員アンケート
keidanren_2000_064.txt,keidanren_2000_064,keidanren,経済団体,電気通信審議会ＩＴ競争政策特別部会第一次答申草案への意見,2000-11-30,20001130,意見,,公開,https://www.keidanren.or.jp/japanese/policy/2000/064.html,2026-09-07,html_text,デジタル・情報通信|行政改革・規制改革,主張・提言
keidanren_2000_065.txt,keidanren_2000_065,keidanren,経済団体,「個人情報保護基本法制に関する大綱」について,2000-12-01,20001201,提言,,公開,https://www.keidanren.or.jp/japanese/policy/2000/065.html,2026-09-07,html_text,デジタル・情報通信|行政改革・規制改革,活動記録
keidanren_2000_066.txt,keidanren_2000_066,keidanren,経済団体,ＷＴＯサービス貿易自由化交渉に対する考え,2000-11-01,20001101,提言,,公開,https://www.keidanren.or.jp/japanese/policy/2000/066.html,2026-09-07,html_text,通商・国際経済・国際協力|金融・資本市場|行政改革・規制改革,主張・提言
keidanren_2000_067.txt,keidanren_2000_067,keidanren,経済団体,地方行財政改革への新たな取組み −行政・住民・企業の全員参加による改革促進を−,2000-12-19,20001219,提言,,公開,https://www.keidanren.or.jp/japanese/policy/2000/067.html,2026-09-07,html_text,行政改革・規制改革|国土・住宅・交通・防災|税制・財政,主張・提言
keidanren_2000_068.txt,keidanren_2000_068,keidanren,経済団体,「企業年金法（仮称）の概要（素案）」についての経済界の要望,2000-11-01,20001101,要望,,公開,https://www.keidanren.or.jp/japanese/policy/2000/068.html,2026-09-07,html_text,社会保障（年金・医療・介護）|税制・財政,主張・提言
keidanren_2000_069.txt,keidanren_2000_069,keidanren,経済団体,「企業年金法（仮称）の概要（素案）」に関する要望,2000-11-01,20001101,要望,,公開,https://www.keidanren.or.jp/japanese/policy/2000/069.html,2026-09-07,html_text,社会保障（年金・医療・介護）|税制・財政|労働・雇用,主張・提言
keidanren_2001_001.txt,keidanren_2001_001,keidanren,経済団体,第４回経済運営と経済情勢に関するアンケート調査結果,2001-01-15,20010115,資料,,公開,https://www.keidanren.or.jp/japanese/policy/2001/001.html,2026-09-07,html_text,マクロ経済・経済財政運営|税制・財政,内部調査・会員アンケート
keidanren_2001_002.txt,keidanren_2001_002,keidanren,経済団体,証券市場活性化対策について,2001-01-23,20010123,提言,,公開,https://www.keidanren.or.jp/japanese/policy/2001/002.html,2026-09-07,html_text,金融・資本市場|企業経営・ガバナンス・サステナビリティ|税制・財政,主張・提言
keidanren_2001_003.txt,keidanren_2001_003,keidanren,経済団体,「IT国家戦略」に関する緊急アンケート結果について ―産業界が必要とするIT政策は何か―,2001-01-22,20010122,資料,,公開,https://www.keidanren.or.jp/japanese/policy/2001/003.html,2026-09-07,html_text,デジタル・情報通信|行政改革・規制改革|産業政策・成長戦略,内部調査・会員アンケート
keidanren_2001_006.txt,keidanren_2001_006,keidanren,経済団体,２１世紀の日中関係を考える ―日中の相互信頼の確立と経済交流拡大のための提言―,2001-02-20,20010220,提言,,公開,https://www.keidanren.or.jp/japanese/policy/2001/006.html,2026-09-07,html_text,通商・国際経済・国際協力|外交・安全保障・経済安全保障,主張・提言
keidanren_2001_007.txt,keidanren_2001_007,keidanren,経済団体,企業年金法(仮称)に関する再要望,2001-01-24,20010124,要望,,公開,https://www.keidanren.or.jp/japanese/policy/2001/007.html,2026-09-07,html_text,社会保障（年金・医療・介護）|企業経営・ガバナンス・サステナビリティ,主張・提言
keidanren_2001_008.txt,keidanren_2001_008,keidanren,経済団体,新たな規制改革推進３か年計画の策定に望む,2001-02-16,20010216,提言,,公開,https://www.keidanren.or.jp/japanese/policy/2001/008/index.html,2026-09-07,html_text,行政改革・規制改革|エネルギー・環境,主張・提言
keidanren_2001_011.txt,keidanren_2001_011,keidanren,経済団体,企業会計基準の整備において主体的な役割を担う財団法人の設立準備について,2001-02-28,20010228,提言,,公開,https://www.keidanren.or.jp/japanese/policy/2001/011.html,2026-09-07,html_text,金融・資本市場|企業経営・ガバナンス・サステナビリティ,主張・提言
keidanren_2001_012.txt,keidanren_2001_012,keidanren,経済団体,行政機関による法令適用事前確認手続（仮称）導入についての意見,2001-03-16,20010316,意見,,公開,https://www.keidanren.or.jp/japanese/policy/2001/012.html,2026-09-07,html_text,行政改革・規制改革,主張・提言
keidanren_2001_014.txt,keidanren_2001_014,keidanren,経済団体,ナノテクが創る未来社会,2001-03-27,20010327,提言,,公開,https://www.keidanren.or.jp/japanese/policy/2001/014.html,2026-09-07,html_text,イノベーション・科学技術・スタートアップ|産業政策・成長戦略,主張・提言
keidanren_2001_016.txt,keidanren_2001_016,keidanren,経済団体,確定拠出年金法案ならびに確定給付企業年金法案の今国会での早期成立についてのお願い,2001-04-03,20010403,提言,,公開,https://www.keidanren.or.jp/japanese/policy/2001/016.html,2026-09-07,html_text,社会保障（年金・医療・介護）|労働・雇用,主張・提言
keidanren_2001_017.txt,keidanren_2001_017,keidanren,経済団体,「規制改革推進３か年計画」における経団連要望の実現状況,2001-04-09,20010409,要望,,公開,https://www.keidanren.or.jp/japanese/policy/2001/017/index.html,2026-09-07,html_text,行政改革・規制改革,主張・提言
keidanren_2001_018.txt,keidanren_2001_018,keidanren,経済団体,アジアにおける円の利用拡大について,2001-04-17,20010417,提言,,公開,https://www.keidanren.or.jp/japanese/policy/2001/018.html,2026-09-07,html_text,金融・資本市場|通商・国際経済・国際協力,主張・提言
keidanren_2001_019.txt,keidanren_2001_019,keidanren,経済団体,企業及び事業者団体の消費者契約法施行にあたっての対応状況等について 〜「消費者契約法の施行準備等に関するアンケート」の集計結果〜,2001-04-20,20010420,資料,,公開,https://www.keidanren.or.jp/japanese/policy/2001/019.html,2026-09-07,html_text,企業経営・ガバナンス・サステナビリティ|行政改革・規制改革,内部調査・会員アンケート
keidanren_2001_020.txt,keidanren_2001_020,keidanren,経済団体,会社機関の見直しに関する考え方,2001-04-27,20010427,提言,,公開,https://www.keidanren.or.jp/japanese/policy/2001/020.html,2026-09-07,html_text,企業経営・ガバナンス・サステナビリティ|行政改革・規制改革,主張・提言
keidanren_2001_021.txt,keidanren_2001_021,keidanren,経済団体,新内閣に望む,2001-05-09,20010509,提言,,公開,https://www.keidanren.or.jp/japanese/policy/2001/021.html,2026-09-07,html_text,マクロ経済・経済財政運営|行政改革・規制改革|税制・財政,主張・提言
keidanren_2001_022.txt,keidanren_2001_022,keidanren,経済団体,「経済産業省における法令適用事前確認手続に関する細則」に対する意見,2001-05-11,20010511,意見,,公開,https://www.keidanren.or.jp/japanese/policy/2001/022.html,2026-09-07,html_text,行政改革・規制改革|産業政策・成長戦略,主張・提言
keidanren_2001_023.txt,keidanren_2001_023,keidanren,経済団体,高齢者医療制度改革に関する基本的考え方,2001-05-16,20010516,提言,,公開,https://www.keidanren.or.jp/japanese/policy/2001/023.html,2026-09-07,html_text,社会保障（年金・医療・介護）,主張・提言
keidanren_2001_024.txt,keidanren_2001_024,keidanren,経済団体,地域における産業集積戦略のあり方 ―付加価値創造型産業の集積を目指して―,2001-05-22,20010522,提言,,公開,https://www.keidanren.or.jp/japanese/policy/2001/024.html,2026-09-07,html_text,地域経済・観光・地方創生|産業政策・成長戦略|行政改革・規制改革,主張・提言
keidanren_2001_026.txt,keidanren_2001_026,keidanren,経済団体,総会決議 構造改革を進め民主導の活力ある経済社会を実現する,2001-05-25,20010525,提言,,公開,https://www.keidanren.or.jp/japanese/policy/2001/026.html,2026-09-07,html_text,マクロ経済・経済財政運営|行政改革・規制改革|税制・財政,主張・提言
keidanren_2001_030.txt,keidanren_2001_030,keidanren,経済団体,自主協定検討会報告書に対する経団連コメント,2001-06-21,20010621,意見,,公開,https://www.keidanren.or.jp/japanese/policy/2001/030/comment.html,2026-09-07,html_text,エネルギー・環境|産業政策・成長戦略,主張・提言
keidanren_2001_031.txt,keidanren_2001_031,keidanren,経済団体,中央環境審議会地球環境部会国内制度小委員会中間とりまとめに対する意見,2001-07-02,20010702,意見,,公開,https://www.keidanren.or.jp/japanese/policy/2001/031.html,2026-09-07,html_text,エネルギー・環境|産業政策・成長戦略,主張・提言
keidanren_2001_032.txt,keidanren_2001_032,keidanren,経済団体,当面の税制をめぐる課題についての提言,2001-07-11,20010711,提言,,公開,https://www.keidanren.or.jp/japanese/policy/2001/032.html,2026-09-07,html_text,税制・財政|金融・資本市場|行政改革・規制改革,主張・提言
keidanren_2001_034.pdf,keidanren_2001_034,keidanren,経済団体,実効ある温暖化対策実施の申し入れ,2001-08-08,20010808,提言,,公開,https://www.keidanren.or.jp/japanese/policy/2001/034s.pdf,2026-09-07,ok,エネルギー・環境|国土・住宅・交通・防災,主張・提言
keidanren_2001_035.txt,keidanren_2001_035,keidanren,経済団体,地球環境問題へのわが国の対応と環境自主行動計画の一層の透明性確保に向けた取組み,2001-09-06,20010906,提言,,公開,https://www.keidanren.or.jp/japanese/policy/2001/035.html,2026-09-07,html_text,エネルギー・環境|通商・国際経済・国際協力,主張・提言
keidanren_2001_036.txt,keidanren_2001_036,keidanren,経済団体,第５回 経済運営と経済情勢に関するアンケート調査結果,2001-09-07,20010907,資料,,公開,https://www.keidanren.or.jp/japanese/policy/2001/036.html,2026-09-07,html_text,マクロ経済・経済財政運営|税制・財政,内部調査・会員アンケート
keidanren_2001_039.txt,keidanren_2001_039,keidanren,経済団体,「上場等株券の発行者である会社が行う上場等株券の売買等に関する内閣府令(仮称)」(案)に関する意見,2001-08-31,20010831,意見,,公開,https://www.keidanren.or.jp/japanese/policy/2001/039.html,2026-09-07,html_text,金融・資本市場|企業経営・ガバナンス・サステナビリティ,主張・提言
keidanren_2001_040.txt,keidanren_2001_040,keidanren,経済団体,「独占禁止法研究会手続関係等部会」報告書に関するコメント,2001-09-07,20010907,意見,,公開,https://www.keidanren.or.jp/japanese/policy/2001/040.html,2026-09-07,html_text,行政改革・規制改革|企業経営・ガバナンス・サステナビリティ,主張・提言
keidanren_2001_041.txt,keidanren_2001_041,keidanren,経済団体,「商法改正に伴う上場制度等の見直しについて」に関する意見,2001-09-12,20010912,意見,,公開,https://www.keidanren.or.jp/japanese/policy/2001/041.html,2026-09-07,html_text,金融・資本市場|企業経営・ガバナンス・サステナビリティ,主張・提言
keidanren_2001_042.txt,keidanren_2001_042,keidanren,経済団体,平成14年度税制改正提言 −経済構造改革の実現を目指して−,2001-09-18,20010918,提言,,公開,https://www.keidanren.or.jp/japanese/policy/2001/042/index.html,2026-09-07,html_text,税制・財政,主張・提言
keidanren_2001_043.txt,keidanren_2001_043,keidanren,経済団体,地球温暖化問題へのわが国の対応について,2001-09-19,20010919,提言,,公開,https://www.keidanren.or.jp/japanese/policy/2001/043.html,2026-09-07,html_text,エネルギー・環境|通商・国際経済・国際協力|産業政策・成長戦略,主張・提言
keidanren_2001_045.txt,keidanren_2001_045,keidanren,経済団体,「民事及び商事に関する裁判管轄及び外国判決に関する条約準備草案」へのコメント,2001-01-30,20010130,意見,,公開,https://www.keidanren.or.jp/japanese/policy/2001/045.html,2026-09-07,html_text,通商・国際経済・国際協力|政治・統治機構・憲法,主張・提言
keidanren_2001_046.txt,keidanren_2001_046,keidanren,経済団体,「電気通信事業分野における競争の促進に関する指針」(原案)に関する意見,2001-10-15,20011015,意見,,公開,https://www.keidanren.or.jp/japanese/policy/2001/046.html,2026-09-07,html_text,デジタル・情報通信|行政改革・規制改革,主張・提言
keidanren_2001_049.txt,keidanren_2001_049,keidanren,経済団体,ＯＤＡ改革に関する提言,2001-10-16,20011016,提言,,公開,https://www.keidanren.or.jp/japanese/policy/2001/049.html,2026-09-07,html_text,通商・国際経済・国際協力|行政改革・規制改革|外交・安全保障・経済安全保障,主張・提言
keidanren_2001_050.txt,keidanren_2001_050,keidanren,経済団体,厚生労働省「医療制度改革試案」に関する見解,2001-10-17,20011017,提言,,公開,https://www.keidanren.or.jp/japanese/policy/2001/050.html,2026-09-07,html_text,社会保障（年金・医療・介護）|税制・財政,主張・提言
keidanren_2001_052.txt,keidanren_2001_052,keidanren,経済団体,医療制度の抜本改革を求める,2001-10-22,20011022,提言,,公開,https://www.keidanren.or.jp/japanese/policy/2001/052.html,2026-09-07,html_text,社会保障（年金・医療・介護）|税制・財政,主張・提言
keidanren_2001_053.txt,keidanren_2001_053,keidanren,経済団体,今後の地球温暖化対策に冷静な判断を望む,2001-11-19,20011119,提言,,公開,https://www.keidanren.or.jp/japanese/policy/2001/053.html,2026-09-07,html_text,エネルギー・環境|産業政策・成長戦略,主張・提言
keidanren_2001_054.txt,keidanren_2001_054,keidanren,経済団体,土壌環境保全の制度に関する意見,2001-11-20,20011120,意見,,公開,https://www.keidanren.or.jp/japanese/policy/2001/054.html,2026-09-07,html_text,エネルギー・環境|行政改革・規制改革,主張・提言
keidanren_2001_055.txt,keidanren_2001_055,keidanren,経済団体,日韓産業協力の新たな発展に向けて,2001-11-20,20011120,提言,,公開,https://www.keidanren.or.jp/japanese/policy/2001/055.html,2026-09-07,html_text,通商・国際経済・国際協力|産業政策・成長戦略,主張・提言
keidanren_2001_056.txt,keidanren_2001_056,keidanren,経済団体,総務省による法人事業税への外形標準課税導入案に反対する,2001-11-28,20011128,提言,,公開,https://www.keidanren.or.jp/japanese/policy/2001/056.html,2026-09-07,html_text,税制・財政|労働・雇用,主張・提言
keidanren_2001_057.txt,keidanren_2001_057,keidanren,経済団体,第一回産学官連携サミット共同宣言,2001-11-19,20011119,提言,,公開,https://www.keidanren.or.jp/japanese/policy/2001/057.html,2026-09-07,html_text,イノベーション・科学技術・スタートアップ|産業政策・成長戦略,主張・提言
keidanren_2001_058.txt,keidanren_2001_058,keidanren,経済団体,「独占禁止法研究会報告書」に関するコメント,2001-11-29,20011129,意見,,公開,https://www.keidanren.or.jp/japanese/policy/2001/058.html,2026-09-07,html_text,行政改革・規制改革|企業経営・ガバナンス・サステナビリティ,主張・提言
keidanren_2001_059.txt,keidanren_2001_059,keidanren,経済団体,連結納税制度に係る付加税導入案について,2001-12-06,20011206,提言,,公開,https://www.keidanren.or.jp/japanese/policy/2001/059.html,2026-09-07,html_text,税制・財政,主張・提言
keidanren_2001_060.pdf,keidanren_2001_060,keidanren,経済団体,「2000年度 社会貢献活動実績調査結果」要約,2001-12-12,20011212,提言,,公開,https://www.keidanren.or.jp/japanese/policy/2001/060.pdf,2026-09-07,ok,企業経営・ガバナンス・サステナビリティ,内部調査・会員アンケート
keidanren_2001_061.txt,keidanren_2001_061,keidanren,経済団体,ＩＴ分野の競争政策と「新通信法（競争促進法）」の骨子 −ＩＴ革命推進に向けた情報通信法制の再構築に関する第二次提言−,2001-12-18,20011218,提言,,公開,https://www.keidanren.or.jp/japanese/policy/2001/061/index.html,2026-09-07,html_text,デジタル・情報通信|行政改革・規制改革,主張・提言
keidanren_2001_062.txt,keidanren_2001_062,keidanren,経済団体,電気通信事業法等の一部を改正する法律の施行のための政省令案等に対するコメント,2001-10-19,20011019,意見,,公開,https://www.keidanren.or.jp/japanese/policy/2001/062.html,2026-09-07,html_text,デジタル・情報通信|行政改革・規制改革,主張・提言
keidanren_2001_063.txt,keidanren_2001_063,keidanren,経済団体,電波の利用状況等に関する情報提供について,2001-10-23,20011023,資料,,公開,https://www.keidanren.or.jp/japanese/policy/2001/063.html,2026-09-07,html_text,デジタル・情報通信|行政改革・規制改革,外部・第三者資料
keidanren_2001_064.txt,keidanren_2001_064,keidanren,経済団体,日墨自由貿易協定の早期締結を改めて求める,2001-10-23,20011023,提言,,公開,https://www.keidanren.or.jp/japanese/policy/2001/064.html,2026-09-07,html_text,通商・国際経済・国際協力,主張・提言
keidanren_2002_001.txt,keidanren_2002_001,keidanren,経済団体,情報通信審議会IT競争政策特別部会第二次答申（草案）に関する意見,2002-01-15,20020115,意見,,公開,https://www.keidanren.or.jp/japanese/policy/2002/001.html,2026-09-07,html_text,デジタル・情報通信|行政改革・規制改革,主張・提言
keidanren_2002_002.txt,keidanren_2002_002,keidanren,経済団体,「情報通信新時代のビジネスモデルと競争環境整備の在り方に関する研究会」中間報告書草案への意見,2002-01-17,20020117,意見,,公開,https://www.keidanren.or.jp/japanese/policy/2002/002.html,2026-09-07,html_text,デジタル・情報通信|行政改革・規制改革,主張・提言
keidanren_2002_003.txt,keidanren_2002_003,keidanren,経済団体,知的財産を核にした産業競争力の強化に関する考え方について,2002-01-22,20020122,提言,,公開,https://www.keidanren.or.jp/japanese/policy/2002/003.html,2026-09-07,html_text,イノベーション・科学技術・スタートアップ|産業政策・成長戦略|通商・国際経済・国際協力,主張・提言
keidanren_2002_004.pdf,keidanren_2002_004,keidanren,経済団体,改めて抜本的な規制改革への取り組みを求める ―2001年度の規制改革に関する再要望―,2002-01-22,20020122,要望,,公開,https://www.keidanren.or.jp/japanese/policy/2002/004.pdf,2026-09-07,ok,行政改革・規制改革,主張・提言
keidanren_2002_005.txt,keidanren_2002_005,keidanren,経済団体,担保・執行法制の見直しに関する基本的考え方 −法制審議会で審議中の担保及び執行制度の見直しに関するコメント−,2002-01-21,20020121,意見,,公開,https://www.keidanren.or.jp/japanese/policy/2002/005.html,2026-09-07,html_text,金融・資本市場|行政改革・規制改革,主張・提言
keidanren_2002_006.pdf,keidanren_2002_006,keidanren,経済団体,「雇用の現状と制度改革に関する緊急アンケート調査」結果について,2002-02-01,20020201,提言,,公開,https://www.keidanren.or.jp/japanese/policy/2002/006.pdf,2026-09-07,ok,労働・雇用,内部調査・会員アンケート
keidanren_2002_007.pdf,keidanren_2002_007,keidanren,経済団体,第６回経済運営と経済情勢に関するアンケート調査結果,2002-02-04,20020204,資料,,公開,https://www.keidanren.or.jp/japanese/policy/2002/007.pdf,2026-09-07,ok,マクロ経済・経済財政運営|税制・財政|金融・資本市場,内部調査・会員アンケート
keidanren_2002_011.txt,keidanren_2002_011,keidanren,経済団体,平成13年商法改正等に伴う「商法施行規則」の制定に関する意見 −法務省 平成13年商法改正等に伴う「商法施行規則」の制定に関する意見募集(2月15日)へのコメント−,2002-03-05,20020305,意見,,公開,https://www.keidanren.or.jp/japanese/policy/2002/011.html,2026-09-07,html_text,企業経営・ガバナンス・サステナビリティ|行政改革・規制改革,主張・提言
keidanren_2002_012.pdf,keidanren_2002_012,keidanren,経済団体,更なる行政運営の公正確保・透明性向上のための課題 −行政手続の在り方に関するアンケート調査結果報告−,2002-03-19,20020319,資料,,公開,https://www.keidanren.or.jp/japanese/policy/2002/012.pdf,2026-09-07,ok,行政改革・規制改革,内部調査・会員アンケート
keidanren_2002_013.txt,keidanren_2002_013,keidanren,経済団体,台湾における産業空洞化実態調査報告書,2002-03-28,20020328,報告書,,公開,https://www.keidanren.or.jp/japanese/policy/2002/013.html,2026-09-07,html_text,通商・国際経済・国際協力|産業政策・成長戦略|労働・雇用,活動記録
keidanren_2002_015.pdf,keidanren_2002_015,keidanren,経済団体,e-Japan重点計画の見直しにあたって,2002-04-09,20020409,提言,,公開,https://www.keidanren.or.jp/japanese/policy/2002/015.pdf,2026-09-07,ok,デジタル・情報通信|行政改革・規制改革|国土・住宅・交通・防災,主張・提言
keidanren_2002_016.txt,keidanren_2002_016,keidanren,経済団体,新たな成長基盤の構築に向けた提言 −需要・供給両面から総合的な政策の実行を−,2002-04-16,20020416,提言,,公開,https://www.keidanren.or.jp/japanese/policy/2002/016.html,2026-09-07,html_text,マクロ経済・経済財政運営|社会保障（年金・医療・介護）|税制・財政,主張・提言
keidanren_2002_019.pdf,keidanren_2002_019,keidanren,経済団体,「規制改革推進３か年計画(改定)」における経団連要望の実現状況,2002-05-13,20020513,要望,,公開,https://www.keidanren.or.jp/japanese/policy/2002/019/019.pdf,2026-09-07,ok,行政改革・規制改革,主張・提言
keidanren_2002_020.txt,keidanren_2002_020,keidanren,経済団体,第２次緊急提言「経済活力再生に向けた税制改革を求める」,2002-05-13,20020513,提言,,公開,https://www.keidanren.or.jp/japanese/policy/2002/020.html,2026-09-07,html_text,税制・財政|産業政策・成長戦略|イノベーション・科学技術・スタートアップ,主張・提言
keidanren_2002_022.txt,keidanren_2002_022,keidanren,経済団体,（財）財務会計基準機構・企業会計基準委員会から公表される企業会計基準等の取扱い（準拠性）について,2002-05-17,20020517,提言,,公開,https://www.keidanren.or.jp/japanese/policy/2002/022.html,2026-09-07,html_text,企業経営・ガバナンス・サステナビリティ|金融・資本市場,主張・提言
keidanren_2002_023.txt,keidanren_2002_023,keidanren,経済団体,「固定資産の減損に係る会計基準の設定に関する意見書(公開草案)」に対するコメント,2002-05-21,20020521,意見,,公開,https://www.keidanren.or.jp/japanese/policy/2002/023.html,2026-09-07,html_text,金融・資本市場|企業経営・ガバナンス・サステナビリティ|税制・財政,主張・提言
keidanren_2002_024.txt,keidanren_2002_024,keidanren,経済団体,次代の産業の基盤づくりに向けた研究開発の推進について,2002-05-21,20020521,提言,,公開,https://www.keidanren.or.jp/japanese/policy/2002/024.html,2026-09-07,html_text,イノベーション・科学技術・スタートアップ|産業政策・成長戦略,主張・提言
keidanren_2002_025.txt,keidanren_2002_025,keidanren,経済団体,証券市場の活性化を求めて ―日本版ＳＥＣ(証券取引委員会)の設立を―,2002-05-21,20020521,提言,,公開,https://www.keidanren.or.jp/japanese/policy/2002/025.html,2026-09-07,html_text,金融・資本市場|行政改革・規制改革,主張・提言
keidanren_2002_027.txt,keidanren_2002_027,keidanren,経済団体,総会決議 魅力と活力あふれる豊かな日本を目指して,2002-05-28,20020528,提言,,公開,https://www.keidanren.or.jp/japanese/policy/2002/027.html,2026-09-07,html_text,行政改革・規制改革|マクロ経済・経済財政運営|社会保障（年金・医療・介護）,主張・提言
keidanren_2002_028.txt,keidanren_2002_028,keidanren,経済団体,「担保・執行法制の見直しに関する要綱中間試案」へのコメント,2002-05-31,20020531,意見,,公開,https://www.keidanren.or.jp/japanese/policy/2002/028.html,2026-09-07,html_text,行政改革・規制改革|金融・資本市場,主張・提言
keidanren_2002_029.txt,keidanren_2002_029,keidanren,経済団体,司法制度改革「法曹養成制度」に関するコメント,2002-06-07,20020607,意見,,公開,https://www.keidanren.or.jp/japanese/policy/2002/029.html,2026-09-07,html_text,政治・統治機構・憲法|人材・教育,主張・提言
keidanren_2002_035.txt,keidanren_2002_035,keidanren,経済団体,知的財産戦略についての考え方,2002-06-18,20020618,提言,,公開,https://www.keidanren.or.jp/japanese/policy/2002/035.html,2026-09-07,html_text,イノベーション・科学技術・スタートアップ|産業政策・成長戦略,主張・提言
keidanren_2002_038.txt,keidanren_2002_038,keidanren,経済団体,福島県における核燃料税増税案について,2002-07-01,20020701,提言,,公開,https://www.keidanren.or.jp/japanese/policy/2002/038.html,2026-09-07,html_text,エネルギー・環境|税制・財政,主張・提言
keidanren_2002_039.txt,keidanren_2002_039,keidanren,経済団体,情報通信審議会IT競争政策特別部会最終答申(草案)に関する意見,2002-07-02,20020702,意見,,公開,https://www.keidanren.or.jp/japanese/policy/2002/039.html,2026-09-07,html_text,デジタル・情報通信|行政改革・規制改革,主張・提言
keidanren_2002_040.txt,keidanren_2002_040,keidanren,経済団体,『準天頂衛星システム推進検討会』の新設について（お知らせ）,2002-07-01,20020701,提言,,公開,https://www.keidanren.or.jp/japanese/policy/2002/040.html,2026-09-07,html_text,イノベーション・科学技術・スタートアップ|産業政策・成長戦略|デジタル・情報通信,活動記録
keidanren_2002_046.txt,keidanren_2002_046,keidanren,経済団体,四半期財務情報の開示に関する東京証券取引所のアクション・プログラムについて,2002-07-31,20020731,提言,,公開,https://www.keidanren.or.jp/japanese/policy/2002/046.html,2026-09-07,html_text,金融・資本市場|企業経営・ガバナンス・サステナビリティ,主張・提言
keidanren_2002_048.txt,keidanren_2002_048,keidanren,経済団体,『準天頂衛星システム推進検討会』の活動について（お知らせ）,2002-08-01,20020801,提言,,公開,https://www.keidanren.or.jp/japanese/policy/2002/048.html,2026-09-07,html_text,イノベーション・科学技術・スタートアップ|デジタル・情報通信|産業政策・成長戦略,活動記録
keidanren_2002_049.txt,keidanren_2002_049,keidanren,経済団体,平成14年春季労使交渉に関するトップ・マネジメントのアンケート調査結果概要,2002-08-21,20020821,資料,,公開,https://www.keidanren.or.jp/japanese/policy/2002/049.html,2026-09-07,html_text,労働・雇用,内部調査・会員アンケート
keidanren_2002_050.txt,keidanren_2002_050,keidanren,経済団体,総務省「端末機器及び特定無線設備の基準認証制度に関する研究会」の「検討の基本的方向性」に対する意見,2002-09-09,20020909,意見,,公開,https://www.keidanren.or.jp/japanese/policy/2002/050.html,2026-09-07,html_text,デジタル・情報通信|行政改革・規制改革,主張・提言
keidanren_2002_051.pdf,keidanren_2002_051,keidanren,経済団体,第７回経済運営と経済情勢に関するアンケート調査結果,2002-09-10,20020910,資料,,公開,https://www.keidanren.or.jp/japanese/policy/2002/051.pdf,2026-09-07,ok,マクロ経済・経済財政運営,内部調査・会員アンケート
keidanren_2002_052.txt,keidanren_2002_052,keidanren,経済団体,平成15年度税制改正に関する提言 −経済社会の活力回復に向けて−,2002-09-17,20020917,提言,,公開,https://www.keidanren.or.jp/japanese/policy/2002/052/index.html,2026-09-07,html_text,税制・財政|産業政策・成長戦略,主張・提言
keidanren_2002_053.txt,keidanren_2002_053,keidanren,経済団体,四半期財務報告に関する提言,2002-09-17,20020917,提言,,公開,https://www.keidanren.or.jp/japanese/policy/2002/053.html,2026-09-07,html_text,金融・資本市場|企業経営・ガバナンス・サステナビリティ,主張・提言
keidanren_2002_054.txt,keidanren_2002_054,keidanren,経済団体,日・ＡＳＥＡＮ包括的経済連携構想の早期具体化を求める,2002-09-17,20020917,提言,,公開,https://www.keidanren.or.jp/japanese/policy/2002/054.html,2026-09-07,html_text,通商・国際経済・国際協力|産業政策・成長戦略,主張・提言
keidanren_2002_055.txt,keidanren_2002_055,keidanren,経済団体,社会保障協定の早期締結を求める,2002-09-17,20020917,提言,,公開,https://www.keidanren.or.jp/japanese/policy/2002/055.html,2026-09-07,html_text,社会保障（年金・医療・介護）|通商・国際経済・国際協力|外交・安全保障・経済安全保障,主張・提言
keidanren_2002_056.txt,keidanren_2002_056,keidanren,経済団体,「仲裁法制に関する中間とりまとめ」についてのコメント − 司法制度改革推進本部「仲裁法制に関する中間とりまとめ」に関する意見募集(8月5日)へのコメント −,2002-09-13,20020913,意見,,公開,https://www.keidanren.or.jp/japanese/policy/2002/056.html,2026-09-07,html_text,行政改革・規制改革|政治・統治機構・憲法,主張・提言
keidanren_2002_057.txt,keidanren_2002_057,keidanren,経済団体,産業競争力の強化に向け、知的財産基本法（仮称）の早期成立を望む,2002-09-19,20020919,提言,,公開,https://www.keidanren.or.jp/japanese/policy/2002/057.html,2026-09-07,html_text,イノベーション・科学技術・スタートアップ|産業政策・成長戦略|行政改革・規制改革,主張・提言
keidanren_2002_059.txt,keidanren_2002_059,keidanren,経済団体,金融システム安定化とデフレ対応策の早期実施を要望する,2002-10-07,20021007,要望,,公開,https://www.keidanren.or.jp/japanese/policy/2002/059.html,2026-09-07,html_text,金融・資本市場|マクロ経済・経済財政運営|税制・財政,主張・提言
keidanren_2002_060.txt,keidanren_2002_060,keidanren,経済団体,米国企業改革法(Sarbanes-Oxley Act)の適用等における日本企業の取扱いに関する要望,2002-10-01,20021001,要望,,公開,https://www.keidanren.or.jp/japanese/policy/2002/060.html,2026-09-07,html_text,企業経営・ガバナンス・サステナビリティ|通商・国際経済・国際協力|金融・資本市場,主張・提言
keidanren_2002_061.txt,keidanren_2002_061,keidanren,経済団体,日本経団連ＷＴＯミッション ポジョション・ペーパー,2002-09-11,20020911,提言,,公開,https://www.keidanren.or.jp/japanese/policy/2002/061.html,2026-09-07,html_text,通商・国際経済・国際協力,主張・提言
keidanren_2002_062.txt,keidanren_2002_062,keidanren,経済団体,2002年度日本経団連規制改革要望 −産業競争力の強化と経済の活性化にむけて−,2002-10-15,20021015,要望,,公開,https://www.keidanren.or.jp/japanese/policy/2002/062.html,2026-09-07,html_text,行政改革・規制改革|産業政策・成長戦略,主張・提言
keidanren_2002_063.txt,keidanren_2002_063,keidanren,経済団体,平成15年度新規学卒者の採用・選考に関する企業の倫理憲章,2002-10-15,20021015,提言,,公開,https://www.keidanren.or.jp/japanese/policy/2002/063.html,2026-09-07,html_text,労働・雇用|人材・教育,主張・提言
keidanren_2002_065.txt,keidanren_2002_065,keidanren,経済団体,改正独禁法の施行に伴い制定・改正される公取委規則(案)、ガイドライン(案)に関するコメント − 公正取引委員会「改正独占禁止法の施行に伴い制定・改正する公正取引委員会規則及びガイドラインの原案」に関する意見募集へのコメント −,2002-10-17,20021017,意見,,公開,https://www.keidanren.or.jp/japanese/policy/2002/065.html,2026-09-07,html_text,行政改革・規制改革|企業経営・ガバナンス・サステナビリティ,主張・提言
keidanren_2002_067.txt,keidanren_2002_067,keidanren,経済団体,産業再生に向けて,2002-10-28,20021028,提言,,公開,https://www.keidanren.or.jp/japanese/policy/2002/067.html,2026-09-07,html_text,税制・財政|産業政策・成長戦略|労働・雇用,主張・提言
keidanren_2002_069.txt,keidanren_2002_069,keidanren,経済団体,日墨自由貿易協定の政府間交渉開始を歓迎するとともに、早期締結を強く望む,2002-10-30,20021030,提言,,公開,https://www.keidanren.or.jp/japanese/policy/2002/069.html,2026-09-07,html_text,通商・国際経済・国際協力,主張・提言
keidanren_2002_070.txt,keidanren_2002_070,keidanren,経済団体,石炭への課税に対する見解,2002-11-19,20021119,提言,,公開,https://www.keidanren.or.jp/japanese/policy/2002/070.html,2026-09-07,html_text,エネルギー・環境|税制・財政,主張・提言
keidanren_2002_071.txt,keidanren_2002_071,keidanren,経済団体,高速道路整備および道路関係四公団民営化に関する意見,2002-11-19,20021119,意見,,公開,https://www.keidanren.or.jp/japanese/policy/2002/071.html,2026-09-07,html_text,国土・住宅・交通・防災|行政改革・規制改革,主張・提言
keidanren_2002_072.txt,keidanren_2002_072,keidanren,経済団体,今後の空港整備と国際拠点空港の民営化問題について,2002-11-19,20021119,提言,,公開,https://www.keidanren.or.jp/japanese/policy/2002/072.html,2026-09-07,html_text,国土・住宅・交通・防災|行政改革・規制改革|マクロ経済・経済財政運営,主張・提言
keidanren_2002_074.txt,keidanren_2002_074,keidanren,経済団体,総務省「端末機器及び特定無線設備の基準認証制度に関する研究会」報告書案に対する意見,2002-11-19,20021119,意見,,公開,https://www.keidanren.or.jp/japanese/policy/2002/074.html,2026-09-07,html_text,デジタル・情報通信|行政改革・規制改革,主張・提言
keidanren_2002_075.txt,keidanren_2002_075,keidanren,経済団体,第二回産学官連携サミット共同宣言,2002-11-18,20021118,提言,,公開,https://www.keidanren.or.jp/japanese/policy/2002/075.html,2026-09-07,html_text,イノベーション・科学技術・スタートアップ|産業政策・成長戦略|人材・教育,主張・提言
keidanren_2002_077.txt,keidanren_2002_077,keidanren,経済団体,雇用問題に関する政労使合意,2002-12-04,20021204,提言,,公開,https://www.keidanren.or.jp/japanese/policy/2002/077.html,2026-09-07,html_text,労働・雇用|マクロ経済・経済財政運営,主張・提言
keidanren_2002_078.txt,keidanren_2002_078,keidanren,経済団体,企業・産業再生に関する「基本指針」策定について,2002-12-09,20021209,提言,,公開,https://www.keidanren.or.jp/japanese/policy/2002/078.html,2026-09-07,html_text,産業政策・成長戦略|金融・資本市場|企業経営・ガバナンス・サステナビリティ,主張・提言
keidanren_2002_079.txt,keidanren_2002_079,keidanren,経済団体,「少子化対策プラスワン」における法的整備について,2002-12-09,20021209,提言,,公開,https://www.keidanren.or.jp/japanese/policy/2002/079.html,2026-09-07,html_text,こども・子育て・人口|労働・雇用,主張・提言
keidanren_2002_080.txt,keidanren_2002_080,keidanren,経済団体,総務省「電波有効利用政策研究会」最終報告書案に対する意見,2002-12-10,20021210,意見,,公開,https://www.keidanren.or.jp/japanese/policy/2002/080.html,2026-09-07,html_text,デジタル・情報通信|行政改革・規制改革,主張・提言
keidanren_2002_081.pdf,keidanren_2002_081,keidanren,経済団体,「2001年度 社会貢献活動実績調査結果」要約,2002-12-11,20021211,提言,,公開,https://www.keidanren.or.jp/japanese/policy/2002/081.pdf,2026-09-07,ok,企業経営・ガバナンス・サステナビリティ,内部調査・会員アンケート
keidanren_2002_083.txt,keidanren_2002_083,keidanren,経済団体,2003年版日本経団連「経営労働政策委員会報告」の概要 −多様な価値観が生むダイナミズムと創造をめざして−,2002-12-17,20021217,提言,,公開,https://www.keidanren.or.jp/japanese/policy/2002/083.html,2026-09-07,html_text,労働・雇用|人材・教育|マクロ経済・経済財政運営,主張・提言
keidanren_2002_085.pdf,keidanren_2002_085,keidanren,経済団体,「2002年1〜6月実施分昇給，ベースアップ実施状況調査結果」の概要,2002-12-18,20021218,資料,,公開,https://www.keidanren.or.jp/japanese/policy/2002/085.pdf,2026-09-07,ok,労働・雇用,内部調査・会員アンケート
keidanren_2002_087.pdf,keidanren_2002_087,keidanren,経済団体,2002年年末賞与・一時金妥結結果,2002-12-18,20021218,提言,,公開,https://www.keidanren.or.jp/japanese/policy/2002/087.pdf,2026-09-07,ok,労働・雇用,内部調査・会員アンケート
keidanren_2002_088.txt,keidanren_2002_088,keidanren,経済団体,多様な働き方とワークシェアリングに関する政労使合意,2002-12-26,20021226,提言,,公開,https://www.keidanren.or.jp/japanese/policy/2002/088.html,2026-09-07,html_text,労働・雇用|政治・統治機構・憲法,主張・提言
keidanren_2002_090.txt,keidanren_2002_090,keidanren,経済団体,商法施行規則改正案に対するコメント −平成14年商法改正に伴う「商法施行規則」の改正に関する意見募集へのコメント−,2002-12-27,20021227,意見,,公開,https://www.keidanren.or.jp/japanese/policy/2002/090.html,2026-09-07,html_text,企業経営・ガバナンス・サステナビリティ|行政改革・規制改革,主張・提言
keidanren_2002_092.txt,keidanren_2002_092,keidanren,経済団体,株券不発行制度に関する基本的な検討事項に関するコメント −法制審議会会社法(株券の不発行等関係)部会第3回会議提出資料−,2002-11-20,20021120,意見,,公開,https://www.keidanren.or.jp/japanese/policy/2002/092.html,2026-09-07,html_text,金融・資本市場|企業経営・ガバナンス・サステナビリティ,主張・提言
keidanren_2003_003.txt,keidanren_2003_003,keidanren,経済団体,出願・審査請求制度の改革の方向性について,2003-01-21,20030121,提言,,公開,https://www.keidanren.or.jp/japanese/policy/2003/003.html,2026-09-07,html_text,イノベーション・科学技術・スタートアップ|産業政策・成長戦略,主張・提言
keidanren_2003_004.txt,keidanren_2003_004,keidanren,経済団体,パートタイム労働者の処遇問題に関する見解,2003-01-21,20030121,提言,,公開,https://www.keidanren.or.jp/japanese/policy/2003/004.html,2026-09-07,html_text,労働・雇用,主張・提言
keidanren_2003_005.txt,keidanren_2003_005,keidanren,経済団体,日米安全保障産業フォーラム(ＩＦＳＥＣ)共同宣言について,2003-01-21,20030121,提言,,公開,https://www.keidanren.or.jp/japanese/policy/2003/005.html,2026-09-07,html_text,外交・安全保障・経済安全保障|通商・国際経済・国際協力|産業政策・成長戦略,活動記録
keidanren_2003_006.txt,keidanren_2003_006,keidanren,経済団体,「企業倫理・企業行動に関するアンケート」トップ向けアンケートの結果概要 (中間取りまとめ),2003-01-21,20030121,提言,,公開,https://www.keidanren.or.jp/japanese/policy/2003/006.html,2026-09-07,html_text,企業経営・ガバナンス・サステナビリティ,内部調査・会員アンケート
keidanren_2003_007.txt,keidanren_2003_007,keidanren,経済団体,「21世紀型の消費者政策の在り方について―中間報告―」 (国民生活審議会消費者政策部会)に関するコメント,2003-01-27,20030127,意見,,公開,https://www.keidanren.or.jp/japanese/policy/2003/007.html,2026-09-07,html_text,行政改革・規制改革|政治・統治機構・憲法,主張・提言
keidanren_2003_008.txt,keidanren_2003_008,keidanren,経済団体,経済産業省 競争政策研究会中間報告(案)へのコメント,2003-01-27,20030127,意見,,公開,https://www.keidanren.or.jp/japanese/policy/2003/008.html,2026-09-07,html_text,行政改革・規制改革|産業政策・成長戦略,主張・提言
keidanren_2003_009.pdf,keidanren_2003_009,keidanren,経済団体,第８回経済運営と経済情勢に関するアンケート調査結果,2003-02-10,20030210,資料,,公開,https://www.keidanren.or.jp/japanese/policy/2003/009.pdf,2026-09-07,ok,マクロ経済・経済財政運営,内部調査・会員アンケート
keidanren_2003_010.pdf,keidanren_2003_010,keidanren,経済団体,「会社機関のあり方に関するアンケート」結果概要,2003-02-18,20030218,提言,,公開,https://www.keidanren.or.jp/japanese/policy/2003/010.pdf,2026-09-07,ok,企業経営・ガバナンス・サステナビリティ,内部調査・会員アンケート
keidanren_2003_012.txt,keidanren_2003_012,keidanren,経済団体,司法制度改革推進本部「ＡＤＲの拡充・活性化のための関係機関等の連携強化に関するアクション・プラン（仮称）」に関するコメント,2003-01-31,20030131,意見,,公開,https://www.keidanren.or.jp/japanese/policy/2003/012.html,2026-09-07,html_text,行政改革・規制改革|政治・統治機構・憲法,主張・提言
keidanren_2003_013.txt,keidanren_2003_013,keidanren,経済団体,ＩＴ戦略の今後のあり方について,2003-02-18,20030218,提言,,公開,https://www.keidanren.or.jp/japanese/policy/2003/013.html,2026-09-07,html_text,デジタル・情報通信|行政改革・規制改革,主張・提言
keidanren_2003_014.txt,keidanren_2003_014,keidanren,経済団体,米国企業改革法(Sarbanes-Oxley Act)第301条に関するＳＥＣ規則(案)についてのコメント,2003-02-18,20030218,意見,,公開,https://www.keidanren.or.jp/japanese/policy/2003/014.html,2026-09-07,html_text,企業経営・ガバナンス・サステナビリティ|金融・資本市場|通商・国際経済・国際協力,主張・提言
keidanren_2003_015.txt,keidanren_2003_015,keidanren,経済団体,米国企業改革法(Sarbanes-Oxley Act)第407条に関するコメント,2003-02-18,20030218,意見,,公開,https://www.keidanren.or.jp/japanese/policy/2003/015.html,2026-09-07,html_text,企業経営・ガバナンス・サステナビリティ|通商・国際経済・国際協力|金融・資本市場,主張・提言
keidanren_2003_016.txt,keidanren_2003_016,keidanren,経済団体,「企業・産業再生に係る事案に関する企業結合審査について」(原案) に関するコメント,2003-02-24,20030224,意見,,公開,https://www.keidanren.or.jp/japanese/policy/2003/016.html,2026-09-07,html_text,行政改革・規制改革|企業経営・ガバナンス・サステナビリティ,主張・提言
keidanren_2003_018.txt,keidanren_2003_018,keidanren,経済団体,エネルギー政策の着実な推進を求める,2003-03-11,20030311,提言,,公開,https://www.keidanren.or.jp/japanese/policy/2003/018.html,2026-09-07,html_text,エネルギー・環境|外交・安全保障・経済安全保障,主張・提言
keidanren_2003_019.txt,keidanren_2003_019,keidanren,経済団体,厚生労働省『方向性と論点』について −2004年の年金改革に向けた社会保障委員会年金改革部会の見解−,2003-03-13,20030313,提言,,公開,https://www.keidanren.or.jp/japanese/policy/2003/019.html,2026-09-07,html_text,社会保障（年金・医療・介護）|税制・財政,主張・提言
keidanren_2003_020.txt,keidanren_2003_020,keidanren,経済団体,日本経団連自然保護宣言,2003-03-17,20030317,提言,,公開,https://www.keidanren.or.jp/japanese/policy/2003/020.html,2026-09-07,html_text,エネルギー・環境|企業経営・ガバナンス・サステナビリティ,主張・提言
keidanren_2003_021.txt,keidanren_2003_021,keidanren,経済団体,新ＩＴ戦略に関する提言,2003-03-18,20030318,提言,,公開,https://www.keidanren.or.jp/japanese/policy/2003/021.html,2026-09-07,html_text,デジタル・情報通信|行政改革・規制改革,主張・提言
keidanren_2003_027.txt,keidanren_2003_027,keidanren,経済団体,貿易と環境ラベリングに関する基本的立場,2003-03-14,20030314,提言,,公開,https://www.keidanren.or.jp/japanese/policy/2003/027.html,2026-09-07,html_text,通商・国際経済・国際協力|エネルギー・環境|産業政策・成長戦略,主張・提言
keidanren_2003_030.txt,keidanren_2003_030,keidanren,経済団体,緊急株価対策として講ずべき税制措置について,2003-04-14,20030414,提言,,公開,https://www.keidanren.or.jp/japanese/policy/2003/030.html,2026-09-07,html_text,税制・財政|金融・資本市場,主張・提言
keidanren_2003_031.txt,keidanren_2003_031,keidanren,経済団体,日タイ経済連携協定に関する日本政府への要望,2003-04-18,20030418,要望,,公開,https://www.keidanren.or.jp/japanese/policy/2003/031.html,2026-09-07,html_text,通商・国際経済・国際協力,主張・提言
keidanren_2003_032.txt,keidanren_2003_032,keidanren,経済団体,「知的財産推進計画」への意見,2003-04-18,20030418,意見,,公開,https://www.keidanren.or.jp/japanese/policy/2003/032.html,2026-09-07,html_text,イノベーション・科学技術・スタートアップ|通商・国際経済・国際協力|産業政策・成長戦略,主張・提言
keidanren_2003_033.txt,keidanren_2003_033,keidanren,経済団体,ＯＤＡ大綱見直しに関する意見,2003-04-22,20030422,意見,,公開,https://www.keidanren.or.jp/japanese/policy/2003/033.html,2026-09-07,html_text,外交・安全保障・経済安全保障|通商・国際経済・国際協力,主張・提言
keidanren_2003_034.pdf,keidanren_2003_034,keidanren,経済団体,「企業倫理・企業行動に関するアンケート」担当者向けアンケート集計結果 (中間取りまとめ),2003-04-22,20030422,資料,,公開,https://www.keidanren.or.jp/japanese/policy/2003/034.pdf,2026-09-07,ok,企業経営・ガバナンス・サステナビリティ,内部調査・会員アンケート
keidanren_2003_036.txt,keidanren_2003_036,keidanren,経済団体,独立行政法人「宇宙航空研究開発機構」発足に向けた緊急提言,2003-03-18,20030318,提言,,公開,https://www.keidanren.or.jp/japanese/policy/2003/036.html,2026-09-07,html_text,イノベーション・科学技術・スタートアップ|産業政策・成長戦略|行政改革・規制改革,主張・提言
keidanren_2003_039.txt,keidanren_2003_039,keidanren,経済団体,株券不発行制度及び電子公告制度の導入に関する要綱中間試案に対するコメント,2003-04-28,20030428,意見,,公開,https://www.keidanren.or.jp/japanese/policy/2003/039.html,2026-09-07,html_text,企業経営・ガバナンス・サステナビリティ|行政改革・規制改革,主張・提言
keidanren_2003_040.txt,keidanren_2003_040,keidanren,経済団体,政策本位の政治に向けた企業・団体寄付の促進について,2003-05-12,20030512,提言,,公開,https://www.keidanren.or.jp/japanese/policy/2003/040.html,2026-09-07,html_text,政治・統治機構・憲法,主張・提言
keidanren_2003_042.txt,keidanren_2003_042,keidanren,経済団体,日タイ経済連携協定の早期交渉開始を求める,2003-05-12,20030512,提言,,公開,https://www.keidanren.or.jp/japanese/policy/2003/042.html,2026-09-07,html_text,通商・国際経済・国際協力|産業政策・成長戦略|農林水産・食料,主張・提言
keidanren_2003_045.txt,keidanren_2003_045,keidanren,経済団体,ＷＴＯ加盟後の中国との通商・経済関係の拡大に向けて,2003-05-20,20030520,提言,,公開,https://www.keidanren.or.jp/japanese/policy/2003/045/index.html,2026-09-07,html_text,通商・国際経済・国際協力|産業政策・成長戦略|外交・安全保障・経済安全保障,主張・提言
keidanren_2003_049.txt,keidanren_2003_049,keidanren,経済団体,日タイ経済連携協定の早期交渉開始を求める,2003-05-21,20030521,提言,,公開,https://www.keidanren.or.jp/japanese/policy/2003/049.html,2026-09-07,html_text,通商・国際経済・国際協力,主張・提言
keidanren_2003_050.pdf,keidanren_2003_050,keidanren,経済団体,商法施行規則による株式会社の各種書類のひな型,2003-05-27,20030527,提言,,公開,https://www.keidanren.or.jp/japanese/policy/2003/050.pdf,2026-09-07,ok,企業経営・ガバナンス・サステナビリティ,主張・提言
keidanren_2003_051.txt,keidanren_2003_051,keidanren,経済団体,総会決議 民主導・自律型の経済社会の実現に向け改革を進める,2003-05-27,20030527,提言,,公開,https://www.keidanren.or.jp/japanese/policy/2003/051.html,2026-09-07,html_text,マクロ経済・経済財政運営|税制・財政|社会保障（年金・医療・介護）,主張・提言
keidanren_2003_052.txt,keidanren_2003_052,keidanren,経済団体,「近い将来の税制改革」についての意見 −政府税制調査会中期答申取りまとめに向けて−,2003-05-29,20030529,意見,,公開,https://www.keidanren.or.jp/japanese/policy/2003/052/index.html,2026-09-07,html_text,税制・財政|マクロ経済・経済財政運営,主張・提言
keidanren_2003_053.pdf,keidanren_2003_053,keidanren,経済団体,2002年夏季・冬季「賞与・一時金調査結果」について,2003-05-30,20030530,提言,,公開,https://www.keidanren.or.jp/japanese/policy/2003/053.pdf,2026-09-07,ok,労働・雇用,内部調査・会員アンケート
keidanren_2003_054.pdf,keidanren_2003_054,keidanren,経済団体,2003年春季労使交渉・大手企業業種別妥結結果,2003-06-05,20030605,提言,,公開,https://www.keidanren.or.jp/japanese/policy/2003/054.pdf,2026-09-07,ok,労働・雇用,内部調査・会員アンケート
keidanren_2003_057.txt,keidanren_2003_057,keidanren,経済団体,日韓関係の一層の緊密化に向けた両国経済界の決意,2003-06-08,20030608,提言,,公開,https://www.keidanren.or.jp/japanese/policy/2003/057.html,2026-09-07,html_text,通商・国際経済・国際協力|外交・安全保障・経済安全保障,主張・提言
keidanren_2003_059.txt,keidanren_2003_059,keidanren,経済団体,「IP化等に対応した電気通信分野の競争評価手法に関する研究会」報告書案に関する意見,2003-06-13,20030613,意見,,公開,https://www.keidanren.or.jp/japanese/policy/2003/059.html,2026-09-07,html_text,デジタル・情報通信|行政改革・規制改革,主張・提言
keidanren_2003_060.txt,keidanren_2003_060,keidanren,経済団体,日墨経済連携協定の政府間交渉に関する要望,2003-06-16,20030616,要望,,公開,https://www.keidanren.or.jp/japanese/policy/2003/060.html,2026-09-07,html_text,通商・国際経済・国際協力,主張・提言
keidanren_2003_064.txt,keidanren_2003_064,keidanren,経済団体,水質環境基準の拙速な設定に反対する,2003-06-16,20030616,提言,,公開,https://www.keidanren.or.jp/japanese/policy/2003/064.html,2026-09-07,html_text,エネルギー・環境|産業政策・成長戦略,主張・提言
keidanren_2003_065.txt,keidanren_2003_065,keidanren,経済団体,「特区における株式会社の医療への参入に係る取扱いについて」に関する意見,2003-06-17,20030617,意見,,公開,https://www.keidanren.or.jp/japanese/policy/2003/065.html,2026-09-07,html_text,行政改革・規制改革|社会保障（年金・医療・介護）,主張・提言
keidanren_2003_068.txt,keidanren_2003_068,keidanren,経済団体,「電子政府構築計画(案)」に関する意見,2003-07-07,20030707,意見,,公開,https://www.keidanren.or.jp/japanese/policy/2003/068.html,2026-09-07,html_text,デジタル・情報通信|行政改革・規制改革,主張・提言
keidanren_2003_069.txt,keidanren_2003_069,keidanren,経済団体,「規制改革集中受付月間」への提出項目一覧,2003-06-30,20030630,提言,,公開,https://www.keidanren.or.jp/japanese/policy/2003/069.html,2026-09-07,html_text,行政改革・規制改革,主張・提言
keidanren_2003_072.txt,keidanren_2003_072,keidanren,経済団体,アジア地域における労使関係 〜緊密なコミュニケーションこそが健全な労使関係構築の基礎である〜,2003-07-22,20030722,提言,,公開,https://www.keidanren.or.jp/japanese/policy/2003/072/index.html,2026-09-07,html_text,通商・国際経済・国際協力|労働・雇用,活動記録
keidanren_2003_074.pdf,keidanren_2003_074,keidanren,経済団体,2003年夏季賞与・一時金 大手企業業種別妥結結果,2003-07-23,20030723,提言,,公開,https://www.keidanren.or.jp/japanese/policy/2003/074.pdf,2026-09-07,ok,労働・雇用,内部調査・会員アンケート
keidanren_2003_075.pdf,keidanren_2003_075,keidanren,経済団体,2003年春季労使交渉・中小企業業種別妥結結果,2003-07-23,20030723,提言,,公開,https://www.keidanren.or.jp/japanese/policy/2003/075.pdf,2026-09-07,ok,労働・雇用|中小企業,内部調査・会員アンケート
keidanren_2003_076.txt,keidanren_2003_076,keidanren,経済団体,e-Japan重点計画に関する意見,2003-07-28,20030728,意見,,公開,https://www.keidanren.or.jp/japanese/policy/2003/076.html,2026-09-07,html_text,デジタル・情報通信|行政改革・規制改革,主張・提言
keidanren_2003_077.txt,keidanren_2003_077,keidanren,経済団体,ハイテク犯罪に対処するための刑事法の整備に関する意見,2003-08-04,20030804,意見,,公開,https://www.keidanren.or.jp/japanese/policy/2003/077.html,2026-09-07,html_text,デジタル・情報通信|政治・統治機構・憲法,主張・提言
keidanren_2003_078.txt,keidanren_2003_078,keidanren,経済団体,日墨経済連携協定の早期締結を求める,2003-08-05,20030805,提言,,公開,https://www.keidanren.or.jp/japanese/policy/2003/078.html,2026-09-07,html_text,通商・国際経済・国際協力,主張・提言
keidanren_2003_079.txt,keidanren_2003_079,keidanren,経済団体,電子情報組織を使用する方法による申請の導入等に伴う不動産登記法の改正に関する担当者骨子案に対するコメント,2003-07-31,20030731,意見,,公開,https://www.keidanren.or.jp/japanese/policy/2003/079.html,2026-09-07,html_text,デジタル・情報通信|行政改革・規制改革|国土・住宅・交通・防災,主張・提言
keidanren_2003_080.txt,keidanren_2003_080,keidanren,経済団体,「政府開発援助大綱」政府原案に対するコメント,2003-08-07,20030807,意見,,公開,https://www.keidanren.or.jp/japanese/policy/2003/080.html,2026-09-07,html_text,通商・国際経済・国際協力|外交・安全保障・経済安全保障,主張・提言
keidanren_2003_081.pdf,keidanren_2003_081,keidanren,経済団体,「2003年春季労使交渉に関するトップ・マネジメントのアンケート調査結果」の概要,2003-08-20,20030820,資料,,公開,https://www.keidanren.or.jp/japanese/policy/2003/081.pdf,2026-09-07,ok,労働・雇用,内部調査・会員アンケート
keidanren_2003_083.pdf,keidanren_2003_083,keidanren,経済団体,第９回経済運営と経済情勢に関するアンケート調査結果,2003-09-03,20030903,資料,,公開,https://www.keidanren.or.jp/japanese/policy/2003/083.pdf,2026-09-07,ok,マクロ経済・経済財政運営|金融・資本市場|行政改革・規制改革,内部調査・会員アンケート
keidanren_2003_084.txt,keidanren_2003_084,keidanren,経済団体,平成15年商法改正に伴う「商法施行規則」の改正に関するコメント,2003-09-03,20030903,意見,,公開,https://www.keidanren.or.jp/japanese/policy/2003/084.html,2026-09-07,html_text,企業経営・ガバナンス・サステナビリティ|行政改革・規制改革,主張・提言
keidanren_2003_085.txt,keidanren_2003_085,keidanren,経済団体,ＷＴＯカンクン閣僚会議に向けた経済界の共同提言 「ビジネス界はＷＴＯによる多角的貿易システムを支えていくため団結する」,2003-09-04,20030904,提言,,公開,https://www.keidanren.or.jp/japanese/policy/2003/085.html,2026-09-07,html_text,通商・国際経済・国際協力|農林水産・食料,主張・提言
keidanren_2003_086.txt,keidanren_2003_086,keidanren,経済団体,司法制度改革推進本部「弁護士報酬の敗訴者負担の取扱い」に関するコメント,2003-09-01,20030901,意見,,公開,https://www.keidanren.or.jp/japanese/policy/2003/086.html,2026-09-07,html_text,政治・統治機構・憲法|行政改革・規制改革,主張・提言
keidanren_2003_087.txt,keidanren_2003_087,keidanren,経済団体,「総合的なＡＤＲの制度基盤の整備についての意見募集について」に対するコメント,2003-09-01,20030901,意見,,公開,https://www.keidanren.or.jp/japanese/policy/2003/087.html,2026-09-07,html_text,政治・統治機構・憲法|行政改革・規制改革,主張・提言
keidanren_2003_088.txt,keidanren_2003_088,keidanren,経済団体,独占禁止法の措置体系見直しについて −日本経団連としての見解−,2003-09-16,20030916,提言,,公開,https://www.keidanren.or.jp/japanese/policy/2003/088.html,2026-09-07,html_text,行政改革・規制改革|政治・統治機構・憲法|企業経営・ガバナンス・サステナビリティ,主張・提言
keidanren_2003_092.txt,keidanren_2003_092,keidanren,経済団体,「優先政策事項」と「企業の政治寄付の意義」について,2003-09-25,20030925,提言,,公開,https://www.keidanren.or.jp/japanese/policy/2003/092.html,2026-09-07,html_text,政治・統治機構・憲法|マクロ経済・経済財政運営|行政改革・規制改革,主張・提言
keidanren_2003_093.txt,keidanren_2003_093,keidanren,経済団体,新内閣に望む,2003-09-24,20030924,提言,,公開,https://www.keidanren.or.jp/japanese/policy/2003/093.html,2026-09-07,html_text,マクロ経済・経済財政運営|行政改革・規制改革|税制・財政,主張・提言
keidanren_2003_094.txt,keidanren_2003_094,keidanren,経済団体,第26回日本メキシコ経済協議会共同声明,2003-10-15,20031015,提言,,公開,https://www.keidanren.or.jp/japanese/policy/2003/094.html,2026-09-07,html_text,通商・国際経済・国際協力|産業政策・成長戦略|中小企業,主張・提言
keidanren_2003_097.txt,keidanren_2003_097,keidanren,経済団体,安全運送に関する荷主としての行動指針,2003-10-21,20031021,提言,,公開,https://www.keidanren.or.jp/japanese/policy/2003/097.html,2026-09-07,html_text,国土・住宅・交通・防災|企業経営・ガバナンス・サステナビリティ|産業政策・成長戦略,主張・提言
keidanren_2003_098.txt,keidanren_2003_098,keidanren,経済団体,2003年度日本経団連規制改革要望 ―さらなる規制改革の推進に向けて―,2003-10-21,20031021,要望,,公開,https://www.keidanren.or.jp/japanese/policy/2003/098.html,2026-09-07,html_text,行政改革・規制改革|産業政策・成長戦略,主張・提言
keidanren_2003_100.txt,keidanren_2003_100,keidanren,経済団体,2004年度・新規学卒者の採用選考に関する企業の倫理憲章,2003-10-21,20031021,提言,,公開,https://www.keidanren.or.jp/japanese/policy/2003/100.html,2026-09-07,html_text,労働・雇用|人材・教育,主張・提言
keidanren_2003_101.pdf,keidanren_2003_101,keidanren,経済団体,若年者の職業観・就労意識の形成・向上のために ―企業ができる具体的施策の提言―,2003-10-21,20031021,提言,,公開,https://www.keidanren.or.jp/japanese/policy/2003/101.pdf,2026-09-07,ok,人材・教育|労働・雇用,主張・提言
keidanren_2003_102.txt,keidanren_2003_102,keidanren,経済団体,「民事訴訟法及び民事執行法の改正に関する要綱中間試案」に対するコメント,2003-10-20,20031020,意見,,公開,https://www.keidanren.or.jp/japanese/policy/2003/102.html,2026-09-07,html_text,政治・統治機構・憲法|行政改革・規制改革,主張・提言
keidanren_2003_107.txt,keidanren_2003_107,keidanren,経済団体,「電気通信事業分野の競争状況の評価に関する基本方針（案）」および「平成15年度実施細目（案）」に対する意見,2003-11-04,20031104,意見,,公開,https://www.keidanren.or.jp/japanese/policy/2003/107.html,2026-09-07,html_text,デジタル・情報通信|行政改革・規制改革,主張・提言
keidanren_2003_109.txt,keidanren_2003_109,keidanren,経済団体,世界情報社会サミット(ＷＳＩＳ)に期待する,2003-11-14,20031114,提言,,公開,https://www.keidanren.or.jp/japanese/policy/2003/109.html,2026-09-07,html_text,デジタル・情報通信|通商・国際経済・国際協力,主張・提言
keidanren_2003_112.txt,keidanren_2003_112,keidanren,経済団体,「環境税」の導入に反対する,2003-11-18,20031118,提言,,公開,https://www.keidanren.or.jp/japanese/policy/2003/112.html,2026-09-07,html_text,エネルギー・環境|税制・財政|産業政策・成長戦略,主張・提言
keidanren_2003_114.txt,keidanren_2003_114,keidanren,経済団体,日タイ、日フィリピン、日マレーシア経済連携協定の早期交渉開始を求める,2003-11-21,20031121,提言,,公開,https://www.keidanren.or.jp/japanese/policy/2003/114.html,2026-09-07,html_text,通商・国際経済・国際協力|産業政策・成長戦略,主張・提言
keidanren_2003_115.txt,keidanren_2003_115,keidanren,経済団体,「公示催告手続の見直しに関する中間とりまとめ」に関するコメント,2003-11-25,20031125,意見,,公開,https://www.keidanren.or.jp/japanese/policy/2003/115.html,2026-09-07,html_text,行政改革・規制改革|金融・資本市場,主張・提言
keidanren_2003_117.txt,keidanren_2003_117,keidanren,経済団体,「独占禁止法研究会報告書」に対する意見,2003-11-28,20031128,意見,,公開,https://www.keidanren.or.jp/japanese/policy/2003/117.html,2026-09-07,html_text,行政改革・規制改革|産業政策・成長戦略,主張・提言
keidanren_2003_118.txt,keidanren_2003_118,keidanren,経済団体,抜本改革なき厚生年金保険料率の引上げに反対する,2003-12-09,20031209,提言,,公開,https://www.keidanren.or.jp/japanese/policy/2003/118.html,2026-09-07,html_text,社会保障（年金・医療・介護）|税制・財政,主張・提言
keidanren_2003_119.pdf,keidanren_2003_119,keidanren,経済団体,「2003年1〜6月実施分 昇給、ベースアップ実施状況調査結果」の概要,2003-12-12,20031212,資料,,公開,https://www.keidanren.or.jp/japanese/policy/2003/119.pdf,2026-09-07,ok,労働・雇用,内部調査・会員アンケート
keidanren_2003_121.txt,keidanren_2003_121,keidanren,経済団体,年金制度改革に関する見解について,2003-12-15,20031215,提言,,公開,https://www.keidanren.or.jp/japanese/policy/2003/121.html,2026-09-07,html_text,社会保障（年金・医療・介護）|税制・財政,主張・提言
keidanren_2003_123.txt,keidanren_2003_123,keidanren,経済団体,2004年版経営労働政策委員会報告「高付加価値経営と多様性人材立国への道」（概要） −今こそ求められる経営者の高い志と使命感−,2003-12-16,20031216,提言,,公開,https://www.keidanren.or.jp/japanese/policy/2003/123.html,2026-09-07,html_text,労働・雇用|企業経営・ガバナンス・サステナビリティ|人材・教育,主張・提言
keidanren_2003_124.txt,keidanren_2003_124,keidanren,経済団体,インサイダー取引規制の明確化に関する提言 −公正で、安心して投資できる市場を目指して−,2003-12-16,20031216,提言,,公開,https://www.keidanren.or.jp/japanese/policy/2003/124.html,2026-09-07,html_text,金融・資本市場|企業経営・ガバナンス・サステナビリティ,主張・提言
keidanren_2003_125.txt,keidanren_2003_125,keidanren,経済団体,対外的にインパクトのある知的財産高等裁判所の創設を求める,2003-12-16,20031216,提言,,公開,https://www.keidanren.or.jp/japanese/policy/2003/125.html,2026-09-07,html_text,政治・統治機構・憲法|イノベーション・科学技術・スタートアップ|産業政策・成長戦略,主張・提言
keidanren_2003_126.pdf,keidanren_2003_126,keidanren,経済団体,2003年年末賞与・一時金 大手企業業種別妥結結果,2003-12-17,20031217,提言,,公開,https://www.keidanren.or.jp/japanese/policy/2003/126.pdf,2026-09-07,ok,労働・雇用,内部調査・会員アンケート
keidanren_2003_127.txt,keidanren_2003_127,keidanren,経済団体,「会社法制の現代化に関する要綱試案」についての意見,2003-12-24,20031224,意見,,公開,https://www.keidanren.or.jp/japanese/policy/2003/127/index.html,2026-09-07,html_text,企業経営・ガバナンス・サステナビリティ|政治・統治機構・憲法,主張・提言
keidanren_2004_002.txt,keidanren_2004_002,keidanren,経済団体,環境立国のための３つの取り組み,2004-01-13,20040113,提言,,公開,https://www.keidanren.or.jp/japanese/policy/2004/002.html,2026-09-07,html_text,エネルギー・環境|企業経営・ガバナンス・サステナビリティ,主張・提言
keidanren_2004_003.txt,keidanren_2004_003,keidanren,経済団体,「電気通信事業法及び日本電信電話株式会社等に関する法律の一部を改正する法律第２条の規定の施行に関する省令案等」に関するコメント,2004-01-15,20040115,意見,,公開,https://www.keidanren.or.jp/japanese/policy/2004/003.html,2026-09-07,html_text,デジタル・情報通信|行政改革・規制改革,主張・提言
keidanren_2004_005.txt,keidanren_2004_005,keidanren,経済団体,ＷＴＯ交渉の再活性化に向けて,2004-01-20,20040120,提言,,公開,https://www.keidanren.or.jp/japanese/policy/2004/005.html,2026-09-07,html_text,通商・国際経済・国際協力,主張・提言
keidanren_2004_010.txt,keidanren_2004_010,keidanren,経済団体,総務省 電波有効利用政策研究会「電波利用料制度見直しのための論点整理」に関する意見,2004-01-23,20040123,意見,,公開,https://www.keidanren.or.jp/japanese/policy/2004/010.html,2026-09-07,html_text,デジタル・情報通信|行政改革・規制改革,主張・提言
keidanren_2004_011.txt,keidanren_2004_011,keidanren,経済団体,「公益通報者保護法案（仮称）の骨子（案）」に対するコメント,2004-01-21,20040121,意見,,公開,https://www.keidanren.or.jp/japanese/policy/2004/011.html,2026-09-07,html_text,企業経営・ガバナンス・サステナビリティ|行政改革・規制改革|政治・統治機構・憲法,主張・提言
keidanren_2004_015.txt,keidanren_2004_015,keidanren,経済団体,国際会計基準委員会財団(IASC Foundation)定款の見直しに関するコメント提出について,2004-02-10,20040210,意見,,公開,https://www.keidanren.or.jp/japanese/policy/2004/015.html,2026-09-07,html_text,金融・資本市場|通商・国際経済・国際協力,主張・提言
keidanren_2004_016.txt,keidanren_2004_016,keidanren,経済団体,外国政府の不公正通商措置等に対する調査開始申立制度の整備を求める,2004-02-13,20040213,提言,,公開,https://www.keidanren.or.jp/japanese/policy/2004/016.html,2026-09-07,html_text,通商・国際経済・国際協力|行政改革・規制改革,主張・提言
keidanren_2004_025.pdf,keidanren_2004_025,keidanren,経済団体,商法施行規則による株式会社の各種書類のひな型 (改訂版),2004-03-31,20040331,提言,,公開,https://www.keidanren.or.jp/japanese/policy/2004/025.pdf,2026-09-07,ok,企業経営・ガバナンス・サステナビリティ|行政改革・規制改革,主張・提言
keidanren_2004_026.txt,keidanren_2004_026,keidanren,経済団体,「動産・債権譲渡に係る公示制度の整備に関する要綱中間試案」に対するコメント,2004-04-05,20040405,意見,,公開,https://www.keidanren.or.jp/japanese/policy/2004/026.html,2026-09-07,html_text,金融・資本市場|行政改革・規制改革,主張・提言
keidanren_2004_032.txt,keidanren_2004_032,keidanren,経済団体,「国際会計基準に関する共同声明」について,2004-04-20,20040420,提言,,公開,https://www.keidanren.or.jp/japanese/policy/2004/032.html,2026-09-07,html_text,金融・資本市場|通商・国際経済・国際協力|企業経営・ガバナンス・サステナビリティ,主張・提言
keidanren_2004_033.txt,keidanren_2004_033,keidanren,経済団体,ＷＴＯ貿易円滑化ルールの早期策定を求める,2004-04-20,20040420,提言,,公開,https://www.keidanren.or.jp/japanese/policy/2004/033/index.html,2026-09-07,html_text,通商・国際経済・国際協力|行政改革・規制改革,主張・提言
keidanren_2004_041.txt,keidanren_2004_041,keidanren,経済団体,多様化する雇用・就労形態における人材活性化と人事・賃金管理,2004-05-18,20040518,提言,,公開,https://www.keidanren.or.jp/japanese/policy/2004/041/index.html,2026-09-07,html_text,労働・雇用|人材・教育,主張・提言
keidanren_2004_045.txt,keidanren_2004_045,keidanren,経済団体,総会決議 企業のダイナミズムを引き出し新たな未来を切り拓く,2004-05-27,20040527,提言,,公開,https://www.keidanren.or.jp/japanese/policy/2004/045.html,2026-09-07,html_text,マクロ経済・経済財政運営|産業政策・成長戦略|通商・国際経済・国際協力,主張・提言
keidanren_2004_046.pdf,keidanren_2004_046,keidanren,経済団体,2003年夏季・冬季「賞与・一時金調査結果」について,2004-05-31,20040531,提言,,公開,https://www.keidanren.or.jp/japanese/policy/2004/046.pdf,2026-09-07,ok,労働・雇用,内部調査・会員アンケート
keidanren_2004_047.txt,keidanren_2004_047,keidanren,経済団体,「e-Japan重点計画−2004(案)」に関する意見,2004-05-31,20040531,意見,,公開,https://www.keidanren.or.jp/japanese/policy/2004/047.html,2026-09-07,html_text,デジタル・情報通信|行政改革・規制改革|国土・住宅・交通・防災,主張・提言
keidanren_2004_048.pdf,keidanren_2004_048,keidanren,経済団体,2004年春季労使交渉・大手企業業種別妥結結果,2004-06-03,20040603,提言,,公開,https://www.keidanren.or.jp/japanese/policy/2004/048.pdf,2026-09-07,ok,労働・雇用,内部調査・会員アンケート
keidanren_2004_050.txt,keidanren_2004_050,keidanren,経済団体,日本経団連ＷＴＯミッションポジション・ペーパー,2004-05-28,20040528,提言,,公開,https://www.keidanren.or.jp/japanese/policy/2004/050.html,2026-09-07,html_text,通商・国際経済・国際協力|デジタル・情報通信,主張・提言
keidanren_2004_051.txt,keidanren_2004_051,keidanren,経済団体,日本法令の外国語訳化の推進を求める,2004-06-14,20040614,提言,,公開,https://www.keidanren.or.jp/japanese/policy/2004/051.html,2026-09-07,html_text,行政改革・規制改革|通商・国際経済・国際協力|政治・統治機構・憲法,主張・提言
keidanren_2004_055.txt,keidanren_2004_055,keidanren,経済団体,宇宙開発利用の早期再開と着実な推進を望む,2004-06-22,20040622,提言,,公開,https://www.keidanren.or.jp/japanese/policy/2004/055.html,2026-09-07,html_text,イノベーション・科学技術・スタートアップ|外交・安全保障・経済安全保障|産業政策・成長戦略,主張・提言
keidanren_2004_056.txt,keidanren_2004_056,keidanren,経済団体,「独占禁止法改正（案）の概要」に対するコメント,2004-06-25,20040625,意見,,公開,https://www.keidanren.or.jp/japanese/policy/2004/056.html,2026-09-07,html_text,行政改革・規制改革|政治・統治機構・憲法|企業経営・ガバナンス・サステナビリティ,主張・提言
keidanren_2004_059.txt,keidanren_2004_059,keidanren,経済団体,規制改革集中受付月間(6月)への提出要望一覧,2004-06-30,20040630,要望,,公開,https://www.keidanren.or.jp/japanese/policy/2004/059.html,2026-09-07,html_text,行政改革・規制改革|労働・雇用|社会保障（年金・医療・介護）,主張・提言
keidanren_2004_060.txt,keidanren_2004_060,keidanren,経済団体,地球温暖化対策の着実な推進に向けて,2004-07-12,20040712,提言,,公開,https://www.keidanren.or.jp/japanese/policy/2004/060.html,2026-09-07,html_text,エネルギー・環境|産業政策・成長戦略|通商・国際経済・国際協力,主張・提言
keidanren_2004_062.txt,keidanren_2004_062,keidanren,経済団体,「個人情報の保護に関する法律についての経済産業分野を対象とするガイドライン」に対する意見,2004-07-14,20040714,意見,,公開,https://www.keidanren.or.jp/japanese/policy/2004/062.html,2026-09-07,html_text,デジタル・情報通信|行政改革・規制改革,主張・提言
keidanren_2004_064.pdf,keidanren_2004_064,keidanren,経済団体,2004年夏季賞与・一時金 大手企業業種別妥結結果,2004-07-21,20040721,提言,,公開,https://www.keidanren.or.jp/japanese/policy/2004/064.pdf,2026-09-07,ok,労働・雇用,内部調査・会員アンケート
keidanren_2004_065.pdf,keidanren_2004_065,keidanren,経済団体,2004年春季労使交渉・中小企業業種別妥結結果,2004-07-21,20040721,提言,,公開,https://www.keidanren.or.jp/japanese/policy/2004/065.pdf,2026-09-07,ok,労働・雇用|中小企業,内部調査・会員アンケート
keidanren_2004_066.txt,keidanren_2004_066,keidanren,経済団体,ＩＴ分野におけるＯＤＡの活用に関する提言,2004-08-12,20040812,提言,,公開,https://www.keidanren.or.jp/japanese/policy/2004/066.html,2026-09-07,html_text,通商・国際経済・国際協力|デジタル・情報通信|人材・教育,主張・提言
keidanren_2004_067.txt,keidanren_2004_067,keidanren,経済団体,総務省 電波有効利用政策研究会 最終報告書（案） 「電波利用料制度の見直しのための基本的な考え方」に関する意見,2004-08-20,20040820,意見,,公開,https://www.keidanren.or.jp/japanese/policy/2004/067.html,2026-09-07,html_text,デジタル・情報通信|行政改革・規制改革,主張・提言
keidanren_2004_068.txt,keidanren_2004_068,keidanren,経済団体,情報通信審議会 電気通信事業部会答申案 「平成17年度以降の接続料算定の在り方について」に関する意見,2004-08-20,20040820,意見,,公開,https://www.keidanren.or.jp/japanese/policy/2004/068.html,2026-09-07,html_text,デジタル・情報通信|行政改革・規制改革,主張・提言
keidanren_2004_069.pdf,keidanren_2004_069,keidanren,経済団体,「2004年春季労使交渉に関するトップ・マネジメントのアンケート調査結果」の概要,2004-08-25,20040825,資料,,公開,https://www.keidanren.or.jp/japanese/policy/2004/069.pdf,2026-09-07,ok,労働・雇用,内部調査・会員アンケート
keidanren_2004_071.pdf,keidanren_2004_071,keidanren,経済団体,新ビジョン・シミュレーションの再試算結果,2004-09-13,20040913,提言,,公開,https://www.keidanren.or.jp/japanese/policy/2004/071.pdf,2026-09-07,ok,マクロ経済・経済財政運営|税制・財政,内部調査・会員アンケート
keidanren_2004_073.txt,keidanren_2004_073,keidanren,経済団体,第19回日タイ合同貿易経済委員会共同声明,2004-09-17,20040917,提言,,公開,https://www.keidanren.or.jp/japanese/policy/2004/073.html,2026-09-07,html_text,通商・国際経済・国際協力|産業政策・成長戦略,主張・提言
keidanren_2004_076.pdf,keidanren_2004_076,keidanren,経済団体,日加経済連携の一層の強化に向けて ―カナダ委員会日加経済連携強化タスクフォース・中間報告―,2004-08-26,20040826,提言,,公開,https://www.keidanren.or.jp/japanese/policy/2004/076.pdf,2026-09-07,ok,通商・国際経済・国際協力|外交・安全保障・経済安全保障,主張・提言
keidanren_2004_077.txt,keidanren_2004_077,keidanren,経済団体,新内閣への要望,2004-09-30,20040930,要望,,公開,https://www.keidanren.or.jp/japanese/policy/2004/077.html,2026-09-07,html_text,マクロ経済・経済財政運営|税制・財政|行政改革・規制改革,主張・提言
keidanren_2004_078.txt,keidanren_2004_078,keidanren,経済団体,2005年度・新規学卒者の採用選考に関する企業の倫理憲章,2004-10-19,20041019,提言,,公開,https://www.keidanren.or.jp/japanese/policy/2004/078.html,2026-09-07,html_text,労働・雇用|人材・教育,主張・提言
keidanren_2004_079.pdf,keidanren_2004_079,keidanren,経済団体,企業年金積立金にかかる特別法人税の撤廃を求める,2004-10-19,20041019,提言,,公開,https://www.keidanren.or.jp/japanese/policy/2004/079.pdf,2026-09-07,ok,税制・財政|社会保障（年金・医療・介護）,主張・提言
keidanren_2004_082.txt,keidanren_2004_082,keidanren,経済団体,若者自立・挑戦プランの強化の具体化に向けて,2004-11-09,20041109,提言,,公開,https://www.keidanren.or.jp/japanese/policy/2004/082.html,2026-09-07,html_text,労働・雇用|人材・教育,主張・提言
keidanren_2004_083.pdf,keidanren_2004_083,keidanren,経済団体,企業の求める人材像についてのアンケート結果,2004-11-08,20041108,資料,,公開,https://www.keidanren.or.jp/japanese/policy/2004/083.pdf,2026-09-07,ok,人材・教育|労働・雇用,内部調査・会員アンケート
keidanren_2004_084.pdf,keidanren_2004_084,keidanren,経済団体,統計の利用拡大に向けて ―景気関連統計を中心として―,2004-11-16,20041116,提言,,公開,https://www.keidanren.or.jp/japanese/policy/2004/084.pdf,2026-09-07,ok,行政改革・規制改革|マクロ経済・経済財政運営,主張・提言
keidanren_2004_085.txt,keidanren_2004_085,keidanren,経済団体,企業買収に対する合理的な防衛策の整備に関する意見,2004-11-16,20041116,意見,,公開,https://www.keidanren.or.jp/japanese/policy/2004/085.html,2026-09-07,html_text,企業経営・ガバナンス・サステナビリティ|金融・資本市場,主張・提言
keidanren_2004_086.pdf,keidanren_2004_086,keidanren,経済団体,2004年度日本経団連規制改革要望 ―民間活力の発揮を促進するための規制改革・民間開放の推進―,2004-11-16,20041116,要望,,公開,https://www.keidanren.or.jp/japanese/policy/2004/086.pdf,2026-09-07,ok,行政改革・規制改革|産業政策・成長戦略,主張・提言
keidanren_2004_088.pdf,keidanren_2004_088,keidanren,経済団体,日本人社員の海外派遣をめぐる戦略的アプローチ 〜海外派遣成功サイクルの構築に向けて〜,2004-11-16,20041116,提言,,公開,https://www.keidanren.or.jp/japanese/policy/2004/088.pdf,2026-09-07,ok,人材・教育|労働・雇用|通商・国際経済・国際協力,主張・提言
keidanren_2004_092.txt,keidanren_2004_092,keidanren,経済団体,今次介護保険制度改革に関する共同意見,2004-12-07,20041207,意見,,公開,https://www.keidanren.or.jp/japanese/policy/2004/092.html,2026-09-07,html_text,社会保障（年金・医療・介護）|税制・財政,主張・提言
keidanren_2004_093.txt,keidanren_2004_093,keidanren,経済団体,郵政民営化の着実な実現を望む,2004-12-06,20041206,提言,,公開,https://www.keidanren.or.jp/japanese/policy/2004/093.html,2026-09-07,html_text,金融・資本市場|行政改革・規制改革|マクロ経済・経済財政運営,主張・提言
keidanren_2004_094.pdf,keidanren_2004_094,keidanren,経済団体,財政の持続可能性確保に関する提言 〜活力溢れる未来を育むために〜,2004-12-14,20041214,提言,,公開,https://www.keidanren.or.jp/japanese/policy/2004/094.pdf,2026-09-07,ok,税制・財政|マクロ経済・経済財政運営|社会保障（年金・医療・介護）,主張・提言
keidanren_2004_095.txt,keidanren_2004_095,keidanren,経済団体,2005年版 経営労働政策委員会報告（概要） 「労使はいまこそさらなる改革を進めよう」,2004-12-14,20041214,提言,,公開,https://www.keidanren.or.jp/japanese/policy/2004/095.html,2026-09-07,html_text,労働・雇用|人材・教育|企業経営・ガバナンス・サステナビリティ,主張・提言
keidanren_2004_096.pdf,keidanren_2004_096,keidanren,経済団体,2004年年末賞与・一時金 大手企業業種別妥結結果,2004-12-15,20041215,提言,,公開,https://www.keidanren.or.jp/japanese/policy/2004/096.pdf,2026-09-07,ok,労働・雇用,内部調査・会員アンケート
keidanren_2004_097.pdf,keidanren_2004_097,keidanren,経済団体,「2004年1〜6月実施分 昇給、ベースアップ実施状況調査結果」の概要,2004-12-15,20041215,資料,,公開,https://www.keidanren.or.jp/japanese/policy/2004/097.pdf,2026-09-07,ok,労働・雇用,内部調査・会員アンケート
keidanren_2005_001.txt,keidanren_2005_001,keidanren,経済団体,「政府開発援助に関する中期政策（案）」に対するコメント,2005-01-07,20050107,意見,,公開,https://www.keidanren.or.jp/japanese/policy/2005/001.html,2026-09-07,html_text,通商・国際経済・国際協力|エネルギー・環境,主張・提言
keidanren_2005_007.txt,keidanren_2005_007,keidanren,経済団体,「雇用管理に関する個人情報の適正な取扱いを確保するために 事業者が講ずべき措置に関する指針(解説) (案) 」に対する意見,2005-02-08,20050208,意見,,公開,https://www.keidanren.or.jp/japanese/policy/2005/007.html,2026-09-07,html_text,労働・雇用|デジタル・情報通信,主張・提言
keidanren_2005_010.txt,keidanren_2005_010,keidanren,経済団体,「第三次出入国管理基本計画における主要な課題と今後の方針」に対する意見ならびに要望,2005-03-01,20050301,要望,,公開,https://www.keidanren.or.jp/japanese/policy/2005/010.html,2026-09-07,html_text,労働・雇用|人材・教育|外交・安全保障・経済安全保障,主張・提言
keidanren_2005_012.txt,keidanren_2005_012,keidanren,経済団体,「企業における情報セキュリティガバナンスのあり方に関する研究会報告書(案)」に対する意見,2005-03-11,20050311,意見,,公開,https://www.keidanren.or.jp/japanese/policy/2005/012.html,2026-09-07,html_text,デジタル・情報通信|企業経営・ガバナンス・サステナビリティ,主張・提言
keidanren_2005_016.txt,keidanren_2005_016,keidanren,経済団体,日中通商・経済関係の更なる拡大に向けて 〜 日中通商対話ミッション・ポジションペーパー 〜,2005-02-23,20050223,提言,,公開,https://www.keidanren.or.jp/japanese/policy/2005/016.html,2026-09-07,html_text,通商・国際経済・国際協力|産業政策・成長戦略,主張・提言
keidanren_2005_017.pdf,keidanren_2005_017,keidanren,経済団体,映像コンテンツのブロードバンド配信に関する 著作権関係団体と利用者団体協議会との合意について,2005-03-23,20050323,提言,,公開,https://www.keidanren.or.jp/japanese/policy/2005/017.pdf,2026-09-07,ok,デジタル・情報通信|産業政策・成長戦略,活動記録
keidanren_2005_019.txt,keidanren_2005_019,keidanren,経済団体,高度かつ包括的な日タイ経済連携協定の締結を求める,2005-04-01,20050401,提言,,公開,https://www.keidanren.or.jp/japanese/policy/2005/019.html,2026-09-07,html_text,通商・国際経済・国際協力|産業政策・成長戦略,主張・提言
keidanren_2005_024.pdf,keidanren_2005_024,keidanren,経済団体,さらなる行政改革の推進に向けて −国家公務員制度改革を中心に−,2005-04-19,20050419,提言,,公開,https://www.keidanren.or.jp/japanese/policy/2005/024.pdf,2026-09-07,ok,行政改革・規制改革|政治・統治機構・憲法|労働・雇用,主張・提言
keidanren_2005_032.txt,keidanren_2005_032,keidanren,経済団体,「国際私法の現代化に関する要綱中間試案」に対するコメント,2005-05-24,20050524,意見,,公開,https://www.keidanren.or.jp/japanese/policy/2005/032.html,2026-09-07,html_text,政治・統治機構・憲法|通商・国際経済・国際協力,主張・提言
keidanren_2005_033.txt,keidanren_2005_033,keidanren,経済団体,総会決議 新しい成長の基盤を創る,2005-05-26,20050526,提言,,公開,https://www.keidanren.or.jp/japanese/policy/2005/033.html,2026-09-07,html_text,マクロ経済・経済財政運営|イノベーション・科学技術・スタートアップ|こども・子育て・人口,主張・提言
keidanren_2005_034.pdf,keidanren_2005_034,keidanren,経済団体,2004年夏季・冬季「賞与・一時金調査結果」の概要,2005-05-31,20050531,提言,,公開,https://www.keidanren.or.jp/japanese/policy/2005/034.pdf,2026-09-07,ok,労働・雇用,内部調査・会員アンケート
keidanren_2005_035.pdf,keidanren_2005_035,keidanren,経済団体,2005年春季労使交渉・大手企業業種別妥結結果,2005-06-08,20050608,提言,,公開,https://www.keidanren.or.jp/japanese/policy/2005/035.pdf,2026-09-07,ok,労働・雇用,内部調査・会員アンケート
keidanren_2005_038.txt,keidanren_2005_038,keidanren,経済団体,ＷＴＯ新ラウンド交渉の実質的進展を望む ―香港閣僚会議合意のFirst Approximation作成に向けて―,2005-06-15,20050615,提言,,公開,https://www.keidanren.or.jp/japanese/policy/2005/038.html,2026-09-07,html_text,通商・国際経済・国際協力|産業政策・成長戦略,主張・提言
keidanren_2005_043.txt,keidanren_2005_043,keidanren,経済団体,2005年度日本経団連規制改革要望 −規制改革・民間開放の一層の推進による経済活性化を求める−,2005-06-21,20050621,要望,,公開,https://www.keidanren.or.jp/japanese/policy/2005/043.html,2026-09-07,html_text,行政改革・規制改革,主張・提言
keidanren_2005_044.txt,keidanren_2005_044,keidanren,経済団体,厚生労働省 今後の労働契約法制の在り方に関する研究会「中間取りまとめ」に対する意見,2005-06-20,20050620,意見,,公開,https://www.keidanren.or.jp/japanese/policy/2005/044.html,2026-09-07,html_text,労働・雇用|政治・統治機構・憲法,主張・提言
keidanren_2005_047.txt,keidanren_2005_047,keidanren,経済団体,「公益通報者保護法に関するガイドライン案」に対するコメント,2005-07-06,20050706,意見,,公開,https://www.keidanren.or.jp/japanese/policy/2005/047.html,2026-09-07,html_text,企業経営・ガバナンス・サステナビリティ|行政改革・規制改革,主張・提言
keidanren_2005_048.txt,keidanren_2005_048,keidanren,経済団体,日本経団連とビジネス・ラウンドテーブル首脳が経済成長の促進について意見交換 日本経団連−米国ビジネス・ラウンドテーブルとの会合 共同プレス・リリース,2005-07-07,20050707,意見,,公開,https://www.keidanren.or.jp/japanese/policy/2005/048.html,2026-09-07,html_text,通商・国際経済・国際協力|社会保障（年金・医療・介護）|エネルギー・環境,活動記録
keidanren_2005_049.txt,keidanren_2005_049,keidanren,経済団体,首都圏三環状道路の早期整備を望む,2005-07-19,20050719,提言,,公開,https://www.keidanren.or.jp/japanese/policy/2005/049.html,2026-09-07,html_text,国土・住宅・交通・防災|産業政策・成長戦略,主張・提言
keidanren_2005_050.txt,keidanren_2005_050,keidanren,経済団体,知的財産権に関する行動指針,2005-07-19,20050719,提言,,公開,https://www.keidanren.or.jp/japanese/policy/2005/050.html,2026-09-07,html_text,イノベーション・科学技術・スタートアップ|企業経営・ガバナンス・サステナビリティ|産業政策・成長戦略,主張・提言
keidanren_2005_051.pdf,keidanren_2005_051,keidanren,経済団体,2005年夏季賞与・一時金 大手企業業種別妥結結果,2005-07-20,20050720,提言,,公開,https://www.keidanren.or.jp/japanese/policy/2005/051.pdf,2026-09-07,ok,労働・雇用,内部調査・会員アンケート
keidanren_2005_052.pdf,keidanren_2005_052,keidanren,経済団体,2005年春季労使交渉・中小企業業種別妥結結果,2005-07-20,20050720,提言,,公開,https://www.keidanren.or.jp/japanese/policy/2005/052.pdf,2026-09-07,ok,労働・雇用|中小企業,内部調査・会員アンケート
keidanren_2005_054.pdf,keidanren_2005_054,keidanren,経済団体,「2005年春季労使交渉に関するトップ・マネジメントのアンケート調査結果」の概要,2005-08-23,20050823,資料,,公開,https://www.keidanren.or.jp/japanese/policy/2005/054.pdf,2026-09-07,ok,労働・雇用|人材・教育|こども・子育て・人口,内部調査・会員アンケート
keidanren_2005_055.txt,keidanren_2005_055,keidanren,経済団体,「ユニバーサルサービス基金制度の在り方」答申(案)に関する意見,2005-08-25,20050825,意見,,公開,https://www.keidanren.or.jp/japanese/policy/2005/055.html,2026-09-07,html_text,デジタル・情報通信,主張・提言
keidanren_2005_056.txt,keidanren_2005_056,keidanren,経済団体,「信託法改正要綱試案」へのコメント,2005-08-31,20050831,意見,,公開,https://www.keidanren.or.jp/japanese/policy/2005/056.html,2026-09-07,html_text,金融・資本市場|企業経営・ガバナンス・サステナビリティ,主張・提言
keidanren_2005_059.pdf,keidanren_2005_059,keidanren,経済団体,経済の成長を標榜する世界の経済界首脳からの ＷＴＯ新ラウンド交渉推進を求める共同声明,2005-09-06,20050906,提言,,公開,https://www.keidanren.or.jp/english/policy/2005/059.pdf,2026-09-07,ok,通商・国際経済・国際協力,主張・提言
keidanren_2005_060.txt,keidanren_2005_060,keidanren,経済団体,日GCC（湾岸協力会議）経済連携協定の早期交渉開始を求める,2005-09-13,20050913,提言,,公開,https://www.keidanren.or.jp/japanese/policy/2005/060.html,2026-09-07,html_text,通商・国際経済・国際協力|エネルギー・環境,主張・提言
keidanren_2005_066.pdf,keidanren_2005_066,keidanren,経済団体,CSR（企業の社会的責任）に関するアンケート調査結果,2005-10-04,20051004,資料,,公開,https://www.keidanren.or.jp/japanese/policy/2005/066.pdf,2026-09-07,ok,企業経営・ガバナンス・サステナビリティ,内部調査・会員アンケート
keidanren_2005_069.txt,keidanren_2005_069,keidanren,経済団体,労働契約法制に対する使用者側の基本的考え方,2005-10-13,20051013,提言,,公開,https://www.keidanren.or.jp/japanese/policy/2005/069.html,2026-09-07,html_text,労働・雇用|政治・統治機構・憲法,主張・提言
keidanren_2005_071.pdf,keidanren_2005_071,keidanren,経済団体,次期ＩＣＴ国家戦略の策定に向けて,2005-10-18,20051018,提言,,公開,https://www.keidanren.or.jp/japanese/policy/2005/071.pdf,2026-09-07,ok,デジタル・情報通信|行政改革・規制改革|国土・住宅・交通・防災,主張・提言
keidanren_2005_072.txt,keidanren_2005_072,keidanren,経済団体,公的年金の一元化に関する基本的見解,2005-10-18,20051018,提言,,公開,https://www.keidanren.or.jp/japanese/policy/2005/072.html,2026-09-07,html_text,社会保障（年金・医療・介護）|税制・財政,主張・提言
keidanren_2005_074.txt,keidanren_2005_074,keidanren,経済団体,2006年度・新規学卒者の採用選考に関する企業の倫理憲章,2005-10-18,20051018,提言,,公開,https://www.keidanren.or.jp/japanese/policy/2005/074.html,2026-09-07,html_text,人材・教育|労働・雇用,主張・提言
keidanren_2005_076.pdf,keidanren_2005_076,keidanren,経済団体,地球温暖化防止対策事例集 〜CO 2 排出削減600のヒント〜,2005-10-20,20051020,提言,,公開,https://www.keidanren.or.jp/japanese/policy/2005/076.pdf,2026-09-07,ok,エネルギー・環境|産業政策・成長戦略,内部調査・会員アンケート
keidanren_2005_078.txt,keidanren_2005_078,keidanren,経済団体,新内閣への要望,2005-10-31,20051031,要望,,公開,https://www.keidanren.or.jp/japanese/policy/2005/078.html,2026-09-07,html_text,行政改革・規制改革|税制・財政|マクロ経済・経済財政運営,主張・提言
keidanren_2005_079.txt,keidanren_2005_079,keidanren,経済団体,日加の経済界首脳が二国間及びグローバルな貿易投資問題について意見交換 日本経団連・カナダ経営者評議会（CCCE）第２回日本カナダ経済会議 共同プレス・リリース,2005-11-01,20051101,意見,,公開,https://www.keidanren.or.jp/japanese/policy/2005/079.html,2026-09-07,html_text,通商・国際経済・国際協力,活動記録
keidanren_2005_080.txt,keidanren_2005_080,keidanren,経済団体,優先政策事項,2005-11-08,20051108,提言,,公開,https://www.keidanren.or.jp/japanese/policy/2005/080.html,2026-09-07,html_text,マクロ経済・経済財政運営|税制・財政|行政改革・規制改革,主張・提言
keidanren_2005_081.pdf,keidanren_2005_081,keidanren,経済団体,地方公務員給与に関するアンケート調査結果,2005-11-09,20051109,資料,,公開,https://www.keidanren.or.jp/japanese/policy/2005/081.pdf,2026-09-07,ok,行政改革・規制改革|地域経済・観光・地方創生,内部調査・会員アンケート
keidanren_2005_082.txt,keidanren_2005_082,keidanren,経済団体,「政府機関の情報セキュリティ対策のための統一基準」に関する意見,2005-11-11,20051111,意見,,公開,https://www.keidanren.or.jp/japanese/policy/2005/082.html,2026-09-07,html_text,デジタル・情報通信|行政改革・規制改革,主張・提言
keidanren_2005_084.txt,keidanren_2005_084,keidanren,経済団体,政策金融機能のあり方について,2005-11-11,20051111,提言,,公開,https://www.keidanren.or.jp/japanese/policy/2005/084.html,2026-09-07,html_text,金融・資本市場|行政改革・規制改革|エネルギー・環境,主張・提言
keidanren_2005_085.txt,keidanren_2005_085,keidanren,経済団体,海洋開発推進のための重要課題について,2005-11-15,20051115,提言,,公開,https://www.keidanren.or.jp/japanese/policy/2005/085.html,2026-09-07,html_text,イノベーション・科学技術・スタートアップ|エネルギー・環境|国土・住宅・交通・防災,主張・提言
keidanren_2005_086.pdf,keidanren_2005_086,keidanren,経済団体,温暖化対策 環境自主行動計画 2005年度フォローアップ結果,2005-11-18,20051118,提言,,公開,https://www.keidanren.or.jp/japanese/policy/2005/086/honbun.pdf,2026-09-07,ok,エネルギー・環境|産業政策・成長戦略,内部調査・会員アンケート
keidanren_2005_087.txt,keidanren_2005_087,keidanren,経済団体,香港閣僚会議に向けた共同宣言 経済界は貿易自由化の実質的な進展を望む,2005-11-21,20051121,提言,,公開,https://www.keidanren.or.jp/japanese/policy/2005/087.html,2026-09-07,html_text,通商・国際経済・国際協力|農林水産・食料,主張・提言
keidanren_2005_088.txt,keidanren_2005_088,keidanren,経済団体,「規制改革・民間開放集中受付月間」に提出した要望項目一覧,2005-11-17,20051117,要望,,公開,https://www.keidanren.or.jp/japanese/policy/2005/088.html,2026-09-07,html_text,行政改革・規制改革|産業政策・成長戦略|通商・国際経済・国際協力,主張・提言
keidanren_2005_090.txt,keidanren_2005_090,keidanren,経済団体,日ＡＳＥＡＮ包括的経済連携協定の早期締結を求める,2005-12-02,20051202,提言,,公開,https://www.keidanren.or.jp/japanese/policy/2005/090.html,2026-09-07,html_text,通商・国際経済・国際協力|産業政策・成長戦略,主張・提言
keidanren_2005_092.txt,keidanren_2005_092,keidanren,経済団体,ＷＴＯ香港閣僚会議に向けた緊急提言,2005-12-05,20051205,提言,,公開,https://www.keidanren.or.jp/japanese/policy/2005/092.html,2026-09-07,html_text,通商・国際経済・国際協力|農林水産・食料,主張・提言
keidanren_2005_093.txt,keidanren_2005_093,keidanren,経済団体,アスベスト新法案について,2005-12-05,20051205,提言,,公開,https://www.keidanren.or.jp/japanese/policy/2005/093.html,2026-09-07,html_text,労働・雇用|エネルギー・環境|行政改革・規制改革,主張・提言
keidanren_2005_095.txt,keidanren_2005_095,keidanren,経済団体,2006年版 経営労働政策委員会報告（概要） 「経営者よ 正しく 強かれ」,2005-12-13,20051213,提言,,公開,https://www.keidanren.or.jp/japanese/policy/2005/095.html,2026-09-07,html_text,労働・雇用|人材・教育|こども・子育て・人口,主張・提言
keidanren_2005_096.pdf,keidanren_2005_096,keidanren,経済団体,2005年年末賞与・一時金 大手企業業種別妥結結果,2005-12-14,20051214,提言,,公開,https://www.keidanren.or.jp/japanese/policy/2005/096.pdf,2026-09-07,ok,労働・雇用,内部調査・会員アンケート
keidanren_2005_099.pdf,keidanren_2005_099,keidanren,経済団体,「2005年1〜6月実施分 昇給、ベースアップ実施状況調査結果」の概要,2005-12-16,20051216,資料,,公開,https://www.keidanren.or.jp/japanese/policy/2005/099.pdf,2026-09-07,ok,労働・雇用,内部調査・会員アンケート
keidanren_2006_005.txt,keidanren_2006_005,keidanren,経済団体,医療制度改革関連法案の審議にあたっての共同確認,2006-02-14,20060214,提言,,公開,https://www.keidanren.or.jp/japanese/policy/2006/005.html,2026-09-07,html_text,社会保障（年金・医療・介護）,主張・提言
keidanren_2006_007.pdf,keidanren_2006_007,keidanren,経済団体,2005年全国社内報実態調査結果の概要,2006-02-16,20060216,提言,,公開,https://www.keidanren.or.jp/japanese/policy/2006/007.pdf,2026-09-07,ok,企業経営・ガバナンス・サステナビリティ,内部調査・会員アンケート
keidanren_2006_008.txt,keidanren_2006_008,keidanren,経済団体,観光立国基本法の制定に向けて,2006-03-22,20060322,提言,,公開,https://www.keidanren.or.jp/japanese/policy/2006/008.html,2026-09-07,html_text,地域経済・観光・地方創生|国土・住宅・交通・防災|産業政策・成長戦略,主張・提言
keidanren_2006_015.txt,keidanren_2006_015,keidanren,経済団体,第３回日中通商対話ミッション・ポジションペーパー,2006-03-16,20060316,提言,,公開,https://www.keidanren.or.jp/japanese/policy/2006/015.html,2026-09-07,html_text,通商・国際経済・国際協力|産業政策・成長戦略,主張・提言
keidanren_2006_022.pdf,keidanren_2006_022,keidanren,経済団体,環境自主行動計画 第三者評価委員会 2005年度評価報告,2006-04-19,20060419,提言,,公開,https://www.keidanren.or.jp/japanese/policy/2005/086/honbun.pdf,2026-09-07,ok,エネルギー・環境|産業政策・成長戦略,内部調査・会員アンケート
keidanren_2006_031.txt,keidanren_2006_031,keidanren,経済団体,総会決議 人間力の発揮を通じて時代を切り拓く,2006-05-24,20060524,提言,,公開,https://www.keidanren.or.jp/japanese/policy/2006/031.html,2026-09-07,html_text,税制・財政|人材・教育|通商・国際経済・国際協力,主張・提言
keidanren_2006_034.txt,keidanren_2006_034,keidanren,経済団体,「セキュア・ジャパン２００６」(案)に関する意見,2006-05-26,20060526,意見,,公開,https://www.keidanren.or.jp/japanese/policy/2006/034.html,2026-09-07,html_text,デジタル・情報通信|行政改革・規制改革,主張・提言
keidanren_2006_035.pdf,keidanren_2006_035,keidanren,経済団体,2005年夏季・冬季「賞与・一時金調査結果」の概要,2006-05-31,20060531,提言,,公開,https://www.keidanren.or.jp/japanese/policy/2006/035.pdf,2026-09-07,ok,労働・雇用,内部調査・会員アンケート
keidanren_2006_036.pdf,keidanren_2006_036,keidanren,経済団体,2006年春季労使交渉・大手企業業種別妥結結果,2006-06-07,20060607,提言,,公開,https://www.keidanren.or.jp/japanese/policy/2006/036.pdf,2026-09-07,ok,労働・雇用,内部調査・会員アンケート
keidanren_2006_038.txt,keidanren_2006_038,keidanren,経済団体,2006年度日本経団連規制改革要望 −競争力と活力ある経済・社会の構築に向けて−,2006-06-20,20060620,要望,,公開,https://www.keidanren.or.jp/japanese/policy/2006/038.html,2026-09-07,html_text,行政改革・規制改革|産業政策・成長戦略,主張・提言
keidanren_2006_041.txt,keidanren_2006_041,keidanren,経済団体,「日・インドネシア経済連携協定（EPA）の早期締結に期待する」提言,2006-06-20,20060620,提言,,公開,https://www.keidanren.or.jp/japanese/policy/2006/041.html,2026-09-07,html_text,通商・国際経済・国際協力|エネルギー・環境|外交・安全保障・経済安全保障,主張・提言
keidanren_2006_042.txt,keidanren_2006_042,keidanren,経済団体,海外経済協力と国際金融業務のあり方に関する提言,2006-06-20,20060620,提言,,公開,https://www.keidanren.or.jp/japanese/policy/2006/042.html,2026-09-07,html_text,通商・国際経済・国際協力|金融・資本市場|行政改革・規制改革,主張・提言
keidanren_2006_043.txt,keidanren_2006_043,keidanren,経済団体,会計基準の統合（コンバージェンス）を加速化し、欧米との相互承認を求める,2006-06-20,20060620,提言,,公開,https://www.keidanren.or.jp/japanese/policy/2006/043.html,2026-09-07,html_text,金融・資本市場|企業経営・ガバナンス・サステナビリティ|通商・国際経済・国際協力,主張・提言
keidanren_2006_045.pdf,keidanren_2006_045,keidanren,経済団体,中小企業の人材確保と育成について,2006-06-20,20060620,提言,,公開,https://www.keidanren.or.jp/japanese/policy/2006/045.pdf,2026-09-07,ok,中小企業|人材・教育|労働・雇用,主張・提言
keidanren_2006_049.txt,keidanren_2006_049,keidanren,経済団体,「重点計画−２００６(案)」に関する意見,2006-06-30,20060630,意見,,公開,https://www.keidanren.or.jp/japanese/policy/2006/049.html,2026-09-07,html_text,デジタル・情報通信|行政改革・規制改革,主張・提言
keidanren_2006_051.txt,keidanren_2006_051,keidanren,経済団体,ＵＮＩＣＥ（欧州産業連盟）および日本経団連による ＷＴＯ新ラウンド交渉に関する共同声明,2006-07-05,20060705,提言,,公開,https://www.keidanren.or.jp/japanese/policy/2006/051.html,2026-09-07,html_text,通商・国際経済・国際協力|農林水産・食料,主張・提言
keidanren_2006_052.txt,keidanren_2006_052,keidanren,経済団体,米国ビジネス・ラウンドテーブル、米国商工会議所、日本経団連 共同声明 強力な政治的意思によって新ラウンド交渉の成功を,2006-07-12,20060712,提言,,公開,https://www.keidanren.or.jp/japanese/policy/2006/052.html,2026-09-07,html_text,通商・国際経済・国際協力,主張・提言
keidanren_2006_053.txt,keidanren_2006_053,keidanren,経済団体,日本・インド経済連携協定の早期実現を求める,2006-07-18,20060718,提言,,公開,https://www.keidanren.or.jp/japanese/policy/2006/053.html,2026-09-07,html_text,通商・国際経済・国際協力|産業政策・成長戦略,主張・提言
keidanren_2006_054.pdf,keidanren_2006_054,keidanren,経済団体,2006年夏季賞与・一時金 大手企業業種別妥結結果,2006-07-20,20060720,提言,,公開,https://www.keidanren.or.jp/japanese/policy/2006/054.pdf,2026-09-07,ok,労働・雇用,内部調査・会員アンケート
keidanren_2006_055.pdf,keidanren_2006_055,keidanren,経済団体,2006年春季労使交渉・中小企業業種別妥結結果,2006-07-20,20060720,提言,,公開,https://www.keidanren.or.jp/japanese/policy/2006/055.pdf,2026-09-07,ok,労働・雇用|中小企業,内部調査・会員アンケート
keidanren_2006_056.txt,keidanren_2006_056,keidanren,経済団体,ＷＴＯ新ラウンド交渉に関する共同声明,2006-07-26,20060726,提言,,公開,https://www.keidanren.or.jp/japanese/policy/2006/056.html,2026-09-07,html_text,通商・国際経済・国際協力|農林水産・食料,主張・提言
keidanren_2006_058.txt,keidanren_2006_058,keidanren,経済団体,生活習慣病予防に係る効率的で質の高い特定健康診査・特定保健指導の実施に向けて,2006-08-11,20060811,提言,,公開,https://www.keidanren.or.jp/japanese/policy/2006/058.html,2026-09-07,html_text,社会保障（年金・医療・介護）,主張・提言
keidanren_2006_059.txt,keidanren_2006_059,keidanren,経済団体,「IP化の進展に対応した競争ルールの在り方に関する懇談会」報告書案に関する意見,2006-08-22,20060822,意見,,公開,https://www.keidanren.or.jp/japanese/policy/2006/059.html,2026-09-07,html_text,デジタル・情報通信|行政改革・規制改革,主張・提言
keidanren_2006_060.pdf,keidanren_2006_060,keidanren,経済団体,「2006年春季労使交渉・労使協議に関するトップ・マネジメントのアンケート調査結果」の速報版,2006-08-24,20060824,資料,,公開,https://www.keidanren.or.jp/japanese/policy/2006/060.pdf,2026-09-07,ok,労働・雇用,内部調査・会員アンケート
keidanren_2006_061.txt,keidanren_2006_061,keidanren,経済団体,「衛星放送の将来像に関する研究会」報告書案に関する意見,2006-08-28,20060828,意見,,公開,https://www.keidanren.or.jp/japanese/policy/2006/061.html,2026-09-07,html_text,デジタル・情報通信|行政改革・規制改革,主張・提言
keidanren_2006_063.txt,keidanren_2006_063,keidanren,経済団体,「電子登録債権法制に関する中間試案」へのコメント,2006-08-31,20060831,意見,,公開,https://www.keidanren.or.jp/japanese/policy/2006/063.html,2026-09-07,html_text,金融・資本市場|行政改革・規制改革,主張・提言
keidanren_2006_068.txt,keidanren_2006_068,keidanren,経済団体,新内閣への要望,2006-09-26,20060926,要望,,公開,https://www.keidanren.or.jp/japanese/policy/2006/068.html,2026-09-07,html_text,マクロ経済・経済財政運営|税制・財政|通商・国際経済・国際協力,主張・提言
keidanren_2006_070.txt,keidanren_2006_070,keidanren,経済団体,2007年度・新規学卒者の採用選考に関する企業の倫理憲章,2006-10-17,20061017,提言,,公開,https://www.keidanren.or.jp/japanese/policy/2006/070.html,2026-09-07,html_text,人材・教育|労働・雇用,主張・提言
keidanren_2006_073.txt,keidanren_2006_073,keidanren,経済団体,第5回中日韓ビジネスフォーラム共同声明,2006-10-19,20061019,提言,,公開,https://www.keidanren.or.jp/japanese/policy/2006/073.html,2026-09-07,html_text,通商・国際経済・国際協力|産業政策・成長戦略,活動記録
keidanren_2006_076.txt,keidanren_2006_076,keidanren,経済団体,2007年度以降の21世紀政策研究所の運営について,2006-11-13,20061113,提言,,公開,https://www.keidanren.or.jp/japanese/policy/2006/076.html,2026-09-07,html_text,政治・統治機構・憲法|企業経営・ガバナンス・サステナビリティ,主張・提言
keidanren_2006_077.txt,keidanren_2006_077,keidanren,経済団体,集中受付月間(もみじ月間)に提出した日本経団連要望項目一覧,2006-11-21,20061121,要望,,公開,https://www.keidanren.or.jp/japanese/policy/2006/077.html,2026-09-07,html_text,行政改革・規制改革,主張・提言
keidanren_2006_078.txt,keidanren_2006_078,keidanren,経済団体,規制改革・民間開放の推進による経済社会の活性化を目指して,2006-11-21,20061121,提言,,公開,https://www.keidanren.or.jp/japanese/policy/2006/078.html,2026-09-07,html_text,行政改革・規制改革|マクロ経済・経済財政運営|地域経済・観光・地方創生,主張・提言
keidanren_2006_086.pdf,keidanren_2006_086,keidanren,経済団体,2006年年末賞与・一時金 大手企業業種別妥結結果,2006-12-13,20061213,提言,,公開,https://www.keidanren.or.jp/japanese/policy/2006/086.pdf,2026-09-07,ok,労働・雇用,内部調査・会員アンケート
keidanren_2006_088.pdf,keidanren_2006_088,keidanren,経済団体,「2006年1〜6月実施分 昇給、ベースアップ実施状況調査結果」の概要,2006-12-13,20061213,資料,,公開,https://www.keidanren.or.jp/japanese/policy/2006/088.pdf,2026-09-07,ok,労働・雇用,内部調査・会員アンケート
keidanren_2006_089.pdf,keidanren_2006_089,keidanren,経済団体,温暖化対策 環境自主行動計画 2006年度フォローアップ結果,2006-12-14,20061214,提言,,公開,https://www.keidanren.or.jp/japanese/policy/2006/089/honbun.pdf,2026-09-07,ok,エネルギー・環境|産業政策・成長戦略,内部調査・会員アンケート
keidanren_2006_090.txt,keidanren_2006_090,keidanren,経済団体,第５回中日韓ビジネスフォーラムの概要,2006-12-19,20061219,提言,,公開,https://www.keidanren.or.jp/japanese/policy/2006/090.html,2026-09-07,html_text,通商・国際経済・国際協力|エネルギー・環境|地域経済・観光・地方創生,活動記録
keidanren_2006_091.pdf,keidanren_2006_091,keidanren,経済団体,2007年版 経営労働政策委員会報告（概要） 「イノベーションを切り拓く新たな働き方の推進を」,2006-12-19,20061219,提言,,公開,https://www.keidanren.or.jp/japanese/policy/2006/091.pdf,2026-09-07,ok,労働・雇用|人材・教育|マクロ経済・経済財政運営,主張・提言
keidanren_2007_002.pdf,keidanren_2007_002,keidanren,経済団体,成長と財政健全化の両立に向けて,2007-01-16,20070116,提言,,公開,https://www.keidanren.or.jp/japanese/policy/2007/002.pdf,2026-09-07,ok,税制・財政|マクロ経済・経済財政運営,主張・提言
keidanren_2007_003.pdf,keidanren_2007_003,keidanren,経済団体,日本型成長モデルの確立に向けて,2007-01-16,20070116,提言,,公開,https://www.keidanren.or.jp/japanese/policy/2007/003.pdf,2026-09-07,ok,産業政策・成長戦略|イノベーション・科学技術・スタートアップ|税制・財政,主張・提言
keidanren_2007_005.pdf,keidanren_2007_005,keidanren,経済団体,ＷＴＯドーハ・ラウンドに関する共同声明 ― 失敗は許されない ―,2007-01-15,20070115,提言,,公開,https://www.keidanren.or.jp/english/policy/2007/005.pdf,2026-09-07,ok,通商・国際経済・国際協力|農林水産・食料|産業政策・成長戦略,主張・提言
keidanren_2007_006.txt,keidanren_2007_006,keidanren,経済団体,日米の経済界首脳が世界の経済成長を促進するため協力する必要性を指摘 −日本経団連とビジネス・ラウンドテーブルは共通の経済課題に取り組むことで合意−,2007-01-19,20070119,提言,,公開,https://www.keidanren.or.jp/japanese/policy/2007/006.html,2026-09-07,html_text,通商・国際経済・国際協力,活動記録
keidanren_2007_007.txt,keidanren_2007_007,keidanren,経済団体,日米経済連携協定に関する経団連・BR共同声明,2007-01-19,20070119,提言,,公開,https://www.keidanren.or.jp/japanese/policy/2007/007.html,2026-09-07,html_text,通商・国際経済・国際協力|外交・安全保障・経済安全保障,主張・提言
keidanren_2007_010.pdf,keidanren_2007_010,keidanren,経済団体,会社法施行規則及び会社計算規則による株式会社の各種書類のひな型,2007-02-09,20070209,提言,,公開,https://www.keidanren.or.jp/japanese/policy/2007/010.pdf,2026-09-07,ok,企業経営・ガバナンス・サステナビリティ|行政改革・規制改革,主張・提言
keidanren_2007_012.pdf,keidanren_2007_012,keidanren,経済団体,社会保障制度のＩＣＴ化促進に関する提言 −社会保障ＩＣＴ化の基本イメージについて−,2007-02-20,20070220,提言,,公開,https://www.keidanren.or.jp/japanese/policy/2007/012.pdf,2026-09-07,ok,社会保障（年金・医療・介護）|デジタル・情報通信,主張・提言
keidanren_2007_014.pdf,keidanren_2007_014,keidanren,経済団体,定期健診項目の見直しに関する考え方,2007-02-16,20070216,提言,,公開,https://www.keidanren.or.jp/japanese/policy/2007/014.pdf,2026-09-07,ok,社会保障（年金・医療・介護）|労働・雇用,主張・提言
keidanren_2007_015.txt,keidanren_2007_015,keidanren,経済団体,デジタル化・ネットワーク化時代における著作権法制の中長期的なあり方について（中間とりまとめ） −産業活性化のための複線化システムの提案−,2007-02-20,20070220,提言,,公開,https://www.keidanren.or.jp/japanese/policy/2007/015.html,2026-09-07,html_text,デジタル・情報通信|産業政策・成長戦略|行政改革・規制改革,主張・提言
keidanren_2007_016.pdf,keidanren_2007_016,keidanren,経済団体,映像コンテンツ大国の実現に向けて,2007-02-22,20070222,提言,,公開,https://www.keidanren.or.jp/japanese/policy/2007/016/honbun.pdf,2026-09-07,ok,産業政策・成長戦略|デジタル・情報通信|通商・国際経済・国際協力,主張・提言
keidanren_2007_017.pdf,keidanren_2007_017,keidanren,経済団体,外国人材受入問題に関する第二次提言,2007-03-20,20070320,提言,,公開,https://www.keidanren.or.jp/japanese/policy/2007/017.pdf,2026-09-07,ok,労働・雇用|人材・教育,主張・提言
keidanren_2007_018.pdf,keidanren_2007_018,keidanren,経済団体,少子化問題への総合的な対応を求める 〜人口減少下の新しい社会づくりに向けて〜,2007-03-20,20070320,提言,,公開,https://www.keidanren.or.jp/japanese/policy/2007/018.pdf,2026-09-07,ok,こども・子育て・人口|労働・雇用|人材・教育,主張・提言
keidanren_2007_019.pdf,keidanren_2007_019,keidanren,経済団体,「知的財産推進計画2007」の策定に向けて,2007-03-20,20070320,提言,,公開,https://www.keidanren.or.jp/japanese/policy/2007/019.pdf,2026-09-07,ok,イノベーション・科学技術・スタートアップ|産業政策・成長戦略|行政改革・規制改革,主張・提言
keidanren_2007_025.pdf,keidanren_2007_025,keidanren,経済団体,道州制の導入に向けた第１次提言 −究極の構造改革を目指して−,2007-03-28,20070328,提言,,公開,https://www.keidanren.or.jp/japanese/policy/2007/025.pdf,2026-09-07,ok,政治・統治機構・憲法|行政改革・規制改革|地域経済・観光・地方創生,主張・提言
keidanren_2007_028.txt,keidanren_2007_028,keidanren,経済団体,「観光立国推進基本計画」に関する意見,2007-04-05,20070405,意見,,公開,https://www.keidanren.or.jp/japanese/policy/2007/028.html,2026-09-07,html_text,地域経済・観光・地方創生|国土・住宅・交通・防災|税制・財政,主張・提言
keidanren_2007_032.pdf,keidanren_2007_032,keidanren,経済団体,高度情報通信人材育成部会の活動について,2007-04-17,20070417,提言,,公開,https://www.keidanren.or.jp/japanese/policy/2007/032.pdf,2026-09-07,ok,人材・教育|イノベーション・科学技術・スタートアップ|デジタル・情報通信,活動記録
keidanren_2007_036.pdf,keidanren_2007_036,keidanren,経済団体,Ｇ８ビジネス・サミット共同声明,2007-04-25,20070425,提言,,公開,https://www.keidanren.or.jp/english/policy/2007/036.pdf,2026-09-07,ok,通商・国際経済・国際協力|マクロ経済・経済財政運営|エネルギー・環境,主張・提言
keidanren_2007_037.txt,keidanren_2007_037,keidanren,経済団体,2006年度 自主行動計画第三者評価委員会 評価報告書,2007-05-08,20070508,報告書,,公開,https://www.keidanren.or.jp/japanese/policy/2007/037.html,2026-09-07,html_text,エネルギー・環境|産業政策・成長戦略,内部調査・会員アンケート
keidanren_2007_042.txt,keidanren_2007_042,keidanren,経済団体,「セキュア・ジャパン２００７」(案)に関する意見,2007-05-23,20070523,意見,,公開,https://www.keidanren.or.jp/japanese/policy/2007/042.html,2026-09-07,html_text,デジタル・情報通信|外交・安全保障・経済安全保障|人材・教育,主張・提言
keidanren_2007_043.txt,keidanren_2007_043,keidanren,経済団体,2007年度総会決議 創造的改革を推進し、社会と未来への責任を果たす,2007-05-23,20070523,提言,,公開,https://www.keidanren.or.jp/japanese/policy/2007/043.html,2026-09-07,html_text,マクロ経済・経済財政運営|産業政策・成長戦略|税制・財政,主張・提言
keidanren_2007_046.pdf,keidanren_2007_046,keidanren,経済団体,2006年夏季・冬季「賞与・一時金調査結果」の概要,2007-05-29,20070529,提言,,公開,https://www.keidanren.or.jp/japanese/policy/2007/046.pdf,2026-09-07,ok,労働・雇用,内部調査・会員アンケート
keidanren_2007_048.pdf,keidanren_2007_048,keidanren,経済団体,2007年春季労使交渉・大手企業業種別妥結結果,2007-06-06,20070606,提言,,公開,https://www.keidanren.or.jp/japanese/policy/2007/048.pdf,2026-09-07,ok,労働・雇用,内部調査・会員アンケート
keidanren_2007_0502.txt,keidanren_2007_0502,keidanren,経済団体,日本経団連中東ミッションに関する御手洗会長所見,2007-05-02,20070502,提言,,公開,https://www.keidanren.or.jp/japanese/speech/comment/2007/0502.html,2026-09-07,html_text,通商・国際経済・国際協力|エネルギー・環境,活動記録
keidanren_2007_052.txt,keidanren_2007_052,keidanren,経済団体,第29回日本・香港経済合同委員会等の模様,2007-06-19,20070619,提言,,公開,https://www.keidanren.or.jp/japanese/policy/2007/052.html,2026-09-07,html_text,通商・国際経済・国際協力,活動記録
keidanren_2007_053.pdf,keidanren_2007_053,keidanren,経済団体,「インターネット・ガバナンス・フォーラム（IGF）東京会議」の模様について,2007-06-19,20070619,提言,,公開,https://www.keidanren.or.jp/japanese/policy/2007/053.pdf,2026-09-07,ok,デジタル・情報通信|通商・国際経済・国際協力,活動記録
keidanren_2007_057.txt,keidanren_2007_057,keidanren,経済団体,「重点計画−２００７(案)」に関する意見,2007-06-27,20070627,意見,,公開,https://www.keidanren.or.jp/japanese/policy/2007/057.html,2026-09-07,html_text,デジタル・情報通信|行政改革・規制改革,主張・提言
keidanren_2007_059.txt,keidanren_2007_059,keidanren,経済団体,地球温暖化問題に関する米国調査報告,2007-07-12,20070712,提言,,公開,https://www.keidanren.or.jp/japanese/policy/2007/059.html,2026-09-07,html_text,エネルギー・環境|外交・安全保障・経済安全保障,活動記録
keidanren_2007_061.pdf,keidanren_2007_061,keidanren,経済団体,2007年夏季賞与・一時金 大手企業業種別妥結結果,2007-07-18,20070718,提言,,公開,https://www.keidanren.or.jp/japanese/policy/2007/061.pdf,2026-09-07,ok,労働・雇用,内部調査・会員アンケート
keidanren_2007_062.pdf,keidanren_2007_062,keidanren,経済団体,2007年春季労使交渉・中小企業業種別妥結結果,2007-07-18,20070718,提言,,公開,https://www.keidanren.or.jp/japanese/policy/2007/062.pdf,2026-09-07,ok,労働・雇用|中小企業,内部調査・会員アンケート
keidanren_2007_063.txt,keidanren_2007_063,keidanren,経済団体,東富士アピール2007 − 今こそ中長期的展望に立った改革の推進を求める −,2007-07-27,20070727,提言,,公開,https://www.keidanren.or.jp/japanese/policy/2007/063.html,2026-09-07,html_text,人材・教育|通商・国際経済・国際協力|行政改革・規制改革,主張・提言
keidanren_2007_064.txt,keidanren_2007_064,keidanren,経済団体,今後の会計基準のコンバージェンスの進め方について,2007-08-08,20070808,提言,,公開,https://www.keidanren.or.jp/japanese/policy/2007/064.html,2026-09-07,html_text,金融・資本市場|企業経営・ガバナンス・サステナビリティ|通商・国際経済・国際協力,主張・提言
keidanren_2007_065.txt,keidanren_2007_065,keidanren,経済団体,新内閣に望む,2007-08-28,20070828,提言,,公開,https://www.keidanren.or.jp/japanese/policy/2007/065.html,2026-09-07,html_text,マクロ経済・経済財政運営|行政改革・規制改革|社会保障（年金・医療・介護）,主張・提言
keidanren_2007_066.txt,keidanren_2007_066,keidanren,経済団体,日・ＥＵ経済関係の発展に向け新たな枠組みの構築を求める ―日本経団連・ドイツ産業連盟共同提言―,2007-08-30,20070830,提言,,公開,https://www.keidanren.or.jp/japanese/policy/2007/066.html,2026-09-07,html_text,通商・国際経済・国際協力|産業政策・成長戦略|イノベーション・科学技術・スタートアップ,主張・提言
keidanren_2007_068.pdf,keidanren_2007_068,keidanren,経済団体,外国人研修・技能実習制度の見直しに関する提言,2007-09-18,20070918,提言,,公開,https://www.keidanren.or.jp/japanese/policy/2007/068.pdf,2026-09-07,ok,労働・雇用|通商・国際経済・国際協力|人材・教育,主張・提言
keidanren_2007_070.txt,keidanren_2007_070,keidanren,経済団体,日印ビジネス・リーダーズ・フォーラム共同提言 ―日印両国の持続可能な成長に向けたパートナーシップ―,2007-08-22,20070822,提言,,公開,https://www.keidanren.or.jp/japanese/policy/2007/070.html,2026-09-07,html_text,通商・国際経済・国際協力|エネルギー・環境|外交・安全保障・経済安全保障,主張・提言
keidanren_2007_073.pdf,keidanren_2007_073,keidanren,経済団体,米国SEC公開草案 ファイルNo.S7-13-07に対するコメント （外国企業の財務諸表提出期間の早期化について）,2007-09-18,20070918,意見,,公開,https://www.keidanren.or.jp/english/policy/2007/073.pdf,2026-09-07,ok,金融・資本市場|通商・国際経済・国際協力|企業経営・ガバナンス・サステナビリティ,主張・提言
keidanren_2007_074.txt,keidanren_2007_074,keidanren,経済団体,新内閣に望む,2007-10-01,20071001,提言,,公開,https://www.keidanren.or.jp/japanese/policy/2007/074.html,2026-09-07,html_text,マクロ経済・経済財政運営|産業政策・成長戦略|社会保障（年金・医療・介護）,主張・提言
keidanren_2007_076.txt,keidanren_2007_076,keidanren,経済団体,2008年度大学・大学院新規学卒者等の採用選考に関する企業の倫理憲章,2007-10-16,20071016,提言,,公開,https://www.keidanren.or.jp/japanese/policy/2007/076.html,2026-09-07,html_text,人材・教育|労働・雇用,主張・提言
keidanren_2007_077.txt,keidanren_2007_077,keidanren,経済団体,今後の海洋政策のあり方と海洋基本計画策定へ向けて,2007-10-16,20071016,提言,,公開,https://www.keidanren.or.jp/japanese/policy/2007/077.html,2026-09-07,html_text,国土・住宅・交通・防災|外交・安全保障・経済安全保障|産業政策・成長戦略,主張・提言
keidanren_2007_078.pdf,keidanren_2007_078,keidanren,経済団体,ものづくり中小企業のイノベーションと現場力の強化,2007-10-16,20071016,提言,,公開,https://www.keidanren.or.jp/japanese/policy/2007/078.pdf,2026-09-07,ok,中小企業|産業政策・成長戦略|イノベーション・科学技術・スタートアップ,主張・提言
keidanren_2007_079.pdf,keidanren_2007_079,keidanren,経済団体,2007年春季労使交渉に関するトップ・マネジメントのアンケート調査結果,2007-10-16,20071016,資料,,公開,https://www.keidanren.or.jp/japanese/policy/2007/079.pdf,2026-09-07,ok,労働・雇用,内部調査・会員アンケート
keidanren_2007_0824.txt,keidanren_2007_0824,keidanren,経済団体,「訪アジア経済ミッション」に関する御手洗団長所見,2007-08-24,20070824,提言,,公開,https://www.keidanren.or.jp/japanese/speech/comment/2007/0824.html,2026-09-07,html_text,通商・国際経済・国際協力,活動記録
keidanren_2007_083.pdf,keidanren_2007_083,keidanren,経済団体,防災に関する委員会アンケート調査結果概要,2007-10-22,20071022,資料,,公開,https://www.keidanren.or.jp/japanese/policy/2007/083.pdf,2026-09-07,ok,国土・住宅・交通・防災,内部調査・会員アンケート
keidanren_2007_085.pdf,keidanren_2007_085,keidanren,経済団体,財務報告に係る内部統制報告制度に関する調査結果概要,2007-11-02,20071102,提言,,公開,https://www.keidanren.or.jp/japanese/policy/2007/085.pdf,2026-09-07,ok,企業経営・ガバナンス・サステナビリティ|金融・資本市場,内部調査・会員アンケート
keidanren_2007_086.txt,keidanren_2007_086,keidanren,経済団体,「ユニバーサルサービス制度の将来像に関する研究会」報告書案への意見,2007-11-05,20071105,意見,,公開,https://www.keidanren.or.jp/japanese/policy/2007/086.html,2026-09-07,html_text,デジタル・情報通信|行政改革・規制改革,主張・提言
keidanren_2007_089.pdf,keidanren_2007_089,keidanren,経済団体,温暖化対策 環境自主行動計画 2007年度フォローアップ結果,2007-11-14,20071114,提言,,公開,https://www.keidanren.or.jp/japanese/policy/2007/089/honbun.pdf,2026-09-07,ok,エネルギー・環境|産業政策・成長戦略,内部調査・会員アンケート
keidanren_2007_090.txt,keidanren_2007_090,keidanren,経済団体,集中受付月間(もみじ月間)に提出した日本経団連要望項目一覧,2007-11-20,20071120,要望,,公開,https://www.keidanren.or.jp/japanese/policy/2007/090.html,2026-09-07,html_text,行政改革・規制改革|社会保障（年金・医療・介護）|労働・雇用,主張・提言
keidanren_2007_092.pdf,keidanren_2007_092,keidanren,経済団体,イノベーションの加速による成長促進について,2007-11-20,20071120,提言,,公開,https://www.keidanren.or.jp/japanese/policy/2007/092.pdf,2026-09-07,ok,イノベーション・科学技術・スタートアップ|マクロ経済・経済財政運営|産業政策・成長戦略,主張・提言
keidanren_2007_093.txt,keidanren_2007_093,keidanren,経済団体,日韓中ビジネスラウンドテーブルの模様,2007-11-20,20071120,提言,,公開,https://www.keidanren.or.jp/japanese/policy/2007/093.html,2026-09-07,html_text,通商・国際経済・国際協力|エネルギー・環境|産業政策・成長戦略,活動記録
keidanren_2007_095.txt,keidanren_2007_095,keidanren,経済団体,第23回 全経連首脳との懇談会の模様,2007-11-20,20071120,提言,,公開,https://www.keidanren.or.jp/japanese/policy/2007/095.html,2026-09-07,html_text,通商・国際経済・国際協力|エネルギー・環境,活動記録
keidanren_2007_098.txt,keidanren_2007_098,keidanren,経済団体,教育振興基本計画特別部会における審議のまとめに対するコメント,2007-12-05,20071205,意見,,公開,https://www.keidanren.or.jp/japanese/policy/2007/098.html,2026-09-07,html_text,人材・教育,主張・提言
keidanren_2007_099.txt,keidanren_2007_099,keidanren,経済団体,優先政策事項,2007-12-11,20071211,提言,,公開,https://www.keidanren.or.jp/japanese/policy/2007/099.html,2026-09-07,html_text,マクロ経済・経済財政運営|税制・財政|政治・統治機構・憲法,主張・提言
keidanren_2007_101.pdf,keidanren_2007_101,keidanren,経済団体,2007年年末賞与・一時金 大手企業業種別妥結結果,2007-12-13,20071213,提言,,公開,https://www.keidanren.or.jp/japanese/policy/2007/101.pdf,2026-09-07,ok,労働・雇用,内部調査・会員アンケート
keidanren_2007_105.txt,keidanren_2007_105,keidanren,経済団体,サブサハラ・アフリカの開発に関する意見,2007-12-18,20071218,意見,,公開,https://www.keidanren.or.jp/japanese/policy/2007/105.html,2026-09-07,html_text,通商・国際経済・国際協力|外交・安全保障・経済安全保障|エネルギー・環境,主張・提言
keidanren_2007_107.txt,keidanren_2007_107,keidanren,経済団体,第２回インターネット・ガバナンス・フォーラム(IGF)ミッション報告,2007-12-18,20071218,提言,,公開,https://www.keidanren.or.jp/japanese/policy/2007/107.html,2026-09-07,html_text,デジタル・情報通信|通商・国際経済・国際協力,活動記録
keidanren_2007_109.pdf,keidanren_2007_109,keidanren,経済団体,2008年版 経営労働政策委員会報告（概要） −日本型雇用システムの新展開と課題−,2007-12-19,20071219,提言,,公開,https://www.keidanren.or.jp/japanese/policy/2007/109.pdf,2026-09-07,ok,労働・雇用|マクロ経済・経済財政運営|中小企業,主張・提言
keidanren_2007_110.pdf,keidanren_2007_110,keidanren,経済団体,「2007年1〜6月実施分 昇給、ベースアップ実施状況調査結果」の概要,2007-12-27,20071227,資料,,公開,https://www.keidanren.or.jp/japanese/policy/2007/110.pdf,2026-09-07,ok,労働・雇用,内部調査・会員アンケート
keidanren_2008_002.pdf,keidanren_2008_002,keidanren,経済団体,「第51回 福利厚生費調査結果（2006年度）」の概要,2008-01-31,20080131,提言,,公開,https://www.keidanren.or.jp/japanese/policy/2008/002.pdf,2026-09-07,ok,労働・雇用|企業経営・ガバナンス・サステナビリティ,内部調査・会員アンケート
keidanren_2008_004.txt,keidanren_2008_004,keidanren,経済団体,「個人情報の保護に関する基本方針」の一部改正(案)に関する意見,2008-02-18,20080218,意見,,公開,https://www.keidanren.or.jp/japanese/policy/2008/004.html,2026-09-07,html_text,デジタル・情報通信|行政改革・規制改革,主張・提言
keidanren_2008_006.pdf,keidanren_2008_006,keidanren,経済団体,企業倫理への取組みに関するアンケート調査結果,2008-02-19,20080219,資料,,公開,https://www.keidanren.or.jp/japanese/policy/2008/006.pdf,2026-09-07,ok,企業経営・ガバナンス・サステナビリティ,内部調査・会員アンケート
keidanren_2008_007.txt,keidanren_2008_007,keidanren,経済団体,産業構造審議会安全保障貿易管理小委員会制度改正ワーキンググループ「最終取りまとめ（案）」等に対する意見,2008-02-25,20080225,意見,,公開,https://www.keidanren.or.jp/japanese/policy/2008/007.html,2026-09-07,html_text,外交・安全保障・経済安全保障|通商・国際経済・国際協力|行政改革・規制改革,主張・提言
keidanren_2008_008.pdf,keidanren_2008_008,keidanren,経済団体,道州制の導入に向けた第２次提言 −中間とりまとめ−,2008-03-18,20080318,提言,,公開,https://www.keidanren.or.jp/japanese/policy/2008/008.pdf,2026-09-07,ok,行政改革・規制改革|政治・統治機構・憲法|地域経済・観光・地方創生,主張・提言
keidanren_2008_009.pdf,keidanren_2008_009,keidanren,経済団体,「知的財産推進計画2008」の策定に向けて,2008-03-18,20080318,提言,,公開,https://www.keidanren.or.jp/japanese/policy/2008/009.pdf,2026-09-07,ok,イノベーション・科学技術・スタートアップ|産業政策・成長戦略|デジタル・情報通信,主張・提言
keidanren_2008_011.txt,keidanren_2008_011,keidanren,経済団体,洞爺湖サミットに向けた地球温暖化問題に関する基本的な方針,2008-03-19,20080319,提言,,公開,https://www.keidanren.or.jp/japanese/policy/2008/011.html,2026-09-07,html_text,エネルギー・環境|外交・安全保障・経済安全保障|通商・国際経済・国際協力,主張・提言
keidanren_2008_012.txt,keidanren_2008_012,keidanren,経済団体,国際会計基準（IFRS）に関する欧州調査報告・概要,2008-03-18,20080318,提言,,公開,https://www.keidanren.or.jp/japanese/policy/2008/012.html,2026-09-07,html_text,金融・資本市場|通商・国際経済・国際協力,活動記録
keidanren_2008_014.pdf,keidanren_2008_014,keidanren,経済団体,大学・大学院改革に向けた取り組み等に関する報告書,2008-03-31,20080331,報告書,,公開,https://www.keidanren.or.jp/japanese/policy/2008/014.pdf,2026-09-07,ok,人材・教育|イノベーション・科学技術・スタートアップ,主張・提言
keidanren_2008_015.pdf,keidanren_2008_015,keidanren,経済団体,米国SEC公開草案 ファイルNo.S7-05-08に対するコメント （外国企業の財務諸表提出期間の早期化について）,2008-04-08,20080408,意見,,公開,https://www.keidanren.or.jp/english/policy/2008/015.pdf,2026-09-07,ok,金融・資本市場|通商・国際経済・国際協力|企業経営・ガバナンス・サステナビリティ,主張・提言
keidanren_2008_020.pdf,keidanren_2008_020,keidanren,経済団体,Ｇ８ビジネス・サミット共同声明,2008-04-17,20080417,提言,,公開,https://www.keidanren.or.jp/english/policy/2008/020.pdf,2026-09-07,ok,通商・国際経済・国際協力|マクロ経済・経済財政運営|エネルギー・環境,主張・提言
keidanren_2008_024.txt,keidanren_2008_024,keidanren,経済団体,洞爺湖サミットにおけるポスト京都議定書の国際枠組交渉への対応について,2008-04-15,20080415,提言,,公開,https://www.keidanren.or.jp/japanese/policy/2008/024.html,2026-09-07,html_text,エネルギー・環境|通商・国際経済・国際協力|産業政策・成長戦略,主張・提言
keidanren_2008_025.txt,keidanren_2008_025,keidanren,経済団体,2007年度 環境自主行動計画第三者評価委員会 評価報告書,2008-05-13,20080513,報告書,,公開,https://www.keidanren.or.jp/japanese/policy/2008/025.html,2026-09-07,html_text,エネルギー・環境|産業政策・成長戦略,外部・第三者資料
keidanren_2008_027.pdf,keidanren_2008_027,keidanren,経済団体,国際競争力強化に資する課題解決型イノベーションの推進に向けて,2008-05-20,20080520,提言,,公開,https://www.keidanren.or.jp/japanese/policy/2008/027.pdf,2026-09-07,ok,イノベーション・科学技術・スタートアップ|産業政策・成長戦略,主張・提言
keidanren_2008_030.pdf,keidanren_2008_030,keidanren,経済団体,サービス産業における中小企業の生産性向上の方向性,2008-05-20,20080520,提言,,公開,https://www.keidanren.or.jp/japanese/policy/2008/030.pdf,2026-09-07,ok,中小企業|産業政策・成長戦略|地域経済・観光・地方創生,主張・提言
keidanren_2008_031.pdf,keidanren_2008_031,keidanren,経済団体,今後のわが国会計基準のあり方に関する調査結果概要,2008-05-20,20080520,提言,,公開,https://www.keidanren.or.jp/japanese/policy/2008/031.pdf,2026-09-07,ok,金融・資本市場|企業経営・ガバナンス・サステナビリティ,内部調査・会員アンケート
keidanren_2008_034.txt,keidanren_2008_034,keidanren,経済団体,「セキュア・ジャパン２００８」(案)に関する意見,2008-05-22,20080522,意見,,公開,https://www.keidanren.or.jp/japanese/policy/2008/034.html,2026-09-07,html_text,デジタル・情報通信|行政改革・規制改革|外交・安全保障・経済安全保障,主張・提言
keidanren_2008_035.txt,keidanren_2008_035,keidanren,経済団体,2008年度総会決議 逆境を飛躍の好機に変える,2008-05-28,20080528,提言,,公開,https://www.keidanren.or.jp/japanese/policy/2008/035.html,2026-09-07,html_text,マクロ経済・経済財政運営|産業政策・成長戦略|エネルギー・環境,主張・提言
keidanren_2008_036.txt,keidanren_2008_036,keidanren,経済団体,「ICTによる生産性向上戦略」(案)に対する意見,2008-05-30,20080530,意見,,公開,https://www.keidanren.or.jp/japanese/policy/2008/036.html,2026-09-07,html_text,デジタル・情報通信|行政改革・規制改革|中小企業,主張・提言
keidanren_2008_037.txt,keidanren_2008_037,keidanren,経済団体,日本経団連訪中東欧ミッションに関する御手洗会長所見,2008-06-06,20080606,提言,,公開,https://www.keidanren.or.jp/japanese/policy/2008/037.html,2026-09-07,html_text,通商・国際経済・国際協力|エネルギー・環境|産業政策・成長戦略,活動記録
keidanren_2008_038.pdf,keidanren_2008_038,keidanren,経済団体,2008年春季労使交渉・大手企業業種別妥結結果,2008-06-13,20080613,提言,,公開,https://www.keidanren.or.jp/japanese/policy/2008/038.pdf,2026-09-07,ok,労働・雇用,内部調査・会員アンケート
keidanren_2008_041.txt,keidanren_2008_041,keidanren,経済団体,2008年度日本経団連規制改革要望 〜再び改革を前進させるために〜,2008-06-17,20080617,要望,,公開,https://www.keidanren.or.jp/japanese/policy/2008/041.html,2026-09-07,html_text,行政改革・規制改革,主張・提言
keidanren_2008_044.txt,keidanren_2008_044,keidanren,経済団体,地球温暖化防止に向けた産業界の取り組み −世界最高効率の達成を目指して−,2008-06-17,20080617,提言,,公開,https://www.keidanren.or.jp/japanese/policy/2008/044.html,2026-09-07,html_text,エネルギー・環境|産業政策・成長戦略,主張・提言
keidanren_2008_047.txt,keidanren_2008_047,keidanren,経済団体,ＷＴＯドーハ・開発アジェンダに関する声明 日本経団連‐ビジネス・ラウンドテーブル,2008-06-27,20080627,提言,,公開,https://www.keidanren.or.jp/japanese/policy/2008/047.html,2026-09-07,html_text,通商・国際経済・国際協力|農林水産・食料,主張・提言
keidanren_2008_050.pdf,keidanren_2008_050,keidanren,経済団体,2008年夏季賞与・一時金 大手企業業種別妥結結果,2008-07-22,20080722,提言,,公開,https://www.keidanren.or.jp/japanese/policy/2008/050.pdf,2026-09-07,ok,労働・雇用,内部調査・会員アンケート
keidanren_2008_051.pdf,keidanren_2008_051,keidanren,経済団体,2008年春季労使交渉・中小企業業種別妥結結果,2008-07-23,20080723,提言,,公開,https://www.keidanren.or.jp/japanese/policy/2008/051.pdf,2026-09-07,ok,労働・雇用|中小企業,内部調査・会員アンケート
keidanren_2008_052.txt,keidanren_2008_052,keidanren,経済団体,「重点計画−２００８」に関する意見,2008-07-10,20080710,意見,,公開,https://www.keidanren.or.jp/japanese/policy/2008/052.html,2026-09-07,html_text,デジタル・情報通信|行政改革・規制改革,主張・提言
keidanren_2008_053.txt,keidanren_2008_053,keidanren,経済団体,「通信・放送の総合的な法体系について（中間論点整理）」に対する意見,2008-07-14,20080714,意見,,公開,https://www.keidanren.or.jp/japanese/policy/2008/053.html,2026-09-07,html_text,デジタル・情報通信|行政改革・規制改革,主張・提言
keidanren_2008_054.txt,keidanren_2008_054,keidanren,経済団体,「次期情報セキュリティ基本計画に向けた第１次提言」に関する意見,2008-07-18,20080718,意見,,公開,https://www.keidanren.or.jp/japanese/policy/2008/054.html,2026-09-07,html_text,デジタル・情報通信|行政改革・規制改革,主張・提言
keidanren_2008_055.txt,keidanren_2008_055,keidanren,経済団体,アピール２００８ − グローバル化の中での日本企業の針路 −,2008-07-25,20080725,提言,,公開,https://www.keidanren.or.jp/japanese/policy/2008/055.html,2026-09-07,html_text,エネルギー・環境|マクロ経済・経済財政運営|農林水産・食料,主張・提言
keidanren_2008_056.txt,keidanren_2008_056,keidanren,経済団体,現下の経済情勢を打開するための緊急提言,2008-07-30,20080730,提言,,公開,https://www.keidanren.or.jp/japanese/policy/2008/056.html,2026-09-07,html_text,マクロ経済・経済財政運営|税制・財政|エネルギー・環境,主張・提言
keidanren_2008_057.pdf,keidanren_2008_057,keidanren,経済団体,米国SEC公開草案 ファイルNo.S7-11-08に対するコメント （XBRL形式でのファイリングについて）,2008-08-01,20080801,意見,,公開,https://www.keidanren.or.jp/english/policy/2008/057.pdf,2026-09-07,ok,金融・資本市場|デジタル・情報通信|通商・国際経済・国際協力,主張・提言
keidanren_2008_058.txt,keidanren_2008_058,keidanren,経済団体,新内閣に望む,2008-08-04,20080804,提言,,公開,https://www.keidanren.or.jp/japanese/policy/2008/058.html,2026-09-07,html_text,マクロ経済・経済財政運営|税制・財政|社会保障（年金・医療・介護）,主張・提言
keidanren_2008_060.pdf,keidanren_2008_060,keidanren,経済団体,起業創造委員会報告書 「企業発ベンチャーの更なる創出に向けて」,2008-09-16,20080916,報告書,,公開,https://www.keidanren.or.jp/japanese/policy/2008/060.pdf,2026-09-07,ok,イノベーション・科学技術・スタートアップ|産業政策・成長戦略,主張・提言
keidanren_2008_064.pdf,keidanren_2008_064,keidanren,経済団体,裁判員休暇制度アンケート集計結果,2008-09-17,20080917,資料,,公開,https://www.keidanren.or.jp/japanese/policy/2008/064.pdf,2026-09-07,ok,労働・雇用|政治・統治機構・憲法,内部調査・会員アンケート
keidanren_2008_066.pdf,keidanren_2008_066,keidanren,経済団体,2008年春季労使交渉・協議に関するトップ・マネジメントのアンケート調査結果,2008-09-19,20080919,資料,,公開,https://www.keidanren.or.jp/japanese/policy/2008/066.pdf,2026-09-07,ok,労働・雇用,内部調査・会員アンケート
keidanren_2008_067.txt,keidanren_2008_067,keidanren,経済団体,新内閣に望む,2008-09-25,20080925,提言,,公開,https://www.keidanren.or.jp/japanese/policy/2008/067.html,2026-09-07,html_text,マクロ経済・経済財政運営|税制・財政|社会保障（年金・医療・介護）,主張・提言
keidanren_2008_069.txt,keidanren_2008_069,keidanren,経済団体,補正予算の早期成立を望む,2008-10-06,20081006,提言,,公開,https://www.keidanren.or.jp/japanese/policy/2008/069.html,2026-09-07,html_text,マクロ経済・経済財政運営|税制・財政|金融・資本市場,主張・提言
keidanren_2008_072.txt,keidanren_2008_072,keidanren,経済団体,大学卒業予定者・大学院修了予定者等の採用選考に関する企業の倫理憲章,2008-10-14,20081014,提言,,公開,https://www.keidanren.or.jp/japanese/policy/2008/072.html,2026-09-07,html_text,労働・雇用|人材・教育,主張・提言
keidanren_2008_073.pdf,keidanren_2008_073,keidanren,経済団体,人口減少に対応した経済社会のあり方,2008-10-14,20081014,提言,,公開,https://www.keidanren.or.jp/japanese/policy/2008/073.pdf,2026-09-07,ok,こども・子育て・人口|労働・雇用|地域経済・観光・地方創生,主張・提言
keidanren_2008_075.txt,keidanren_2008_075,keidanren,経済団体,第２回 日印ビジネス・リーダーズ・フォーラム共同報告書,2008-10-22,20081022,報告書,,公開,https://www.keidanren.or.jp/japanese/policy/2008/075.html,2026-09-07,html_text,通商・国際経済・国際協力|エネルギー・環境|国土・住宅・交通・防災,外部・第三者資料
keidanren_2008_078.txt,keidanren_2008_078,keidanren,経済団体,わが国研究開発システムの抜本改革に向けた検討を求める,2008-10-29,20081029,提言,,公開,https://www.keidanren.or.jp/japanese/policy/2008/078.html,2026-09-07,html_text,イノベーション・科学技術・スタートアップ|産業政策・成長戦略,主張・提言
keidanren_2008_079.txt,keidanren_2008_079,keidanren,経済団体,経済界首脳によるG20へのメッセージ,2008-11-14,20081114,提言,,公開,https://www.keidanren.or.jp/japanese/policy/2008/079.html,2026-09-07,html_text,マクロ経済・経済財政運営|金融・資本市場|通商・国際経済・国際協力,主張・提言
keidanren_2008_080.pdf,keidanren_2008_080,keidanren,経済団体,高齢者雇用の促進に向けた取組みと今後の課題,2008-11-18,20081118,提言,,公開,https://www.keidanren.or.jp/japanese/policy/2008/080.pdf,2026-09-07,ok,労働・雇用|社会保障（年金・医療・介護）|人材・教育,主張・提言
keidanren_2008_081.pdf,keidanren_2008_081,keidanren,経済団体,道州制の導入に向けた第２次提言,2008-11-18,20081118,提言,,公開,https://www.keidanren.or.jp/japanese/policy/2008/081.pdf,2026-09-07,ok,行政改革・規制改革|政治・統治機構・憲法|地域経済・観光・地方創生,主張・提言
keidanren_2008_083.txt,keidanren_2008_083,keidanren,経済団体,集中受付月間(もみじ月間)に提出した規制改革要望一覧,2008-11-18,20081118,要望,,公開,https://www.keidanren.or.jp/japanese/policy/2008/083.html,2026-09-07,html_text,行政改革・規制改革,主張・提言
keidanren_2008_085.pdf,keidanren_2008_085,keidanren,経済団体,環境自主行動計画〔温暖化対策編〕2008年度フォローアップ結果,2008-11-18,20081118,提言,,公開,https://www.keidanren.or.jp/japanese/policy/2008/085/honbun.pdf,2026-09-07,ok,エネルギー・環境|産業政策・成長戦略,内部調査・会員アンケート
keidanren_2008_087.pdf,keidanren_2008_087,keidanren,経済団体,会社法施行規則及び会社計算規則による株式会社の各種書類のひな型（改訂版）,2008-11-25,20081125,提言,,公開,https://www.keidanren.or.jp/japanese/policy/2008/087.pdf,2026-09-07,ok,企業経営・ガバナンス・サステナビリティ|行政改革・規制改革,主張・提言
keidanren_2008_089.txt,keidanren_2008_089,keidanren,経済団体,未来のために 〜Ｇ８ビジネス・サミット共同声明〜,2008-12-03,20081203,提言,,公開,https://www.keidanren.or.jp/japanese/policy/2008/089.html,2026-09-07,html_text,金融・資本市場|通商・国際経済・国際協力|マクロ経済・経済財政運営,主張・提言
keidanren_2008_090.txt,keidanren_2008_090,keidanren,経済団体,「企業の倫理憲章」の趣旨実現をめざす共同宣言について,2008-12-09,20081209,提言,,公開,https://www.keidanren.or.jp/japanese/policy/2008/090.html,2026-09-07,html_text,人材・教育|労働・雇用,主張・提言
keidanren_2008_091.txt,keidanren_2008_091,keidanren,経済団体,「中期プログラム」策定に関する緊急提言,2008-12-09,20081209,提言,,公開,https://www.keidanren.or.jp/japanese/policy/2008/091.html,2026-09-07,html_text,税制・財政|社会保障（年金・医療・介護）|マクロ経済・経済財政運営,主張・提言
keidanren_2008_092.txt,keidanren_2008_092,keidanren,経済団体,第21回 日タイ合同貿易経済委員会 サマリー,2008-11-17,20081117,提言,,公開,https://www.keidanren.or.jp/japanese/policy/2008/092.html,2026-09-07,html_text,通商・国際経済・国際協力,活動記録
keidanren_2008_093.txt,keidanren_2008_093,keidanren,経済団体,2009年版経営労働政策委員会報告 〜労使一丸で難局を乗り越え、さらなる飛躍に挑戦を〜,2008-12-16,20081216,提言,,公開,https://www.keidanren.or.jp/japanese/policy/2008/093.html,2026-09-07,html_text,労働・雇用|中小企業|マクロ経済・経済財政運営,主張・提言
keidanren_2008_094.txt,keidanren_2008_094,keidanren,経済団体,環境にやさしい日中関係をめざして,2008-12-16,20081216,提言,,公開,https://www.keidanren.or.jp/japanese/policy/2008/094.html,2026-09-07,html_text,エネルギー・環境|通商・国際経済・国際協力|産業政策・成長戦略,主張・提言
keidanren_2008_095.pdf,keidanren_2008_095,keidanren,経済団体,2008年年末賞与・一時金 大手企業業種別妥結結果,2008-12-17,20081217,提言,,公開,https://www.keidanren.or.jp/japanese/policy/2008/095.pdf,2026-09-07,ok,労働・雇用,内部調査・会員アンケート
keidanren_2008_096.pdf,keidanren_2008_096,keidanren,経済団体,「2008年1〜6月実施分 昇給、ベースアップ実施状況調査結果」の概要,2008-12-17,20081217,資料,,公開,https://www.keidanren.or.jp/japanese/policy/2008/096.pdf,2026-09-07,ok,労働・雇用,内部調査・会員アンケート
keidanren_2008_099.txt,keidanren_2008_099,keidanren,経済団体,「イノベーションと知財政策に関する研究会」の政策提言（案）に対する意見,2008-06-26,20080626,意見,,公開,https://www.keidanren.or.jp/japanese/policy/2008/099.html,2026-09-07,html_text,イノベーション・科学技術・スタートアップ|産業政策・成長戦略|通商・国際経済・国際協力,主張・提言
keidanren_2008_100.txt,keidanren_2008_100,keidanren,経済団体,文化審議会 著作権分科会 法制問題小委員会 「平成20年度・中間まとめ」に対する意見,2008-11-10,20081110,意見,,公開,https://www.keidanren.or.jp/japanese/policy/2008/100.html,2026-09-07,html_text,イノベーション・科学技術・スタートアップ|デジタル・情報通信|産業政策・成長戦略,主張・提言
keidanren_2008_101.txt,keidanren_2008_101,keidanren,経済団体,知的財産戦略本部・知財による競争力強化専門調査会 知的財産戦略に関する政策レビュー及び第３期基本方針の策定に関する意見,2008-12-25,20081225,意見,,公開,https://www.keidanren.or.jp/japanese/policy/2008/101.html,2026-09-07,html_text,イノベーション・科学技術・スタートアップ|産業政策・成長戦略|通商・国際経済・国際協力,主張・提言
keidanren_2009_001.txt,keidanren_2009_001,keidanren,経済団体,2009年優先政策事項,2009-01-14,20090114,提言,,公開,https://www.keidanren.or.jp/japanese/policy/2009/001.html,2026-09-07,html_text,マクロ経済・経済財政運営|税制・財政|社会保障（年金・医療・介護）,主張・提言
keidanren_2009_002.txt,keidanren_2009_002,keidanren,経済団体,「第２次情報セキュリティ基本計画」(案)に関する意見,2009-01-13,20090113,意見,,公開,https://www.keidanren.or.jp/japanese/policy/2009/002.html,2026-09-07,html_text,デジタル・情報通信|外交・安全保障・経済安全保障|行政改革・規制改革,主張・提言
keidanren_2009_003.txt,keidanren_2009_003,keidanren,経済団体,「重要インフラの情報セキュリティ対策に係る第２次行動計画」(案)に関する意見,2009-01-13,20090113,意見,,公開,https://www.keidanren.or.jp/japanese/policy/2009/003.html,2026-09-07,html_text,デジタル・情報通信|外交・安全保障・経済安全保障,主張・提言
keidanren_2009_004.txt,keidanren_2009_004,keidanren,経済団体,雇用安定・創出に向けた労使共同宣言,2009-01-15,20090115,提言,,公開,https://www.keidanren.or.jp/japanese/policy/2009/004.html,2026-09-07,html_text,労働・雇用|マクロ経済・経済財政運営,主張・提言
keidanren_2009_005.pdf,keidanren_2009_005,keidanren,経済団体,「2007年度 福利厚生費調査結果（第52回）」の概要,2009-01-19,20090119,提言,,公開,https://www.keidanren.or.jp/japanese/policy/2009/005.pdf,2026-09-07,ok,労働・雇用|企業経営・ガバナンス・サステナビリティ,内部調査・会員アンケート
keidanren_2009_007.pdf,keidanren_2009_007,keidanren,経済団体,デジタル化・ネットワーク化時代に対応する複線型著作権法制のあり方,2009-01-20,20090120,提言,,公開,https://www.keidanren.or.jp/japanese/policy/2009/007.pdf,2026-09-07,ok,デジタル・情報通信|産業政策・成長戦略|行政改革・規制改革,主張・提言
keidanren_2009_008.txt,keidanren_2009_008,keidanren,経済団体,金融安定化策の早急な実行を求める,2009-01-20,20090120,提言,,公開,https://www.keidanren.or.jp/japanese/policy/2009/008.html,2026-09-07,html_text,金融・資本市場|マクロ経済・経済財政運営|中小企業,主張・提言
keidanren_2009_010.txt,keidanren_2009_010,keidanren,経済団体,農地制度改革に関する見解 〜食料供給力の強化に向けた農地の確保と有効利用の促進〜,2009-02-13,20090213,提言,,公開,https://www.keidanren.or.jp/japanese/policy/2009/010.html,2026-09-07,html_text,農林水産・食料|税制・財政|中小企業,主張・提言
keidanren_2009_014.pdf,keidanren_2009_014,keidanren,経済団体,技術系留学生の質・量両面の向上に関する報告書,2009-02-17,20090217,報告書,,公開,https://www.keidanren.or.jp/japanese/policy/2009/014.pdf,2026-09-07,ok,人材・教育|イノベーション・科学技術・スタートアップ|通商・国際経済・国際協力,内部調査・会員アンケート
keidanren_2009_015.txt,keidanren_2009_015,keidanren,経済団体,ポスト京都議定書におけるわが国の中期目標に関する考え方,2009-02-17,20090217,提言,,公開,https://www.keidanren.or.jp/japanese/policy/2009/015.html,2026-09-07,html_text,エネルギー・環境|マクロ経済・経済財政運営|通商・国際経済・国際協力,主張・提言
keidanren_2009_016.txt,keidanren_2009_016,keidanren,経済団体,デジタルジャパンの原案等の策定に関する意見,2009-02-22,20090222,意見,,公開,https://www.keidanren.or.jp/japanese/policy/2009/016.html,2026-09-07,html_text,デジタル・情報通信|行政改革・規制改革,主張・提言
keidanren_2009_017.txt,keidanren_2009_017,keidanren,経済団体,COP15への期待 「経済界の代表による気候変動ラウンドテーブル」共同声明,2009-02-18,20090218,提言,,公開,https://www.keidanren.or.jp/japanese/policy/2009/017.html,2026-09-07,html_text,エネルギー・環境|通商・国際経済・国際協力,主張・提言
keidanren_2009_018.txt,keidanren_2009_018,keidanren,経済団体,雇用安定・創出に向けた共同提言,2009-03-03,20090303,提言,,公開,https://www.keidanren.or.jp/japanese/policy/2009/018.html,2026-09-07,html_text,労働・雇用,主張・提言
keidanren_2009_019.txt,keidanren_2009_019,keidanren,経済団体,経済危機からの脱却に向けた緊急提言 〜平成21年度補正予算の早期実行を求める〜,2009-03-09,20090309,提言,,公開,https://www.keidanren.or.jp/japanese/policy/2009/019.html,2026-09-07,html_text,マクロ経済・経済財政運営|労働・雇用|税制・財政,主張・提言
keidanren_2009_020.txt,keidanren_2009_020,keidanren,経済団体,あらゆる保護主義的措置の回避を求める,2009-03-09,20090309,提言,,公開,https://www.keidanren.or.jp/japanese/policy/2009/020.html,2026-09-07,html_text,通商・国際経済・国際協力|マクロ経済・経済財政運営,主張・提言
keidanren_2009_025.pdf,keidanren_2009_025,keidanren,経済団体,「知的財産推進計画2009」の策定に向けて,2009-03-17,20090317,提言,,公開,https://www.keidanren.or.jp/japanese/policy/2009/025/honbun.pdf,2026-09-07,ok,イノベーション・科学技術・スタートアップ|産業政策・成長戦略,主張・提言
keidanren_2009_027.txt,keidanren_2009_027,keidanren,経済団体,雇用安定・創出の実現に向けた政労使合意,2009-03-23,20090323,提言,,公開,https://www.keidanren.or.jp/japanese/policy/2009/027.html,2026-09-07,html_text,労働・雇用|中小企業,主張・提言
keidanren_2009_035.txt,keidanren_2009_035,keidanren,経済団体,イノベーション政策に関する欧州調査 総括,2009-03-25,20090325,提言,,公開,https://www.keidanren.or.jp/japanese/policy/2009/035.html,2026-09-07,html_text,イノベーション・科学技術・スタートアップ|通商・国際経済・国際協力,活動記録
keidanren_2009_039.txt,keidanren_2009_039,keidanren,経済団体,「世界最先端研究支援強化プログラム」(仮称)の執行に係る枠組みのあり方について,2009-04-17,20090417,提言,,公開,https://www.keidanren.or.jp/japanese/policy/2009/039.html,2026-09-07,html_text,イノベーション・科学技術・スタートアップ|産業政策・成長戦略,主張・提言
keidanren_2009_042.txt,keidanren_2009_042,keidanren,経済団体,Ｇ８ビジネス・サミット共同宣言,2009-04-24,20090424,提言,,公開,https://www.keidanren.or.jp/japanese/policy/2009/042.html,2026-09-07,html_text,通商・国際経済・国際協力|金融・資本市場|マクロ経済・経済財政運営,活動記録
keidanren_2009_045.txt,keidanren_2009_045,keidanren,経済団体,宇宙基本計画に関する意見,2009-05-18,20090518,意見,,公開,https://www.keidanren.or.jp/japanese/policy/2009/045.html,2026-09-07,html_text,イノベーション・科学技術・スタートアップ|産業政策・成長戦略|外交・安全保障・経済安全保障,主張・提言
keidanren_2009_048.txt,keidanren_2009_048,keidanren,経済団体,2009年度総会決議 政策を総動員して成長軌道に回帰する,2009-05-28,20090528,提言,,公開,https://www.keidanren.or.jp/japanese/policy/2009/048.html,2026-09-07,html_text,マクロ経済・経済財政運営|産業政策・成長戦略|税制・財政,主張・提言
keidanren_2009_049.pdf,keidanren_2009_049,keidanren,経済団体,2008年夏季・冬季「賞与・一時金調査結果」の概要,2009-06-05,20090605,提言,,公開,https://www.keidanren.or.jp/japanese/policy/2009/049.pdf,2026-09-07,ok,労働・雇用,内部調査・会員アンケート
keidanren_2009_050.txt,keidanren_2009_050,keidanren,経済団体,2008年度 環境自主行動計画第三者評価委員会 評価報告書,2009-04-22,20090422,報告書,,公開,https://www.keidanren.or.jp/japanese/policy/2009/050.html,2026-09-07,html_text,エネルギー・環境|産業政策・成長戦略,外部・第三者資料
keidanren_2009_051.txt,keidanren_2009_051,keidanren,経済団体,「ＩＴＳ無線システムの高度化に関する研究会」報告書（案）に関する意見,2009-05-22,20090522,意見,,公開,https://www.keidanren.or.jp/japanese/policy/2009/051.html,2026-09-07,html_text,デジタル・情報通信|国土・住宅・交通・防災|産業政策・成長戦略,主張・提言
keidanren_2009_052.txt,keidanren_2009_052,keidanren,経済団体,「セキュア・ジャパン２００９」（案）に対する意見,2009-05-29,20090529,意見,,公開,https://www.keidanren.or.jp/japanese/policy/2009/052.html,2026-09-07,html_text,デジタル・情報通信|行政改革・規制改革,主張・提言
keidanren_2009_053.txt,keidanren_2009_053,keidanren,経済団体,ポスト京都議定書におけるわが国の中期目標について,2009-06-08,20090608,提言,,公開,https://www.keidanren.or.jp/japanese/policy/2009/053.html,2026-09-07,html_text,エネルギー・環境|産業政策・成長戦略,主張・提言
keidanren_2009_054.txt,keidanren_2009_054,keidanren,経済団体,産業構造審議会知的財産政策部会技術情報の保護等の在り方に関する小委員会 「営業秘密に係る刑事的措置の見直しの方向性について（案）」に対する意見,2009-01-30,20090130,意見,,公開,https://www.keidanren.or.jp/japanese/policy/2009/054.html,2026-09-07,html_text,産業政策・成長戦略|イノベーション・科学技術・スタートアップ|行政改革・規制改革,主張・提言
keidanren_2009_055.txt,keidanren_2009_055,keidanren,経済団体,審査請求料の納付繰延について（案）に対する意見,2009-03-19,20090319,意見,,公開,https://www.keidanren.or.jp/japanese/policy/2009/055.html,2026-09-07,html_text,イノベーション・科学技術・スタートアップ|産業政策・成長戦略,主張・提言
keidanren_2009_056.txt,keidanren_2009_056,keidanren,経済団体,日本経団連／米国ビジネス・ラウンドテーブル共同声明,2009-06-11,20090611,提言,,公開,https://www.keidanren.or.jp/japanese/policy/2009/056.html,2026-09-07,html_text,通商・国際経済・国際協力|マクロ経済・経済財政運営|エネルギー・環境,主張・提言
keidanren_2009_057.txt,keidanren_2009_057,keidanren,経済団体,2009年度日本経団連規制改革要望 〜国民、企業の潜在能力を最大限発揮するために〜,2009-06-16,20090616,要望,,公開,https://www.keidanren.or.jp/japanese/policy/2009/057.html,2026-09-07,html_text,行政改革・規制改革,主張・提言
keidanren_2009_058.pdf,keidanren_2009_058,keidanren,経済団体,2009年春季労使交渉・大手企業業種別妥結結果,2009-06-19,20090619,提言,,公開,https://www.keidanren.or.jp/japanese/policy/2009/058.pdf,2026-09-07,ok,労働・雇用,内部調査・会員アンケート
keidanren_2009_060.txt,keidanren_2009_060,keidanren,経済団体,IT戦略本部「デジタル新時代への戦略（案）」に関するコメント,2009-06-19,20090619,意見,,公開,https://www.keidanren.or.jp/japanese/policy/2009/060.html,2026-09-07,html_text,デジタル・情報通信|行政改革・規制改革,主張・提言
keidanren_2009_062.txt,keidanren_2009_062,keidanren,経済団体,次期総選挙における各党政権公約に期待する,2009-07-06,20090706,提言,,公開,https://www.keidanren.or.jp/japanese/policy/2009/062.html,2026-09-07,html_text,政治・統治機構・憲法|行政改革・規制改革|マクロ経済・経済財政運営,主張・提言
keidanren_2009_063.txt,keidanren_2009_063,keidanren,経済団体,Ｇ８ビジネス・サミット 共同プレス・リリース,2009-07-07,20090707,提言,,公開,https://www.keidanren.or.jp/japanese/policy/2009/063.html,2026-09-07,html_text,通商・国際経済・国際協力|エネルギー・環境|マクロ経済・経済財政運営,活動記録
keidanren_2009_065.txt,keidanren_2009_065,keidanren,経済団体,総務省情報通信審議会答申(案)「通信・放送の総合的な法体系の在り方」に対するコメント,2009-07-21,20090721,意見,,公開,https://www.keidanren.or.jp/japanese/policy/2009/065.html,2026-09-07,html_text,デジタル・情報通信|行政改革・規制改革,主張・提言
keidanren_2009_066.txt,keidanren_2009_066,keidanren,経済団体,日米ＥＰＡに関する経団連アメリカ委員会・在日米国商工会議所（ＡＣＣＪ）の共同声明,2009-07-21,20090721,提言,,公開,https://www.keidanren.or.jp/japanese/policy/2009/066.html,2026-09-07,html_text,通商・国際経済・国際協力|外交・安全保障・経済安全保障,主張・提言
keidanren_2009_067.txt,keidanren_2009_067,keidanren,経済団体,アピール２００９ ― 日本復活のシナリオ 少子化・高齢化・人口減少社会への対応 ―,2009-07-24,20090724,提言,,公開,https://www.keidanren.or.jp/japanese/policy/2009/067.html,2026-09-07,html_text,こども・子育て・人口|社会保障（年金・医療・介護）|税制・財政,主張・提言
keidanren_2009_069.txt,keidanren_2009_069,keidanren,経済団体,欠損金の繰越期間延長および繰戻還付の復活・延長の早急な実行を求める共同提言,2009-07-29,20090729,提言,,公開,https://www.keidanren.or.jp/japanese/policy/2009/069.html,2026-09-07,html_text,税制・財政|マクロ経済・経済財政運営,主張・提言
keidanren_2009_071.pdf,keidanren_2009_071,keidanren,経済団体,2009年夏季賞与・一時金 大手企業業種別妥結結果,2009-07-31,20090731,提言,,公開,https://www.keidanren.or.jp/japanese/policy/2009/071.pdf,2026-09-07,ok,労働・雇用,内部調査・会員アンケート
keidanren_2009_072.pdf,keidanren_2009_072,keidanren,経済団体,2009年春季労使交渉・中小企業業種別妥結結果,2009-07-31,20090731,提言,,公開,https://www.keidanren.or.jp/japanese/policy/2009/072.pdf,2026-09-07,ok,労働・雇用|中小企業,内部調査・会員アンケート
keidanren_2009_073.txt,keidanren_2009_073,keidanren,経済団体,IGF（インターネット・ガバナンス・フォーラム）Sharm El Sheikh会合への意見,2009-08-07,20090807,意見,,公開,https://www.keidanren.or.jp/japanese/policy/2009/073.html,2026-09-07,html_text,デジタル・情報通信|通商・国際経済・国際協力,主張・提言
keidanren_2009_074.txt,keidanren_2009_074,keidanren,経済団体,新内閣に望む,2009-09-15,20090915,提言,,公開,https://www.keidanren.or.jp/japanese/policy/2009/074.html,2026-09-07,html_text,マクロ経済・経済財政運営|税制・財政|社会保障（年金・医療・介護）,主張・提言
keidanren_2009_076.pdf,keidanren_2009_076,keidanren,経済団体,2009年人事・労務に関するトップ・マネジメント調査結果,2009-09-25,20090925,提言,,公開,https://www.keidanren.or.jp/japanese/policy/2009/076.pdf,2026-09-07,ok,労働・雇用|人材・教育,内部調査・会員アンケート
keidanren_2009_078.txt,keidanren_2009_078,keidanren,経済団体,エネルギー安全保障と気候変動に関する主要経済国ビジネス・フォーラム共同宣言,2009-09-22,20090922,提言,,公開,https://www.keidanren.or.jp/japanese/policy/2009/078.html,2026-09-07,html_text,エネルギー・環境|通商・国際経済・国際協力,主張・提言
keidanren_2009_080.pdf,keidanren_2009_080,keidanren,経済団体,「2009年1〜6月実施分 昇給、ベースアップ実施状況調査結果」の概要,2009-10-08,20091008,資料,,公開,https://www.keidanren.or.jp/japanese/policy/2009/080.pdf,2026-09-07,ok,労働・雇用,内部調査・会員アンケート
keidanren_2009_081.txt,keidanren_2009_081,keidanren,経済団体,2009年日中韓ビジネス・サミット共同宣言,2009-10-10,20091010,提言,,公開,https://www.keidanren.or.jp/japanese/policy/2009/081.html,2026-09-07,html_text,通商・国際経済・国際協力|エネルギー・環境|外交・安全保障・経済安全保障,主張・提言
keidanren_2009_082.txt,keidanren_2009_082,keidanren,経済団体,2009年政策評価について,2009-10-13,20091013,提言,,公開,https://www.keidanren.or.jp/japanese/policy/2009/082.html,2026-09-07,html_text,政治・統治機構・憲法,主張・提言
keidanren_2009_085.txt,keidanren_2009_085,keidanren,経済団体,日ＧＣＣ自由貿易協定の締結に関する要望,2009-10-20,20091020,要望,,公開,https://www.keidanren.or.jp/japanese/policy/2009/085.html,2026-09-07,html_text,通商・国際経済・国際協力|外交・安全保障・経済安全保障|金融・資本市場,主張・提言
keidanren_2009_087.txt,keidanren_2009_087,keidanren,経済団体,大学卒業予定者・大学院修士課程修了予定者等の採用選考に関する企業の倫理憲章,2009-10-20,20091020,提言,,公開,https://www.keidanren.or.jp/japanese/policy/2009/087.html,2026-09-07,html_text,人材・教育|労働・雇用,主張・提言
keidanren_2009_089.txt,keidanren_2009_089,keidanren,経済団体,グローバル・サービス・サミット Global Services Coalition プレスリリース,2009-10-14,20091014,提言,,公開,https://www.keidanren.or.jp/japanese/policy/2009/089.html,2026-09-07,html_text,通商・国際経済・国際協力|産業政策・成長戦略,外部・第三者資料
keidanren_2009_090.txt,keidanren_2009_090,keidanren,経済団体,平成22年度住宅・土地税制改正に対する要望,2009-07-30,20090730,要望,,公開,https://www.keidanren.or.jp/japanese/policy/2009/090.html,2026-09-07,html_text,税制・財政|国土・住宅・交通・防災,主張・提言
keidanren_2009_091.pdf,keidanren_2009_091,keidanren,経済団体,国際会計基準(IFRS)に関する豪州調査報告,2009-10-01,20091001,提言,,公開,https://www.keidanren.or.jp/japanese/policy/2009/091.pdf,2026-09-07,ok,金融・資本市場|通商・国際経済・国際協力,活動記録
keidanren_2009_093.txt,keidanren_2009_093,keidanren,経済団体,平成22年度診療報酬改定に関する要請,2009-11-06,20091106,提言,,公開,https://www.keidanren.or.jp/japanese/policy/2009/093.html,2026-09-07,html_text,社会保障（年金・医療・介護）|税制・財政,主張・提言
keidanren_2009_094.txt,keidanren_2009_094,keidanren,経済団体,経済危機からの脱却と持続的な成長の実現に向けた金融のあり方,2009-11-09,20091109,提言,,公開,https://www.keidanren.or.jp/japanese/policy/2009/094.html,2026-09-07,html_text,金融・資本市場|マクロ経済・経済財政運営|税制・財政,主張・提言
keidanren_2009_101.pdf,keidanren_2009_101,keidanren,経済団体,環境自主行動計画〔温暖化対策編〕2009年度フォローアップ結果,2009-11-17,20091117,提言,,公開,https://www.keidanren.or.jp/japanese/policy/2009/101/honbun.pdf,2026-09-07,ok,エネルギー・環境|産業政策・成長戦略,内部調査・会員アンケート
keidanren_2009_104.txt,keidanren_2009_104,keidanren,経済団体,平成22年度診療報酬改定に関する1号側（支払側）の基本的考え方,2009-11-25,20091125,提言,,公開,https://www.keidanren.or.jp/japanese/policy/2009/104.html,2026-09-07,html_text,社会保障（年金・医療・介護）,主張・提言
keidanren_2009_110.txt,keidanren_2009_110,keidanren,経済団体,協会けんぽの国庫補助の拡充について,2009-12-15,20091215,提言,,公開,https://www.keidanren.or.jp/japanese/policy/2009/110.html,2026-09-07,html_text,社会保障（年金・医療・介護）|税制・財政,主張・提言
keidanren_2009_111.pdf,keidanren_2009_111,keidanren,経済団体,会計監査人の選任、監査報酬の決定に関するアンケート調査結果,2009-12-15,20091215,資料,,公開,https://www.keidanren.or.jp/japanese/policy/2009/111.pdf,2026-09-07,ok,企業経営・ガバナンス・サステナビリティ,内部調査・会員アンケート
keidanren_2009_112.pdf,keidanren_2009_112,keidanren,経済団体,2009年年末賞与・一時金 大手企業業種別妥結結果,2009-12-18,20091218,提言,,公開,https://www.keidanren.or.jp/japanese/policy/2009/112.pdf,2026-09-07,ok,労働・雇用,内部調査・会員アンケート
keidanren_2009_114.pdf,keidanren_2009_114,keidanren,経済団体,地域主権と道州制を推進する国民会議 大会宣言,2009-12-17,20091217,提言,,公開,https://www.keidanren.or.jp/japanese/policy/2009/114.pdf,2026-09-07,ok,行政改革・規制改革|地域経済・観光・地方創生|政治・統治機構・憲法,主張・提言
keidanren_2009_115.pdf,keidanren_2009_115,keidanren,経済団体,「2008年度 福利厚生費調査結果（第53回）」の概要,2009-12-22,20091222,提言,,公開,https://www.keidanren.or.jp/japanese/policy/2009/115.pdf,2026-09-07,ok,労働・雇用|企業経営・ガバナンス・サステナビリティ,内部調査・会員アンケート
keidanren_2009_116.txt,keidanren_2009_116,keidanren,経済団体,「ＰＦＩに関する公開意見募集」に対する意見,2009-12-25,20091225,意見,,公開,https://www.keidanren.or.jp/japanese/policy/2009/116.html,2026-09-07,html_text,国土・住宅・交通・防災|行政改革・規制改革|金融・資本市場,主張・提言
keidanren_2009_117.txt,keidanren_2009_117,keidanren,経済団体,「地球温暖化対策の基本法の制定に向けたメッセージ」に対する意見,2009-12-28,20091228,意見,,公開,https://www.keidanren.or.jp/japanese/policy/2009/117.html,2026-09-07,html_text,エネルギー・環境|産業政策・成長戦略|通商・国際経済・国際協力,主張・提言
keidanren_2009_118.pdf,keidanren_2009_118,keidanren,経済団体,会社法施行規則及び会社計算規則による株式会社の各種書類のひな型（改訂版）,2009-12-28,20091228,提言,,公開,https://www.keidanren.or.jp/japanese/policy/2009/118.pdf,2026-09-07,ok,企業経営・ガバナンス・サステナビリティ,主張・提言
keidanren_2009_119.txt,keidanren_2009_119,keidanren,経済団体,日本経団連ASEANミッションに関する御手洗会長報告,2009-12-07,20091207,提言,,公開,https://www.keidanren.or.jp/japanese/policy/2009/119.html,2026-09-07,html_text,通商・国際経済・国際協力|地域経済・観光・地方創生,活動記録
keidanren_2009_120.pdf,keidanren_2009_120,keidanren,経済団体,主要経済国ビジネス・フォーラム共同宣言 − ビジネスが問題解決に貢献できるよう、気候変動の各国交渉者は、明確で予見可能な戦略にコミットすべき −,2009-12-15,20091215,提言,,公開,https://www.keidanren.or.jp/english/policy/2009/120.pdf,2026-09-07,ok,エネルギー・環境|通商・国際経済・国際協力,主張・提言
keidanren_2009_121.txt,keidanren_2009_121,keidanren,経済団体,消費者問題に対する経団連の基本的な考え方,2009-09-15,20090915,提言,,公開,https://www.keidanren.or.jp/japanese/policy/2009/121.html,2026-09-07,html_text,企業経営・ガバナンス・サステナビリティ|行政改革・規制改革,主張・提言
keidanren_2010_001.txt,keidanren_2010_001,keidanren,経済団体,「企業の倫理憲章」の趣旨実現をめざす共同宣言について,2010-01-08,20100108,提言,,公開,https://www.keidanren.or.jp/japanese/policy/2010/001.html,2026-09-07,html_text,労働・雇用|人材・教育,主張・提言
keidanren_2010_002.txt,keidanren_2010_002,keidanren,経済団体,2010年の重要政策課題,2010-01-12,20100112,提言,,公開,https://www.keidanren.or.jp/japanese/policy/2010/002.html,2026-09-07,html_text,マクロ経済・経済財政運営|税制・財政|社会保障（年金・医療・介護）,主張・提言
keidanren_2010_003.txt,keidanren_2010_003,keidanren,経済団体,第二次ASEANミッション（インドネシア）に関する御手洗団長所見,2010-01-12,20100112,提言,,公開,https://www.keidanren.or.jp/japanese/policy/2010/003.html,2026-09-07,html_text,通商・国際経済・国際協力|産業政策・成長戦略|エネルギー・環境,主張・提言
keidanren_2010_004.txt,keidanren_2010_004,keidanren,経済団体,2010年版経営労働政策委員会報告 〜危機を克服し、新たな成長を切り拓く〜,2010-01-19,20100119,提言,,公開,https://www.keidanren.or.jp/japanese/policy/2010/004.html,2026-09-07,html_text,労働・雇用|人材・教育|マクロ経済・経済財政運営,主張・提言
keidanren_2010_005.pdf,keidanren_2010_005,keidanren,経済団体,産業構造の将来像 −新しい時代を「つくる」戦略−,2010-01-19,20100119,提言,,公開,https://www.keidanren.or.jp/japanese/policy/2010/005.pdf,2026-09-07,ok,産業政策・成長戦略|イノベーション・科学技術・スタートアップ|マクロ経済・経済財政運営,主張・提言
keidanren_2010_006.txt,keidanren_2010_006,keidanren,経済団体,若年者の雇用安定に関する共同声明,2010-01-26,20100126,提言,,公開,https://www.keidanren.or.jp/japanese/policy/2010/006.html,2026-09-07,html_text,労働・雇用|人材・教育,主張・提言
keidanren_2010_010.txt,keidanren_2010_010,keidanren,経済団体,地球温暖化対策基本法案に関する意見,2010-02-23,20100223,意見,,公開,https://www.keidanren.or.jp/japanese/policy/2010/010.html,2026-09-07,html_text,エネルギー・環境|マクロ経済・経済財政運営|税制・財政,主張・提言
keidanren_2010_011.txt,keidanren_2010_011,keidanren,経済団体,社会保障と税の共通番号制度について,2010-02-18,20100218,提言,,公開,https://www.keidanren.or.jp/japanese/policy/2010/011.html,2026-09-07,html_text,デジタル・情報通信|社会保障（年金・医療・介護）|税制・財政,主張・提言
keidanren_2010_012.txt,keidanren_2010_012,keidanren,経済団体,第４次出入国管理基本計画（案）に対する意見,2010-03-05,20100305,意見,,公開,https://www.keidanren.or.jp/japanese/policy/2010/012.html,2026-09-07,html_text,労働・雇用|人材・教育|社会保障（年金・医療・介護）,主張・提言
keidanren_2010_015.pdf,keidanren_2010_015,keidanren,経済団体,国際会計基準(IFRS)に関するインド・シンガポールミッション報告,2010-03-01,20100301,提言,,公開,https://www.keidanren.or.jp/japanese/policy/2010/015.pdf,2026-09-07,ok,通商・国際経済・国際協力|金融・資本市場|企業経営・ガバナンス・サステナビリティ,活動記録
keidanren_2010_016.txt,keidanren_2010_016,keidanren,経済団体,アジア・ビジネス・サミット共同声明 〜アジアの持続的成長により世界の繁栄を築く〜,2010-03-15,20100315,提言,,公開,https://www.keidanren.or.jp/japanese/policy/2010/016.html,2026-09-07,html_text,通商・国際経済・国際協力|エネルギー・環境|金融・資本市場,主張・提言
keidanren_2010_022.pdf,keidanren_2010_022,keidanren,経済団体,起業創造委員会報告書 「新産業・新事業創出プロジェクトの推進に向けて」2009年度報告,2010-03-16,20100316,報告書,,公開,https://www.keidanren.or.jp/japanese/policy/2010/022.pdf,2026-09-07,ok,産業政策・成長戦略|イノベーション・科学技術・スタートアップ|エネルギー・環境,活動記録
keidanren_2010_023.txt,keidanren_2010_023,keidanren,経済団体,生物多様性条約における「遺伝資源へのアクセスと利益配分」に対する基本的な考え方,2010-03-16,20100316,提言,,公開,https://www.keidanren.or.jp/japanese/policy/2010/023.html,2026-09-07,html_text,通商・国際経済・国際協力|イノベーション・科学技術・スタートアップ|エネルギー・環境,主張・提言
keidanren_2010_024.txt,keidanren_2010_024,keidanren,経済団体,産業構造審議会 知的財産政策部会 技術情報の保護等の在り方に関する小委員会 営業秘密の管理に関するワーキンググループ 「営業秘密管理指針の再改訂（案）」に対する意見,2010-03-18,20100318,意見,,公開,https://www.keidanren.or.jp/japanese/policy/2010/024.html,2026-09-07,html_text,イノベーション・科学技術・スタートアップ|産業政策・成長戦略|中小企業,主張・提言
keidanren_2010_027.txt,keidanren_2010_027,keidanren,経済団体,新たな情報通信技術戦略の策定に関するコメント,2010-04-09,20100409,意見,,公開,https://www.keidanren.or.jp/japanese/policy/2010/027.html,2026-09-07,html_text,デジタル・情報通信|社会保障（年金・医療・介護）|エネルギー・環境,主張・提言
keidanren_2010_031.pdf,keidanren_2010_031,keidanren,経済団体,「2009年夏季・冬季 賞与・一時金調査結果」の概要,2010-04-15,20100415,提言,,公開,https://www.keidanren.or.jp/japanese/policy/2010/031.pdf,2026-09-07,ok,労働・雇用,内部調査・会員アンケート
keidanren_2010_036.pdf,keidanren_2010_036,keidanren,経済団体,日・EU定期首脳協議：今こそEIA交渉を開始すべき,2010-04-20,20100420,提言,,公開,https://www.keidanren.or.jp/japanese/policy/2010/036.pdf,2026-09-07,ok,通商・国際経済・国際協力,主張・提言
keidanren_2010_039.pdf,keidanren_2010_039,keidanren,経済団体,2009年度 環境自主行動計画第三者評価委員会 評価報告書,2010-04-27,20100427,報告書,,公開,https://www.keidanren.or.jp/japanese/policy/2010/039.pdf,2026-09-07,ok,エネルギー・環境|産業政策・成長戦略,内部調査・会員アンケート
keidanren_2010_040.txt,keidanren_2010_040,keidanren,経済団体,高齢者医療制度の再構築に向けて,2010-04-27,20100427,提言,,公開,https://www.keidanren.or.jp/japanese/policy/2010/040.html,2026-09-07,html_text,社会保障（年金・医療・介護）,主張・提言
keidanren_2010_041.txt,keidanren_2010_041,keidanren,経済団体,Ｇ８ビジネス・サミット共同宣言,2010-04-28,20100428,提言,,公開,https://www.keidanren.or.jp/japanese/policy/2010/041.html,2026-09-07,html_text,通商・国際経済・国際協力|マクロ経済・経済財政運営|エネルギー・環境,主張・提言
keidanren_2010_042.txt,keidanren_2010_042,keidanren,経済団体,経団連訪中ミッション団長所見,2010-05-13,20100513,提言,,公開,https://www.keidanren.or.jp/japanese/policy/2010/042.html,2026-09-07,html_text,通商・国際経済・国際協力|エネルギー・環境|外交・安全保障・経済安全保障,活動記録
keidanren_2010_059.txt,keidanren_2010_059,keidanren,経済団体,エネルギー基本計画見直しについての意見,2010-04-07,20100407,意見,,公開,https://www.keidanren.or.jp/japanese/policy/2010/059.html,2026-09-07,html_text,エネルギー・環境|イノベーション・科学技術・スタートアップ|税制・財政,主張・提言
keidanren_1996_p115.txt,keidanren_1996_p115,keidanren,経済団体,ＷＴＯシンガポール閣僚会議（1996年12月9日〜13日）に関する経団連と欧州産業連盟の共同声明,1996-12-13,19961213,提言,,公開,https://www.keidanren.or.jp/japanese/policy/pol115.html,2026-09-07,html_text,通商・国際経済・国際協力,主張・提言
keidanren_1996_p116.txt,keidanren_1996_p116,keidanren,経済団体,産業毎の環境自主行動計画,1996-12-17,19961217,提言,,公開,https://www.keidanren.or.jp/japanese/policy/pol116/index.html,2026-09-07,html_text,エネルギー・環境|産業政策・成長戦略,主張・提言
keidanren_1997_p123.txt,keidanren_1997_p123,keidanren,経済団体,97年3月末の規制緩和推進計画の改定において実現頂きたい事項,1997-03-12,19970312,提言,,公開,https://www.keidanren.or.jp/japanese/policy/pol123.html,2026-09-07,html_text,行政改革・規制改革|金融・資本市場|国土・住宅・交通・防災,主張・提言
keidanren_1997_p145.txt,keidanren_1997_p145,keidanren,経済団体,農業基本法の見直しに関する提言,1997-09-01,19970901,提言,,公開,https://www.keidanren.or.jp/japanese/policy/pol145/index.html,2026-09-07,html_text,農林水産・食料|行政改革・規制改革,主張・提言
keidanren_1997_p157.txt,keidanren_1997_p157,keidanren,経済団体,企業年金制度の抜本改革を求める 〜自由な人生設計と豊かな老後のために〜,1997-12-11,19971211,提言,,公開,https://www.keidanren.or.jp/japanese/policy/pol157/index.html,2026-09-07,html_text,社会保障（年金・医療・介護）|税制・財政,主張・提言
keidanren_1998_p158.txt,keidanren_1998_p158,keidanren,経済団体,豊かさと活力を生むための社会資本整備を 〜公共事業の審査・優先順位づけ、執行、評価・見直しのルール化〜,1998-01-13,19980113,提言,,公開,https://www.keidanren.or.jp/japanese/policy/pol158/index.html,2026-09-07,html_text,国土・住宅・交通・防災|行政改革・規制改革|マクロ経済・経済財政運営,主張・提言
keidanren_1998_p183.txt,keidanren_1998_p183,keidanren,経済団体,国民が信頼できる公的年金制度の再構築を,1998-07-21,19980721,提言,,公開,https://www.keidanren.or.jp/japanese/policy/pol183/index.html,2026-09-07,html_text,社会保障（年金・医療・介護）|税制・財政,主張・提言
keidanren_1998_p195.txt,keidanren_1998_p195,keidanren,経済団体,確定拠出型企業年金制度の導入を求める 〜多様な設計を認め魅力ある制度に〜,1998-09-17,19980917,提言,,公開,https://www.keidanren.or.jp/japanese/policy/pol195/index.html,2026-09-07,html_text,社会保障（年金・医療・介護）|税制・財政,主張・提言
keidanren_1998_p198.txt,keidanren_1998_p198,keidanren,経済団体,提言「ＰＦＩの推進に向けて」 −市場原理を活用した社会資本整備と構造改革の実現−,1998-09-22,19980922,提言,,公開,https://www.keidanren.or.jp/japanese/policy/pol198/index.html,2026-09-07,html_text,国土・住宅・交通・防災|行政改革・規制改革|産業政策・成長戦略,主張・提言
keidanren_1998_p199.txt,keidanren_1998_p199,keidanren,経済団体,わが国のエネルギーをめぐる情勢と課題 −省エネルギー型社会の実現に向けて−,1998-09-22,19980922,提言,,公開,https://www.keidanren.or.jp/japanese/policy/pol199/index.html,2026-09-07,html_text,エネルギー・環境,主張・提言
keidanren_1998_p204.txt,keidanren_1998_p204,keidanren,経済団体,証券等健全化機構(仮称)の創設について,1998-10-19,19981019,提言,,公開,https://www.keidanren.or.jp/japanese/policy/pol204.html,2026-09-07,html_text,金融・資本市場|税制・財政|企業経営・ガバナンス・サステナビリティ,主張・提言
keidanren_1998_p206.txt,keidanren_1998_p206,keidanren,経済団体,ＡＰＥＣ活動に対する期待と提言,1998-10-20,19981020,提言,,公開,https://www.keidanren.or.jp/japanese/policy/pol206.html,2026-09-07,html_text,通商・国際経済・国際協力|金融・資本市場|マクロ経済・経済財政運営,主張・提言
keidanren_1998_p210.txt,keidanren_1998_p210,keidanren,経済団体,戦略的な産業技術政策の確立に向けて,1998-11-17,19981117,提言,,公開,https://www.keidanren.or.jp/japanese/policy/pol210/index.html,2026-09-07,html_text,イノベーション・科学技術・スタートアップ|産業政策・成長戦略|行政改革・規制改革,主張・提言
keidanren_1998_p215.txt,keidanren_1998_p215,keidanren,経済団体,経団連 産業競争力強化に向けた提言 −第１回 国際競争上のイコールフッティングを求める−,1998-12-15,19981215,提言,,公開,https://www.keidanren.or.jp/japanese/policy/pol215/index.html,2026-09-07,html_text,産業政策・成長戦略|国土・住宅・交通・防災|行政改革・規制改革,主張・提言
keidanren_1999_p255.txt,keidanren_1999_p255,keidanren,経済団体,第2回経団連環境自主行動計画フォローアップ結果について ― 温暖化対策編 ―,1999-11-24,19991124,提言,,公開,https://www.keidanren.or.jp/japanese/policy/pol255/index.html,2026-09-07,html_text,エネルギー・環境|産業政策・成長戦略,内部調査・会員アンケート
keidanren_2000_002.txt,keidanren_2000_002,keidanren,経済団体,「医療・福祉分野の市場創造・拡大へ向けて」,2000-01-25,20000125,提言,,公開,https://www.keidanren.or.jp/japanese/policy/2000/002/index.html,2026-09-07,html_text,社会保障（年金・医療・介護）|行政改革・規制改革,主張・提言
keidanren_2000_013.txt,keidanren_2000_013,keidanren,経済団体,グローバル化時代の人材育成について,2000-03-28,20000328,提言,,公開,https://www.keidanren.or.jp/japanese/policy/2000/013/index.html,2026-09-07,html_text,人材・教育|労働・雇用|産業政策・成長戦略,主張・提言
keidanren_2000_018.txt,keidanren_2000_018,keidanren,経済団体,ペーパーワーク負担の実態と改善方策に関する調査報告,2000-04-18,20000418,提言,,公開,https://www.keidanren.or.jp/japanese/policy/2000/018/index.html,2026-09-07,html_text,行政改革・規制改革,内部調査・会員アンケート
keidanren_2000_019.txt,keidanren_2000_019,keidanren,経済団体,需要と供給の新しい好循環の実現に向けた提言 −21世紀型リーディング産業・分野の創出−,2000-05-16,20000516,提言,,公開,https://www.keidanren.or.jp/japanese/policy/2000/019/index.html,2026-09-07,html_text,産業政策・成長戦略|デジタル・情報通信|マクロ経済・経済財政運営,主張・提言
keidanren_2000_020.txt,keidanren_2000_020,keidanren,経済団体,少子高齢化に対応した新たな成長戦略の確立に向けて −今後の四半世紀における日本経済の展望と課題−,2000-05-16,20000516,提言,,公開,https://www.keidanren.or.jp/japanese/policy/2000/020/index.html,2026-09-07,html_text,マクロ経済・経済財政運営|こども・子育て・人口|産業政策・成長戦略,主張・提言
keidanren_2000_025.txt,keidanren_2000_025,keidanren,経済団体,ＩＴ立国に向けた提言 ―デジタル・オポチュニティ活用のために―,2000-05-29,20000529,提言,,公開,https://www.keidanren.or.jp/japanese/policy/2000/025/index.html,2026-09-07,html_text,デジタル・情報通信|行政改革・規制改革|イノベーション・科学技術・スタートアップ,主張・提言
keidanren_2000_029.txt,keidanren_2000_029,keidanren,経済団体,経団連 宇宙政策ビジョン わが国宇宙開発・利用体制の改革と宇宙利用フロンティアの拡大,2000-06-20,20000620,提言,,公開,https://www.keidanren.or.jp/japanese/policy/2000/029/index.html,2026-09-07,html_text,イノベーション・科学技術・スタートアップ|産業政策・成長戦略|デジタル・情報通信,主張・提言
keidanren_2000_036.txt,keidanren_2000_036,keidanren,経済団体,わが国の強みを活かしたバイオ産業の健全な発展に向けて,2000-07-18,20000718,提言,,公開,https://www.keidanren.or.jp/japanese/policy/2000/036/index.html,2026-09-07,html_text,イノベーション・科学技術・スタートアップ|産業政策・成長戦略,主張・提言
keidanren_2000_037.txt,keidanren_2000_037,keidanren,経済団体,「一つ」の電子政府実現に向けた提言 ―デジタル・オポチュニティを個人・企業・社会に開くために―,2000-08-02,20000802,提言,,公開,https://www.keidanren.or.jp/japanese/policy/2000/037/index.html,2026-09-07,html_text,デジタル・情報通信|行政改革・規制改革|国土・住宅・交通・防災,主張・提言
keidanren_2000_042.txt,keidanren_2000_042,keidanren,経済団体,ＩＴ化に対応した取引ルール整備に向けた中間提言,2000-09-14,20000914,提言,,公開,https://www.keidanren.or.jp/japanese/policy/2000/042/index.html,2026-09-07,html_text,デジタル・情報通信|行政改革・規制改革|産業政策・成長戦略,主張・提言
keidanren_2000_043.txt,keidanren_2000_043,keidanren,経済団体,電気通信分野における競争促進法の早期実現に向けて,2000-09-14,20000914,提言,,公開,https://www.keidanren.or.jp/japanese/policy/2000/043/index.html,2026-09-07,html_text,デジタル・情報通信|行政改革・規制改革,主張・提言
keidanren_2000_051.txt,keidanren_2000_051,keidanren,経済団体,21世紀のわが国観光のあり方に関する提言 −新しい国づくりのために−,2000-10-17,20001017,提言,,公開,https://www.keidanren.or.jp/japanese/policy/2000/051/index.html,2026-09-07,html_text,地域経済・観光・地方創生|国土・住宅・交通・防災|行政改革・規制改革,主張・提言
keidanren_2000_055.txt,keidanren_2000_055,keidanren,経済団体,第３回経団連環境自主行動計画フォローアップ結果について ― 温暖化対策編 ―,2000-11-02,20001102,提言,,公開,https://www.keidanren.or.jp/japanese/policy/2000/055/index.html,2026-09-07,html_text,エネルギー・環境|産業政策・成長戦略,内部調査・会員アンケート
keidanren_2000_057.txt,keidanren_2000_057,keidanren,経済団体,保険者機能の強化への取組みと高齢者医療制度の創設,2000-11-14,20001114,提言,,公開,https://www.keidanren.or.jp/japanese/policy/2000/057/index.html,2026-09-07,html_text,社会保障（年金・医療・介護）|税制・財政,主張・提言
keidanren_2001_004.txt,keidanren_2001_004,keidanren,経済団体,産業廃棄物最終処分量削減目標の達成状況について ―経団連環境自主行動計画 第３回フォローアップ結果（廃棄物対策編）―,2001-01-30,20010130,資料,,公開,https://www.keidanren.or.jp/japanese/policy/2001/004.html,2026-09-07,html_text,エネルギー・環境|産業政策・成長戦略,内部調査・会員アンケート
keidanren_2001_005.txt,keidanren_2001_005,keidanren,経済団体,2000年度 経団連環境自主行動計画・温暖化対策 要約版,2001-01-26,20010126,提言,,公開,https://www.keidanren.or.jp/japanese/policy/2001/005/index.html,2026-09-07,html_text,エネルギー・環境|産業政策・成長戦略,内部調査・会員アンケート
keidanren_2001_009.txt,keidanren_2001_009,keidanren,経済団体,特殊法人等の抜本改革を求める,2001-02-20,20010220,提言,,公開,https://www.keidanren.or.jp/japanese/policy/2001/009/index.html,2026-09-07,html_text,行政改革・規制改革|社会保障（年金・医療・介護）,主張・提言
keidanren_2001_010.txt,keidanren_2001_010,keidanren,経済団体,「e-Japan戦略」実現に向けた提言 ―「やるべきこと」を迅速に実現する「重点計画」を求める―,2001-02-20,20010220,提言,,公開,https://www.keidanren.or.jp/japanese/policy/2001/010/index.html,2026-09-07,html_text,デジタル・情報通信|行政改革・規制改革|産業政策・成長戦略,主張・提言
keidanren_2001_013.txt,keidanren_2001_013,keidanren,経済団体,企業会計制度に関する提言,2001-03-27,20010327,提言,,公開,https://www.keidanren.or.jp/japanese/policy/2001/013/index.html,2026-09-07,html_text,企業経営・ガバナンス・サステナビリティ|金融・資本市場,主張・提言
keidanren_2001_015.txt,keidanren_2001_015,keidanren,経済団体,地域産業集積調査結果の公表,2001-03-26,20010326,提言,,公開,https://www.keidanren.or.jp/japanese/policy/2001/015.html,2026-09-07,html_text,地域経済・観光・地方創生|産業政策・成長戦略,活動記録
keidanren_2001_025.txt,keidanren_2001_025,keidanren,経済団体,エネルギー政策の重点課題に関する見解 ―安定供給の確保と環境・経済との調和―,2001-05-22,20010522,提言,,公開,https://www.keidanren.or.jp/japanese/policy/2001/025.html,2026-09-07,html_text,エネルギー・環境|産業政策・成長戦略|行政改革・規制改革,主張・提言
keidanren_2001_028.txt,keidanren_2001_028,keidanren,経済団体,科学技術戦略の変革に向けて,2001-06-11,20010611,提言,,公開,https://www.keidanren.or.jp/japanese/policy/2001/028.html,2026-09-07,html_text,イノベーション・科学技術・スタートアップ|産業政策・成長戦略|人材・教育,主張・提言
keidanren_2001_029.txt,keidanren_2001_029,keidanren,経済団体,戦略的な通商政策の策定と実施を求める 〜「通商立国」日本のグランドデザイン〜,2001-06-14,20010614,提言,,公開,https://www.keidanren.or.jp/japanese/policy/2001/029.html,2026-09-07,html_text,通商・国際経済・国際協力|産業政策・成長戦略,主張・提言
keidanren_2001_033.txt,keidanren_2001_033,keidanren,経済団体,ＷＴＯ新ラウンド交渉立ち上げにあたっての基本的立場,2001-07-17,20010717,提言,,公開,https://www.keidanren.or.jp/japanese/policy/2001/033.html,2026-09-07,html_text,通商・国際経済・国際協力|産業政策・成長戦略,主張・提言
keidanren_2001_037.txt,keidanren_2001_037,keidanren,経済団体,今後のメディア制度の課題（中間報告）,2001-09-13,20010913,提言,,公開,https://www.keidanren.or.jp/japanese/policy/2001/037/index.html,2026-09-07,html_text,デジタル・情報通信|行政改革・規制改革,主張・提言
keidanren_2001_038.txt,keidanren_2001_038,keidanren,経済団体,2001年６月商法改正に伴う「株式会社の貸借対照表、損益計算書、営業報告書及び附属明細書に関する規則」の改正に関するコメント,2001-08-29,20010829,意見,,公開,https://www.keidanren.or.jp/japanese/policy/2001/038.html,2026-09-07,html_text,企業経営・ガバナンス・サステナビリティ|税制・財政,主張・提言
keidanren_2001_044.txt,keidanren_2001_044,keidanren,経済団体,2001年度経団連規制改革要望 −経済社会の構造改革と行政改革の断行に向けて−,2001-10-16,20011016,要望,,公開,https://www.keidanren.or.jp/japanese/policy/2001/044/mokuji.html,2026-09-07,html_text,行政改革・規制改革|農林水産・食料|労働・雇用,主張・提言
keidanren_2001_047.txt,keidanren_2001_047,keidanren,経済団体,利用者利益の最大化に向けて −「事業規制法」から「競争促進法」へ−,2001-08-29,20010829,提言,,公開,https://www.keidanren.or.jp/japanese/policy/2001/047/index.html,2026-09-07,html_text,デジタル・情報通信|行政改革・規制改革,主張・提言
keidanren_2001_048.txt,keidanren_2001_048,keidanren,経済団体,国際競争力強化に向けたわが国の産学官連携の推進 〜産学官連携に向けた課題と推進策〜,2001-10-16,20011016,提言,,公開,https://www.keidanren.or.jp/japanese/policy/2001/048/index.html,2026-09-07,html_text,イノベーション・科学技術・スタートアップ|人材・教育|産業政策・成長戦略,主張・提言
keidanren_2001_051.txt,keidanren_2001_051,keidanren,経済団体,第４回経団連環境自主行動計画フォローアップ結果について ― 温暖化対策編 ―,2001-10-19,20011019,提言,,公開,https://www.keidanren.or.jp/japanese/policy/2001/051/index.html,2026-09-07,html_text,エネルギー・環境|産業政策・成長戦略,内部調査・会員アンケート
keidanren_2002_008.txt,keidanren_2002_008,keidanren,経済団体,産業廃棄物最終処分量削減目標の達成状況について ―経団連環境自主行動計画 第４回フォローアップ結果（廃棄物対策編）―,2002-02-08,20020208,資料,,公開,https://www.keidanren.or.jp/japanese/policy/2002/008.html,2026-09-07,html_text,エネルギー・環境|産業政策・成長戦略,内部調査・会員アンケート
keidanren_2002_009.txt,keidanren_2002_009,keidanren,経済団体,税制抜本改革のあり方について,2002-02-19,20020219,提言,,公開,https://www.keidanren.or.jp/japanese/policy/2002/009/index.html,2026-09-07,html_text,税制・財政|マクロ経済・経済財政運営|社会保障（年金・医療・介護）,主張・提言
keidanren_2002_010.txt,keidanren_2002_010,keidanren,経済団体,証券取引法施行令の改正案に対するコメント −金融庁 社債等登録法施行令等の一部を改正する政令案(2002年2月14日)へのコメント−,2002-02-27,20020227,意見,,公開,https://www.keidanren.or.jp/japanese/policy/2002/010.html,2026-09-07,html_text,金融・資本市場|企業経営・ガバナンス・サステナビリティ,主張・提言
keidanren_2002_014.txt,keidanren_2002_014,keidanren,経済団体,「会社更生法改正要綱試案」に対するコメント − 法制審議会倒産法部会 会社更生法改正要綱試案（2002年3月1日）へのコメント −,2002-03-29,20020329,意見,,公開,https://www.keidanren.or.jp/japanese/policy/2002/014.html,2026-09-07,html_text,行政改革・規制改革|金融・資本市場|企業経営・ガバナンス・サステナビリティ,主張・提言
keidanren_2002_017.txt,keidanren_2002_017,keidanren,経済団体,経済統計の改善に向けて −四半期別GDP速報を中心に−,2002-04-16,20020416,提言,,公開,https://www.keidanren.or.jp/japanese/policy/2002/017/index.html,2026-09-07,html_text,マクロ経済・経済財政運営|行政改革・規制改革,主張・提言
keidanren_2002_018.txt,keidanren_2002_018,keidanren,経済団体,誰もが起業家精神を発揮できる社会へ −新産業・新事業創出に関する提言−,2002-04-16,20020416,提言,,公開,https://www.keidanren.or.jp/japanese/policy/2002/018/index.html,2026-09-07,html_text,産業政策・成長戦略|イノベーション・科学技術・スタートアップ|税制・財政,主張・提言
keidanren_2002_021.txt,keidanren_2002_021,keidanren,経済団体,投資に関するアンケート結果,2002-05-15,20020515,資料,,公開,https://www.keidanren.or.jp/japanese/policy/2002/021.html,2026-09-07,html_text,通商・国際経済・国際協力|金融・資本市場,内部調査・会員アンケート
keidanren_2002_026.txt,keidanren_2002_026,keidanren,経済団体,経済活性化に向けた規制改革緊急要望,2002-05-29,20020529,要望,,公開,https://www.keidanren.or.jp/japanese/policy/2002/026.html,2026-09-07,html_text,行政改革・規制改革|産業政策・成長戦略|企業経営・ガバナンス・サステナビリティ,主張・提言
keidanren_2002_030.txt,keidanren_2002_030,keidanren,経済団体,税制第３次提言「税制抜本改革の断行を求める」,2002-06-10,20020610,提言,,公開,https://www.keidanren.or.jp/japanese/policy/2002/030/index.html,2026-09-07,html_text,税制・財政|地域経済・観光・地方創生,主張・提言
keidanren_2002_031.txt,keidanren_2002_031,keidanren,経済団体,インターナショナルスクール問題についての提言 −グローバル化時代に対応した教育基盤の整備に向けて−,2002-06-14,20020614,提言,,公開,https://www.keidanren.or.jp/japanese/policy/2002/031/index.html,2026-09-07,html_text,人材・教育|通商・国際経済・国際協力|税制・財政,主張・提言
keidanren_2002_034.txt,keidanren_2002_034,keidanren,経済団体,ＰＦＩの推進に関する第二次提言,2002-06-17,20020617,提言,,公開,https://www.keidanren.or.jp/japanese/policy/2002/034/index.html,2026-09-07,html_text,国土・住宅・交通・防災|行政改革・規制改革|マクロ経済・経済財政運営,主張・提言
keidanren_2002_036.txt,keidanren_2002_036,keidanren,経済団体,ＷＴＯサービス貿易自由化交渉 人の移動に関する提言,2002-06-18,20020618,提言,,公開,https://www.keidanren.or.jp/japanese/policy/2002/036/index.html,2026-09-07,html_text,通商・国際経済・国際協力|労働・雇用,主張・提言
keidanren_2002_037.txt,keidanren_2002_037,keidanren,経済団体,国民生活審議会消費者政策部会中間報告へのコメント − 「消費者に信頼される事業者となるために-自主行動基準の指針-中間報告」 （平成14年4月22日 内閣府国民生活審議会消費者政策部会）へのコメント −,2002-05-27,20020527,意見,,公開,https://www.keidanren.or.jp/japanese/policy/2002/037.html,2026-09-07,html_text,企業経営・ガバナンス・サステナビリティ|行政改革・規制改革,主張・提言
keidanren_2002_042.txt,keidanren_2002_042,keidanren,経済団体,国際投資ルールの構築と国内投資環境の整備を求める,2002-07-16,20020716,提言,,公開,https://www.keidanren.or.jp/japanese/policy/2002/042/index.html,2026-09-07,html_text,通商・国際経済・国際協力|金融・資本市場,主張・提言
keidanren_2002_044.txt,keidanren_2002_044,keidanren,経済団体,循環型社会の着実な進展に向けて,2002-07-16,20020716,提言,,公開,https://www.keidanren.or.jp/japanese/policy/2002/044/index.html,2026-09-07,html_text,エネルギー・環境|行政改革・規制改革|産業政策・成長戦略,主張・提言
keidanren_2002_047.txt,keidanren_2002_047,keidanren,経済団体,『民事訴訟法改正要綱中間試案』についてのコメント − 法制審議会民事・人事訴訟法部会 民事訴訟法改正要綱中間試案(2002年6月28日)へのコメント −,2002-07-31,20020731,意見,,公開,https://www.keidanren.or.jp/japanese/policy/2002/047.html,2026-09-07,html_text,政治・統治機構・憲法|行政改革・規制改革,主張・提言
keidanren_2002_058.txt,keidanren_2002_058,keidanren,経済団体,公的年金制度改革に関する基本的考え方,2002-10-07,20021007,提言,,公開,https://www.keidanren.or.jp/japanese/policy/2002/058/index.html,2026-09-07,html_text,社会保障（年金・医療・介護）|税制・財政,主張・提言
keidanren_2002_064.txt,keidanren_2002_064,keidanren,経済団体,環境自主行動計画第５回フォローアップ結果について ― 温暖化対策編 ―,2002-10-17,20021017,提言,,公開,https://www.keidanren.or.jp/japanese/policy/2002/064/index.html,2026-09-07,html_text,エネルギー・環境|産業政策・成長戦略,内部調査・会員アンケート
keidanren_2002_066.txt,keidanren_2002_066,keidanren,経済団体,日本経団連「緊急雇用対策プログラム」,2002-10-23,20021023,提言,,公開,https://www.keidanren.or.jp/japanese/policy/2002/066/index.html,2026-09-07,html_text,労働・雇用|デジタル・情報通信|地域経済・観光・地方創生,主張・提言
keidanren_2002_073.txt,keidanren_2002_073,keidanren,経済団体,ナノテクが創る新産業 − n-Plan2002 −,2002-11-19,20021119,提言,,公開,https://www.keidanren.or.jp/japanese/policy/2002/073/index.html,2026-09-07,html_text,イノベーション・科学技術・スタートアップ|産業政策・成長戦略,主張・提言
keidanren_2002_082.txt,keidanren_2002_082,keidanren,経済団体,電波の有効利用に向けて,2002-12-17,20021217,提言,,公開,https://www.keidanren.or.jp/japanese/policy/2002/082/index.html,2026-09-07,html_text,デジタル・情報通信|行政改革・規制改革,主張・提言
keidanren_2002_084.pdf,keidanren_2002_084,keidanren,経済団体,2002年3月卒「新規学卒者決定初任給調査結果」について,2002-12-18,20021218,提言,,公開,https://www.keidanren.or.jp/japanese/policy/2002/084.pdf,2026-09-07,ok,労働・雇用|人材・教育,内部調査・会員アンケート
keidanren_2002_086.pdf,keidanren_2002_086,keidanren,経済団体,「2002年6月度定期賃金調査結果」の概要―標準者賃金，役職者賃金―,2002-12-18,20021218,提言,,公開,https://www.keidanren.or.jp/japanese/policy/2002/086.pdf,2026-09-07,ok,労働・雇用,内部調査・会員アンケート
keidanren_2002_089.txt,keidanren_2002_089,keidanren,経済団体,「企業取引研究会報告書−役務の委託取引の公正化を目指して−」に対するコメント,2002-12-20,20021220,意見,,公開,https://www.keidanren.or.jp/japanese/policy/2002/089.html,2026-09-07,html_text,行政改革・規制改革|中小企業|企業経営・ガバナンス・サステナビリティ,主張・提言
keidanren_2002_091.txt,keidanren_2002_091,keidanren,経済団体,「破産法等の見直しに関する中間試案」についてのコメント −法制審議会倒産法部会（2002年10月4日）についてのコメント−,2002-11-29,20021129,意見,,公開,https://www.keidanren.or.jp/japanese/policy/2002/091.html,2026-09-07,html_text,行政改革・規制改革|金融・資本市場,主張・提言
keidanren_2003_011.txt,keidanren_2003_011,keidanren,経済団体,産業競争力の強化に向けたバイオ・ナノシミュレーション技術の活用について,2003-02-18,20030218,提言,,公開,https://www.keidanren.or.jp/japanese/policy/2003/011.html,2026-09-07,html_text,イノベーション・科学技術・スタートアップ|産業政策・成長戦略,主張・提言
keidanren_2003_017.txt,keidanren_2003_017,keidanren,経済団体,産業廃棄物最終処分量削減目標の達成状況について ―日本経団連環境自主行動計画 第５回フォローアップ結果（廃棄物対策編）―,2003-03-05,20030305,資料,,公開,https://www.keidanren.or.jp/japanese/policy/2003/017.html,2026-09-07,html_text,エネルギー・環境|産業政策・成長戦略,内部調査・会員アンケート
keidanren_2003_022.txt,keidanren_2003_022,keidanren,経済団体,新ＩＴ戦略のあり方について,2003-03-18,20030318,提言,,公開,https://www.keidanren.or.jp/japanese/policy/2003/022.html,2026-09-07,html_text,デジタル・情報通信|産業政策・成長戦略|通商・国際経済・国際協力,主張・提言
keidanren_2003_023.txt,keidanren_2003_023,keidanren,経済団体,安心・安全で自由なネット社会を目指して,2003-03-18,20030318,提言,,公開,https://www.keidanren.or.jp/japanese/policy/2003/023/index.html,2026-09-07,html_text,デジタル・情報通信|行政改革・規制改革,主張・提言
keidanren_2003_024.txt,keidanren_2003_024,keidanren,経済団体,産学官連携による産業技術人材の育成促進に向けて,2003-03-18,20030318,提言,,公開,https://www.keidanren.or.jp/japanese/policy/2003/024/index.html,2026-09-07,html_text,人材・教育|イノベーション・科学技術・スタートアップ|産業政策・成長戦略,主張・提言
keidanren_2003_026.txt,keidanren_2003_026,keidanren,経済団体,2002年度環境自主行動計画評価報告書,2003-03-26,20030326,報告書,,公開,https://www.keidanren.or.jp/japanese/policy/2003/026/index.html,2026-09-07,html_text,エネルギー・環境|産業政策・成長戦略,内部調査・会員アンケート
keidanren_2003_028.pdf,keidanren_2003_028,keidanren,経済団体,2002年9月度「退職金・年金に関する実態調査結果」の概要,2003-04-02,20030402,提言,,公開,https://www.keidanren.or.jp/japanese/policy/2003/028.pdf,2026-09-07,ok,社会保障（年金・医療・介護）|労働・雇用,内部調査・会員アンケート
keidanren_2003_035.pdf,keidanren_2003_035,keidanren,経済団体,産業力強化の課題と展望 ―2010年におけるわが国産業社会―,2003-04-22,20030422,提言,,公開,https://www.keidanren.or.jp/japanese/policy/2003/035/honbun.pdf,2026-09-07,ok,産業政策・成長戦略|マクロ経済・経済財政運営|通商・国際経済・国際協力,主張・提言
keidanren_2003_041.txt,keidanren_2003_041,keidanren,経済団体,若年者を中心とする雇用促進・人材育成に関する共同提言,2003-05-13,20030513,提言,,公開,https://www.keidanren.or.jp/japanese/policy/2003/041.html,2026-09-07,html_text,労働・雇用|人材・教育,主張・提言
keidanren_2003_043.txt,keidanren_2003_043,keidanren,経済団体,「民主導・自律型システム」の確立に向けた新たな規制改革の推進方策について ―日本経団連新ビジョンに基づく規制改革プログラム―,2003-05-20,20030520,提言,,公開,https://www.keidanren.or.jp/japanese/policy/2003/043/index.html,2026-09-07,html_text,行政改革・規制改革|産業政策・成長戦略,主張・提言
keidanren_2003_044.txt,keidanren_2003_044,keidanren,経済団体,魅力的で信頼される国債市場の発展に向けて,2003-05-20,20030520,提言,,公開,https://www.keidanren.or.jp/japanese/policy/2003/044/index.html,2026-09-07,html_text,金融・資本市場|税制・財政,主張・提言
keidanren_2003_046.txt,keidanren_2003_046,keidanren,経済団体,今後の宇宙開発利用に関する要望,2003-05-20,20030520,要望,,公開,https://www.keidanren.or.jp/japanese/policy/2003/046.html,2026-09-07,html_text,イノベーション・科学技術・スタートアップ|外交・安全保障・経済安全保障|産業政策・成長戦略,主張・提言
keidanren_2003_056.txt,keidanren_2003_056,keidanren,経済団体,日本経団連ブロードバンドコンテンツ流通研究会 中間とりまとめ,2003-06-06,20030606,提言,,公開,https://www.keidanren.or.jp/japanese/policy/2003/056/index.html,2026-09-07,html_text,デジタル・情報通信|産業政策・成長戦略,主張・提言
keidanren_2003_058.txt,keidanren_2003_058,keidanren,経済団体,「e-Japan戦略II（案）」に対する意見,2003-06-12,20030612,意見,,公開,https://www.keidanren.or.jp/japanese/policy/2003/058.html,2026-09-07,html_text,デジタル・情報通信|国土・住宅・交通・防災|社会保障（年金・医療・介護）,主張・提言
keidanren_2003_061.txt,keidanren_2003_061,keidanren,経済団体,「住みやすさ」で世界に誇れる国づくり −住宅政策への提言−,2003-06-17,20030617,提言,,公開,https://www.keidanren.or.jp/japanese/policy/2003/061/index.html,2026-09-07,html_text,国土・住宅・交通・防災|金融・資本市場|税制・財政,主張・提言
keidanren_2003_070.txt,keidanren_2003_070,keidanren,経済団体,災害に強い社会の構築に向けて,2003-07-22,20030722,提言,,公開,https://www.keidanren.or.jp/japanese/policy/2003/070/index.html,2026-09-07,html_text,国土・住宅・交通・防災|地域経済・観光・地方創生,主張・提言
keidanren_2003_071.txt,keidanren_2003_071,keidanren,経済団体,ＷＴＯカンクン閣僚会議に向けた緊急提言,2003-07-22,20030722,提言,,公開,https://www.keidanren.or.jp/japanese/policy/2003/071/index.html,2026-09-07,html_text,通商・国際経済・国際協力,主張・提言
keidanren_2003_073.txt,keidanren_2003_073,keidanren,経済団体,子育て環境整備に向けて 〜仕事と家庭の両立支援・保育サービスの充実〜,2003-07-22,20030722,提言,,公開,https://www.keidanren.or.jp/japanese/policy/2003/073/index.html,2026-09-07,html_text,こども・子育て・人口|労働・雇用|多様性・人権・ジェンダー,主張・提言
keidanren_2003_082.pdf,keidanren_2003_082,keidanren,経済団体,2003年3月卒「新規学卒者決定初任給調査結果」について,2003-09-02,20030902,提言,,公開,https://www.keidanren.or.jp/japanese/policy/2003/082.pdf,2026-09-07,ok,労働・雇用,内部調査・会員アンケート
keidanren_2003_089.txt,keidanren_2003_089,keidanren,経済団体,特定無線設備の技術基準適合証明に関する規則の全部を改正する省令案に対するコメント,2003-09-08,20030908,意見,,公開,https://www.keidanren.or.jp/japanese/policy/2003/089.html,2026-09-07,html_text,デジタル・情報通信|行政改革・規制改革,主張・提言
keidanren_2003_090.txt,keidanren_2003_090,keidanren,経済団体,今次年金制度改革についての意見,2003-09-10,20030910,意見,,公開,https://www.keidanren.or.jp/japanese/policy/2003/090/index.html,2026-09-07,html_text,社会保障（年金・医療・介護）|税制・財政,主張・提言
keidanren_2003_091.txt,keidanren_2003_091,keidanren,経済団体,平成16年度税制改正に関する提言,2003-09-16,20030916,提言,,公開,https://www.keidanren.or.jp/japanese/policy/2003/091/index.html,2026-09-07,html_text,税制・財政|エネルギー・環境,主張・提言
keidanren_2003_095.txt,keidanren_2003_095,keidanren,経済団体,会社法改正への提言 ─企業の国際競争力の確保、企業・株主等の選択の尊重─,2003-10-21,20031021,提言,,公開,https://www.keidanren.or.jp/japanese/policy/2003/095.html,2026-09-07,html_text,企業経営・ガバナンス・サステナビリティ|行政改革・規制改革,主張・提言
keidanren_2003_096.txt,keidanren_2003_096,keidanren,経済団体,会計基準に関する国際的協調を求める,2003-10-21,20031021,提言,,公開,https://www.keidanren.or.jp/japanese/policy/2003/096/index.html,2026-09-07,html_text,金融・資本市場|企業経営・ガバナンス・サステナビリティ|通商・国際経済・国際協力,主張・提言
keidanren_2003_099.pdf,keidanren_2003_099,keidanren,経済団体,商流・物流システムの効率化に関する提言 −高コスト構造是正のための基盤整備に向けて−,2003-10-21,20031021,提言,,公開,https://www.keidanren.or.jp/japanese/policy/2003/099/honbun.pdf,2026-09-07,ok,産業政策・成長戦略|行政改革・規制改革|国土・住宅・交通・防災,主張・提言
keidanren_2003_103.txt,keidanren_2003_103,keidanren,経済団体,個人情報の保護に関する法律施行令(案)の概要に対するコメント,2003-10-24,20031024,意見,,公開,https://www.keidanren.or.jp/japanese/policy/2003/103.html,2026-09-07,html_text,デジタル・情報通信|行政改革・規制改革,主張・提言
keidanren_2003_104.txt,keidanren_2003_104,keidanren,経済団体,「下請代金支払遅延等防止法改正に係る公正取引委員会規則及び運用基準の改正（原案）」に対するコメント,2003-10-27,20031027,意見,,公開,https://www.keidanren.or.jp/japanese/policy/2003/104.html,2026-09-07,html_text,中小企業|行政改革・規制改革,主張・提言
keidanren_2003_106.txt,keidanren_2003_106,keidanren,経済団体,端末機器の技術基準適合認定及び設計についての認証に関する規則の全部を改正する省令案に対するコメント,2003-10-31,20031031,意見,,公開,https://www.keidanren.or.jp/japanese/policy/2003/106.html,2026-09-07,html_text,デジタル・情報通信|行政改革・規制改革,主張・提言
keidanren_2003_108.txt,keidanren_2003_108,keidanren,経済団体,外国人受け入れ問題に関する中間とりまとめ −多様性のダイナミズムを実現するために「人材開国」を−,2003-11-14,20031114,提言,,公開,https://www.keidanren.or.jp/japanese/policy/2003/108/index.html,2026-09-07,html_text,労働・雇用|多様性・人権・ジェンダー|外交・安全保障・経済安全保障,主張・提言
keidanren_2003_110.txt,keidanren_2003_110,keidanren,経済団体,エンターテインメント・コンテンツ産業の振興に向けて,2003-11-18,20031118,提言,,公開,https://www.keidanren.or.jp/japanese/policy/2003/110/index.html,2026-09-07,html_text,産業政策・成長戦略|デジタル・情報通信|税制・財政,主張・提言
keidanren_2003_111.txt,keidanren_2003_111,keidanren,経済団体,抜本改革なき厚生年金保険料率の引上げに反対する,2003-11-18,20031118,提言,,公開,https://www.keidanren.or.jp/japanese/policy/2003/111.html,2026-09-07,html_text,社会保障（年金・医療・介護）|税制・財政,主張・提言
keidanren_2003_113.txt,keidanren_2003_113,keidanren,経済団体,環境自主行動計画〔温暖化対策編〕2003年度フォローアップ調査結果,2003-11-21,20031121,提言,,公開,https://www.keidanren.or.jp/japanese/policy/2003/113/index.html,2026-09-07,html_text,エネルギー・環境|産業政策・成長戦略,内部調査・会員アンケート
keidanren_2003_120.pdf,keidanren_2003_120,keidanren,経済団体,「2003年6月度 定期賃金調査結果」の概要 ―標準者賃金、役職者賃金―,2003-12-12,20031212,提言,,公開,https://www.keidanren.or.jp/japanese/policy/2003/120.pdf,2026-09-07,ok,労働・雇用,内部調査・会員アンケート
keidanren_2003_122.txt,keidanren_2003_122,keidanren,経済団体,企業の自発的政治寄付に関する申し合わせ,2003-12-16,20031216,提言,,公開,https://www.keidanren.or.jp/japanese/policy/2003/122.html,2026-09-07,html_text,政治・統治機構・憲法|企業経営・ガバナンス・サステナビリティ,主張・提言
keidanren_2004_001.txt,keidanren_2004_001,keidanren,経済団体,2003年度・新卒者採用に関するアンケート調査集計結果の概要,2004-01-07,20040107,資料,,公開,https://www.keidanren.or.jp/japanese/policy/2004/001.html,2026-09-07,html_text,労働・雇用|人材・教育,内部調査・会員アンケート
keidanren_2004_004.txt,keidanren_2004_004,keidanren,経済団体,2002年度社会貢献活動実績調査結果,2004-01-20,20040120,提言,,公開,https://www.keidanren.or.jp/japanese/policy/2004/004.html,2026-09-07,html_text,企業経営・ガバナンス・サステナビリティ,内部調査・会員アンケート
keidanren_2004_006.txt,keidanren_2004_006,keidanren,経済団体,PFIの推進に関する第三次提言 〜PFI法の見直しに向けて〜,2004-01-20,20040120,提言,,公開,https://www.keidanren.or.jp/japanese/policy/2004/006.html,2026-09-07,html_text,行政改革・規制改革|国土・住宅・交通・防災|産業政策・成長戦略,主張・提言
keidanren_2004_007.txt,keidanren_2004_007,keidanren,経済団体,戦略的な国際標準化の推進に関する提言,2004-01-20,20040120,提言,,公開,https://www.keidanren.or.jp/japanese/policy/2004/007.html,2026-09-07,html_text,イノベーション・科学技術・スタートアップ|産業政策・成長戦略|通商・国際経済・国際協力,主張・提言
keidanren_2004_008.txt,keidanren_2004_008,keidanren,経済団体,産業技術の理解増進に向けた産業界の果たすべき役割について,2004-01-20,20040120,提言,,公開,https://www.keidanren.or.jp/japanese/policy/2004/008.html,2026-09-07,html_text,人材・教育|イノベーション・科学技術・スタートアップ,主張・提言
keidanren_2004_009.txt,keidanren_2004_009,keidanren,経済団体,「第47回 福利厚生費調査結果（2002年度）」の概要,2004-01-21,20040121,提言,,公開,https://www.keidanren.or.jp/japanese/policy/2004/009.html,2026-09-07,html_text,労働・雇用|企業経営・ガバナンス・サステナビリティ,内部調査・会員アンケート
keidanren_2004_012.txt,keidanren_2004_012,keidanren,経済団体,2004年第1次政策評価の発表にあたって,2004-01-28,20040128,提言,,公開,https://www.keidanren.or.jp/japanese/policy/2004/012.html,2026-09-07,html_text,政治・統治機構・憲法,主張・提言
keidanren_2004_013.txt,keidanren_2004_013,keidanren,経済団体,英国金融サービス機構(ＦＳＡ)の上場規則改定(案)に対するコメント・レター,2004-01-30,20040130,意見,,公開,https://www.keidanren.or.jp/japanese/policy/2004/013.html,2026-09-07,html_text,金融・資本市場|通商・国際経済・国際協力|企業経営・ガバナンス・サステナビリティ,主張・提言
keidanren_2004_014.txt,keidanren_2004_014,keidanren,経済団体,ＯＥＣＤコーポレート・ガバナンス原則改訂案(2004年1月)に対する日本経団連のコメント,2004-02-05,20040205,意見,,公開,https://www.keidanren.or.jp/japanese/policy/2004/014.html,2026-09-07,html_text,企業経営・ガバナンス・サステナビリティ|通商・国際経済・国際協力,主張・提言
keidanren_2004_017.txt,keidanren_2004_017,keidanren,経済団体,企業の社会的責任（ＣＳＲ）推進にあたっての基本的考え方,2004-02-17,20040217,提言,,公開,https://www.keidanren.or.jp/japanese/policy/2004/017.html,2026-09-07,html_text,企業経営・ガバナンス・サステナビリティ,主張・提言
keidanren_2004_018.txt,keidanren_2004_018,keidanren,経済団体,税務書類の電子保存範囲の拡大を改めて要望する,2004-03-01,20040301,要望,,公開,https://www.keidanren.or.jp/japanese/policy/2004/018.html,2026-09-07,html_text,税制・財政|デジタル・情報通信|行政改革・規制改革,主張・提言
keidanren_2004_020.txt,keidanren_2004_020,keidanren,経済団体,経済連携の強化に向けた緊急提言 〜経済連携協定(ＥＰＡ)を戦略的に推進するための具体的方策〜,2004-03-16,20040316,提言,,公開,https://www.keidanren.or.jp/japanese/policy/2004/020/index.html,2026-09-07,html_text,通商・国際経済・国際協力|労働・雇用,主張・提言
keidanren_2004_021.txt,keidanren_2004_021,keidanren,経済団体,環境自主行動計画〔廃棄物対策編〕2003年度フォローアップ調査結果,2004-03-15,20040315,提言,,公開,https://www.keidanren.or.jp/japanese/policy/2004/021.html,2026-09-07,html_text,エネルギー・環境|産業政策・成長戦略,内部調査・会員アンケート
keidanren_2004_022.txt,keidanren_2004_022,keidanren,経済団体,「知的財産推進計画」の改訂に向けて,2004-03-16,20040316,提言,,公開,https://www.keidanren.or.jp/japanese/policy/2004/022.html,2026-09-07,html_text,イノベーション・科学技術・スタートアップ|産業政策・成長戦略|デジタル・情報通信,主張・提言
keidanren_2004_023.txt,keidanren_2004_023,keidanren,経済団体,新産業・新事業委員会報告書 〜 次代のコア事業育成のために 〜,2004-03-18,20040318,報告書,,公開,https://www.keidanren.or.jp/japanese/policy/2004/023/index.html,2026-09-07,html_text,産業政策・成長戦略|イノベーション・科学技術・スタートアップ|企業経営・ガバナンス・サステナビリティ,主張・提言
keidanren_2004_028.txt,keidanren_2004_028,keidanren,経済団体,2003年度環境自主行動計画評価報告書,2004-04-13,20040413,報告書,,公開,https://www.keidanren.or.jp/japanese/policy/2004/028/index.html,2026-09-07,html_text,エネルギー・環境|産業政策・成長戦略,内部調査・会員アンケート
keidanren_2004_029.txt,keidanren_2004_029,keidanren,経済団体,外国人受け入れ問題に関する提言,2004-04-14,20040414,提言,,公開,https://www.keidanren.or.jp/japanese/policy/2004/029/index.html,2026-09-07,html_text,労働・雇用|人材・教育|多様性・人権・ジェンダー,主張・提言
keidanren_2004_030.txt,keidanren_2004_030,keidanren,経済団体,「独占禁止法改正(案)の概要」に対する日本経団連意見,2004-04-15,20040415,意見,,公開,https://www.keidanren.or.jp/japanese/policy/2004/030.html,2026-09-07,html_text,行政改革・規制改革|企業経営・ガバナンス・サステナビリティ,主張・提言
keidanren_2004_031.txt,keidanren_2004_031,keidanren,経済団体,21世紀を生き抜く次世代育成のための提言 −「多様性」「競争」「評価」を基本にさらなる改革の推進を−,2004-04-19,20040419,提言,,公開,https://www.keidanren.or.jp/japanese/policy/2004/031/index.html,2026-09-07,html_text,人材・教育|こども・子育て・人口,主張・提言
keidanren_2004_034.txt,keidanren_2004_034,keidanren,経済団体,介護保険制度の改革についての意見,2004-04-20,20040420,意見,,公開,https://www.keidanren.or.jp/japanese/policy/2004/034.html,2026-09-07,html_text,社会保障（年金・医療・介護）,主張・提言
keidanren_2004_037.txt,keidanren_2004_037,keidanren,経済団体,「企業結合審査に関する独占禁止法の運用指針」（原案）に関するコメント,2004-04-22,20040422,意見,,公開,https://www.keidanren.or.jp/japanese/policy/2004/037.html,2026-09-07,html_text,行政改革・規制改革|企業経営・ガバナンス・サステナビリティ,主張・提言
keidanren_2004_038.pdf,keidanren_2004_038,keidanren,経済団体,構造改革特区制度の改善に向けた中間論点整理 〜構造改革特区のより一層の活用に向けて〜,2004-05-17,20040517,提言,,公開,https://www.keidanren.or.jp/japanese/policy/2004/038honbun.pdf,2026-09-07,ok,行政改革・規制改革|地域経済・観光・地方創生,主張・提言
keidanren_2004_039.pdf,keidanren_2004_039,keidanren,経済団体,企業の通信サービスニーズに関する調査報告書,2004-05-17,20040517,報告書,,公開,https://www.keidanren.or.jp/japanese/policy/2004/039honbun.pdf,2026-09-07,ok,デジタル・情報通信|産業政策・成長戦略,内部調査・会員アンケート
keidanren_2004_040.pdf,keidanren_2004_040,keidanren,経済団体,これからの企業戦略 ―「守りの経営再構築 (リストラ) 」から「攻めの経営再構築 (リストラ) 」へ―,2004-05-18,20040518,提言,,公開,https://www.keidanren.or.jp/japanese/policy/2004/040honbun.pdf,2026-09-07,ok,企業経営・ガバナンス・サステナビリティ|産業政策・成長戦略,主張・提言
keidanren_2004_044.txt,keidanren_2004_044,keidanren,経済団体,日伯経済連携協定(ＥＰＡ)に関する政府間の早急な検討開始を求める ―日伯ＥＰＡに関する報告書―,2004-05-19,20040519,報告書,,公開,https://www.keidanren.or.jp/japanese/policy/2004/044/index.html,2026-09-07,html_text,通商・国際経済・国際協力|産業政策・成長戦略,主張・提言
keidanren_2004_054.txt,keidanren_2004_054,keidanren,経済団体,輸出入・港湾諸手続の効率化に関する提言 〜ＩＴを活用した港湾をめぐる諸手続の効率化とセキュリティの確保に向けて〜,2004-06-22,20040622,提言,,公開,https://www.keidanren.or.jp/japanese/policy/2004/054.html,2026-09-07,html_text,デジタル・情報通信|通商・国際経済・国際協力|国土・住宅・交通・防災,主張・提言
keidanren_2004_061.txt,keidanren_2004_061,keidanren,経済団体,21世紀にふさわしい独占禁止法改正に向けた提言,2004-07-13,20040713,提言,,公開,https://www.keidanren.or.jp/japanese/policy/2004/061.html,2026-09-07,html_text,行政改革・規制改革|企業経営・ガバナンス・サステナビリティ,主張・提言
keidanren_2004_063.txt,keidanren_2004_063,keidanren,経済団体,今後の防衛力整備のあり方について ― 防衛生産・技術基盤の強化に向けて ―,2004-07-20,20040720,提言,,公開,https://www.keidanren.or.jp/japanese/policy/2004/063.html,2026-09-07,html_text,外交・安全保障・経済安全保障|産業政策・成長戦略,主張・提言
keidanren_2004_070.pdf,keidanren_2004_070,keidanren,経済団体,2004年3月卒「新規学卒者決定初任給調査結果」について,2004-09-01,20040901,提言,,公開,https://www.keidanren.or.jp/japanese/policy/2004/070.pdf,2026-09-07,ok,労働・雇用,内部調査・会員アンケート
keidanren_2004_072.txt,keidanren_2004_072,keidanren,経済団体,平成17年度税制改正に関する提言,2004-09-21,20040921,提言,,公開,https://www.keidanren.or.jp/japanese/policy/2004/072/index.html,2026-09-07,html_text,税制・財政|マクロ経済・経済財政運営|エネルギー・環境,主張・提言
keidanren_2004_074.txt,keidanren_2004_074,keidanren,経済団体,社会保障制度等の一体的改革に向けて,2004-09-21,20040921,提言,,公開,https://www.keidanren.or.jp/japanese/policy/2004/074/index.html,2026-09-07,html_text,社会保障（年金・医療・介護）|税制・財政,主張・提言
keidanren_2004_075.txt,keidanren_2004_075,keidanren,経済団体,2004年第2次政策評価の発表にあたって,2004-09-22,20040922,提言,,公開,https://www.keidanren.or.jp/japanese/policy/2004/075.html,2026-09-07,html_text,政治・統治機構・憲法,主張・提言
keidanren_2004_080.txt,keidanren_2004_080,keidanren,経済団体,「映像産業振興機構（仮称）」設立への協力について,2004-10-21,20041021,提言,,公開,https://www.keidanren.or.jp/japanese/policy/2004/080.html,2026-09-07,html_text,産業政策・成長戦略|イノベーション・科学技術・スタートアップ|人材・教育,主張・提言
keidanren_2004_087.txt,keidanren_2004_087,keidanren,経済団体,科学技術をベースにした産業競争力の強化に向けて ―第３期科学技術基本計画への期待―,2004-11-16,20041116,提言,,公開,https://www.keidanren.or.jp/japanese/policy/2004/087/index.html,2026-09-07,html_text,イノベーション・科学技術・スタートアップ|産業政策・成長戦略|行政改革・規制改革,主張・提言
keidanren_2004_090.txt,keidanren_2004_090,keidanren,経済団体,優先政策事項,2004-11-24,20041124,提言,,公開,https://www.keidanren.or.jp/japanese/policy/2004/090.html,2026-09-07,html_text,マクロ経済・経済財政運営|税制・財政|社会保障（年金・医療・介護）,主張・提言
keidanren_2004_091.txt,keidanren_2004_091,keidanren,経済団体,温暖化対策 環境自主行動計画 2004年度フォローアップ結果,2004-11-26,20041126,提言,,公開,https://www.keidanren.or.jp/japanese/policy/2004/091/index.html,2026-09-07,html_text,エネルギー・環境|産業政策・成長戦略,内部調査・会員アンケート
keidanren_2004_098.pdf,keidanren_2004_098,keidanren,経済団体,「2004年6月度 定期賃金調査結果」の概要 ―標準者賃金、役職者賃金―,2004-12-15,20041215,提言,,公開,https://www.keidanren.or.jp/japanese/policy/2004/098.pdf,2026-09-07,ok,労働・雇用,内部調査・会員アンケート
keidanren_2005_002.pdf,keidanren_2005_002,keidanren,経済団体,わが国の基本問題を考える 〜 これからの日本を展望して 〜,2005-01-18,20050118,提言,,公開,https://www.keidanren.or.jp/japanese/policy/2005/002/honbun.pdf,2026-09-07,ok,政治・統治機構・憲法|外交・安全保障・経済安全保障|行政改革・規制改革,主張・提言
keidanren_2005_003.txt,keidanren_2005_003,keidanren,経済団体,これからの教育の方向性に関する提言,2005-01-18,20050118,提言,,公開,https://www.keidanren.or.jp/japanese/policy/2005/003/index.html,2026-09-07,html_text,人材・教育|政治・統治機構・憲法,主張・提言
keidanren_2005_004.txt,keidanren_2005_004,keidanren,経済団体,2004年度・新卒者採用に関するアンケート調査集計結果の概要,2005-01-20,20050120,資料,,公開,https://www.keidanren.or.jp/japanese/policy/2005/004.html,2026-09-07,html_text,労働・雇用|人材・教育,内部調査・会員アンケート
keidanren_2005_005.txt,keidanren_2005_005,keidanren,経済団体,「第48回 福利厚生費調査結果（2003年度）」の概要,2005-01-28,20050128,提言,,公開,https://www.keidanren.or.jp/japanese/policy/2005/005.html,2026-09-07,html_text,社会保障（年金・医療・介護）|労働・雇用,内部調査・会員アンケート
keidanren_2005_006.txt,keidanren_2005_006,keidanren,経済団体,優先政策事項,2005-02-07,20050207,提言,,公開,https://www.keidanren.or.jp/japanese/policy/2005/006.html,2026-09-07,html_text,マクロ経済・経済財政運営|税制・財政|社会保障（年金・医療・介護）,主張・提言
keidanren_2005_008.txt,keidanren_2005_008,keidanren,経済団体,「消費者団体訴訟制度の導入」に関する基本的考え方,2005-02-15,20050215,提言,,公開,https://www.keidanren.or.jp/japanese/policy/2005/008.html,2026-09-07,html_text,行政改革・規制改革|政治・統治機構・憲法,主張・提言
keidanren_2005_009.txt,keidanren_2005_009,keidanren,経済団体,地球温暖化防止に取り組む産業界の決意,2005-02-15,20050215,提言,,公開,https://www.keidanren.or.jp/japanese/policy/2005/009.html,2026-09-07,html_text,エネルギー・環境|産業政策・成長戦略,主張・提言
keidanren_2005_011.txt,keidanren_2005_011,keidanren,経済団体,宇宙開発利用推進に向けた第３期科学技術基本計画に対する要望,2005-03-02,20050302,要望,,公開,https://www.keidanren.or.jp/japanese/policy/2005/011.html,2026-09-07,html_text,イノベーション・科学技術・スタートアップ|外交・安全保障・経済安全保障|産業政策・成長戦略,主張・提言
keidanren_2005_013.txt,keidanren_2005_013,keidanren,経済団体,「知的財産推進計画2005」の策定に向けて,2005-03-15,20050315,提言,,公開,https://www.keidanren.or.jp/japanese/policy/2005/013/index.html,2026-09-07,html_text,イノベーション・科学技術・スタートアップ|産業政策・成長戦略|デジタル・情報通信,主張・提言
keidanren_2005_014.txt,keidanren_2005_014,keidanren,経済団体,環境自主行動計画〔廃棄物対策編〕2004年度フォローアップ調査結果,2005-03-15,20050315,提言,,公開,https://www.keidanren.or.jp/japanese/policy/2005/014/index.html,2026-09-07,html_text,エネルギー・環境|産業政策・成長戦略,内部調査・会員アンケート
keidanren_2005_015.txt,keidanren_2005_015,keidanren,経済団体,企業の情報セキュリティのあり方に関する提言,2005-03-15,20050315,提言,,公開,https://www.keidanren.or.jp/japanese/policy/2005/015/index.html,2026-09-07,html_text,デジタル・情報通信|企業経営・ガバナンス・サステナビリティ,主張・提言
keidanren_2005_020.pdf,keidanren_2005_020,keidanren,経済団体,「2004年9月度 退職金・年金に関する実態調査結果」の概要,2005-03-30,20050330,提言,,公開,https://www.keidanren.or.jp/japanese/policy/2005/020.pdf,2026-09-07,ok,社会保障（年金・医療・介護）|労働・雇用,内部調査・会員アンケート
keidanren_2005_022.pdf,keidanren_2005_022,keidanren,経済団体,グローバル化が進む非製造業の新たな展開 ―これからの企業戦略 II―,2005-04-19,20050419,提言,,公開,https://www.keidanren.or.jp/japanese/policy/2005/022honbun.pdf,2026-09-07,ok,産業政策・成長戦略|企業経営・ガバナンス・サステナビリティ|通商・国際経済・国際協力,活動記録
keidanren_2005_023.txt,keidanren_2005_023,keidanren,経済団体,環境自主行動計画 第三者評価委員会 2004年度評価報告,2005-04-18,20050418,提言,,公開,https://www.keidanren.or.jp/japanese/policy/2005/023.html,2026-09-07,html_text,エネルギー・環境|産業政策・成長戦略,内部調査・会員アンケート
keidanren_2005_027.txt,keidanren_2005_027,keidanren,経済団体,医療制度のあり方について 〜制度存続のための公的給付費の効率化・重点化〜,2005-05-17,20050517,提言,,公開,https://www.keidanren.or.jp/japanese/policy/2005/027/index.html,2026-09-07,html_text,社会保障（年金・医療・介護）|マクロ経済・経済財政運営,主張・提言
keidanren_2005_028.txt,keidanren_2005_028,keidanren,経済団体,安全・安心な地域社会づくりに向けて 〜企業の防犯への取組みと課題〜,2005-05-17,20050517,提言,,公開,https://www.keidanren.or.jp/japanese/policy/2005/028/index.html,2026-09-07,html_text,国土・住宅・交通・防災|地域経済・観光・地方創生,主張・提言
keidanren_2005_029.txt,keidanren_2005_029,keidanren,経済団体,若手社員の育成に関する提言 〜企業は今こそ人材育成の原点に立ち返ろう〜,2005-05-17,20050517,提言,,公開,https://www.keidanren.or.jp/japanese/policy/2005/029/index.html,2026-09-07,html_text,人材・教育|労働・雇用,主張・提言
keidanren_2005_037.txt,keidanren_2005_037,keidanren,経済団体,2003年度社会貢献活動実績調査結果,2005-06-09,20050609,提言,,公開,https://www.keidanren.or.jp/japanese/policy/2005/037.html,2026-09-07,html_text,企業経営・ガバナンス・サステナビリティ,内部調査・会員アンケート
keidanren_2005_039.pdf,keidanren_2005_039,keidanren,経済団体,産学官連携による高度な情報通信人材の育成強化に向けて,2005-06-21,20050621,提言,,公開,https://www.keidanren.or.jp/japanese/policy/2005/039/honbun.pdf,2026-09-07,ok,人材・教育|デジタル・情報通信|イノベーション・科学技術・スタートアップ,主張・提言
keidanren_2005_040.txt,keidanren_2005_040,keidanren,経済団体,国際観光立国に関する提言,2005-06-21,20050621,提言,,公開,https://www.keidanren.or.jp/japanese/policy/2005/040.html,2026-09-07,html_text,地域経済・観光・地方創生|通商・国際経済・国際協力,主張・提言
keidanren_2005_041.txt,keidanren_2005_041,keidanren,経済団体,提言「住宅・街づくり基本法の制定に向けて」,2005-06-21,20050621,提言,,公開,https://www.keidanren.or.jp/japanese/policy/2005/041/index.html,2026-09-07,html_text,国土・住宅・交通・防災|地域経済・観光・地方創生|行政改革・規制改革,主張・提言
keidanren_2005_042.txt,keidanren_2005_042,keidanren,経済団体,ホワイトカラーエグゼンプションに関する提言,2005-06-21,20050621,提言,,公開,https://www.keidanren.or.jp/japanese/policy/2005/042.html,2026-09-07,html_text,労働・雇用,主張・提言
keidanren_2005_053.txt,keidanren_2005_053,keidanren,経済団体,「独占禁止法改正の施行に伴い整備する公正取引委員会規則の原案」に対する日本経団連コメント,2005-08-03,20050803,意見,,公開,https://www.keidanren.or.jp/japanese/policy/2005/053.html,2026-09-07,html_text,行政改革・規制改革|企業経営・ガバナンス・サステナビリティ,主張・提言
keidanren_2005_057.pdf,keidanren_2005_057,keidanren,経済団体,2005年3月卒「新規学卒者決定初任給調査結果」の概要,2005-08-31,20050831,提言,,公開,https://www.keidanren.or.jp/japanese/policy/2005/057.pdf,2026-09-07,ok,労働・雇用|人材・教育,内部調査・会員アンケート
keidanren_2005_058.txt,keidanren_2005_058,keidanren,経済団体,今夏の冷房温度調節等に関するアンケート調査結果について,2005-08-31,20050831,資料,,公開,https://www.keidanren.or.jp/japanese/policy/2005/058.html,2026-09-07,html_text,エネルギー・環境,内部調査・会員アンケート
keidanren_2005_061.txt,keidanren_2005_061,keidanren,経済団体,平成18年度税制改正に関する提言,2005-09-20,20050920,提言,,公開,https://www.keidanren.or.jp/japanese/policy/2005/061/index.html,2026-09-07,html_text,税制・財政|イノベーション・科学技術・スタートアップ,主張・提言
keidanren_2005_062.txt,keidanren_2005_062,keidanren,経済団体,平成18年度住宅・土地税制改正への提言,2005-09-20,20050920,提言,,公開,https://www.keidanren.or.jp/japanese/policy/2005/062.html,2026-09-07,html_text,税制・財政|国土・住宅・交通・防災,主張・提言
keidanren_2005_063.txt,keidanren_2005_063,keidanren,経済団体,民間の活力を活かした地球温暖化防止対策の実現に向けて 〜改めて環境税に反対する〜,2005-09-20,20050920,提言,,公開,https://www.keidanren.or.jp/japanese/policy/2005/063.html,2026-09-07,html_text,エネルギー・環境|税制・財政|産業政策・成長戦略,主張・提言
keidanren_2005_064.txt,keidanren_2005_064,keidanren,経済団体,ＷＴＯ新ラウンド交渉・香港閣僚会議の成功を望む ―各国は政治的決断を―,2005-09-20,20050920,提言,,公開,https://www.keidanren.or.jp/japanese/policy/2005/064/index.html,2026-09-07,html_text,通商・国際経済・国際協力,主張・提言
keidanren_2005_065.txt,keidanren_2005_065,keidanren,経済団体,インターネットガバナンスのあり方について ─ 第２回世界情報社会サミット（ＷＳＩＳ）に向けて ─,2005-09-20,20050920,提言,,公開,https://www.keidanren.or.jp/japanese/policy/2005/065/index.html,2026-09-07,html_text,デジタル・情報通信|通商・国際経済・国際協力,主張・提言
keidanren_2005_067.txt,keidanren_2005_067,keidanren,経済団体,2005年政策評価の発表にあたって,2005-10-11,20051011,提言,,公開,https://www.keidanren.or.jp/japanese/policy/2005/067.html,2026-09-07,html_text,政治・統治機構・憲法,主張・提言
keidanren_2005_068.txt,keidanren_2005_068,keidanren,経済団体,実効ある容器包装リサイクル制度の構築に向けて,2005-10-12,20051012,提言,,公開,https://www.keidanren.or.jp/japanese/policy/2005/068/index.html,2026-09-07,html_text,エネルギー・環境|産業政策・成長戦略,主張・提言
keidanren_2005_070.pdf,keidanren_2005_070,keidanren,経済団体,国民が納得して支える医療制度の実現 〜2006年度の医療制度改革に向けた日本経団連のスタンス〜,2005-10-14,20051014,提言,,公開,https://www.keidanren.or.jp/japanese/policy/2005/070/honbun.pdf,2026-09-07,ok,社会保障（年金・医療・介護）|マクロ経済・経済財政運営|税制・財政,主張・提言
keidanren_2005_073.txt,keidanren_2005_073,keidanren,経済団体,地球温暖化防止に向けた新たな国際枠組の構築を求める −究極目的の達成に向けた産業界の基本的考え方−,2005-10-18,20051018,提言,,公開,https://www.keidanren.or.jp/japanese/policy/2005/073.html,2026-09-07,html_text,エネルギー・環境|通商・国際経済・国際協力,主張・提言
keidanren_2005_083.txt,keidanren_2005_083,keidanren,経済団体,法令の外国語訳の推進へのコメント,2005-11-11,20051111,意見,,公開,https://www.keidanren.or.jp/japanese/policy/2005/083.html,2026-09-07,html_text,行政改革・規制改革|通商・国際経済・国際協力,主張・提言
keidanren_2005_091.txt,keidanren_2005_091,keidanren,経済団体,東京証券取引所「買収防衛策の導入に係る上場制度の整備等について(要綱試案)」へのコメント,2005-12-02,20051202,意見,,公開,https://www.keidanren.or.jp/japanese/policy/2005/091.html,2026-09-07,html_text,金融・資本市場|企業経営・ガバナンス・サステナビリティ,主張・提言
keidanren_2005_094.txt,keidanren_2005_094,keidanren,経済団体,東京証券取引所「コーポレート・ガバナンスの充実に向けた上場制度の整備について」に関するコメント,2005-12-05,20051205,意見,,公開,https://www.keidanren.or.jp/japanese/policy/2005/094.html,2026-09-07,html_text,企業経営・ガバナンス・サステナビリティ|金融・資本市場,主張・提言
keidanren_2005_097.pdf,keidanren_2005_097,keidanren,経済団体,イノベーションの創出に向けた産業界の見解 −「イノベーター日本」実現のための産学官の新たな役割と連携のあり方−,2005-12-13,20051213,提言,,公開,https://www.keidanren.or.jp/japanese/policy/2005/097/honbun.pdf,2026-09-07,ok,イノベーション・科学技術・スタートアップ|産業政策・成長戦略,主張・提言
keidanren_2005_098.pdf,keidanren_2005_098,keidanren,経済団体,「2005年6月度 定期賃金調査結果」の概要 ―標準者賃金、役職者賃金―,2005-12-16,20051216,提言,,公開,https://www.keidanren.or.jp/japanese/policy/2005/098.pdf,2026-09-07,ok,労働・雇用,内部調査・会員アンケート
keidanren_2006_001.txt,keidanren_2006_001,keidanren,経済団体,「消費者契約法の一部を改正する法律案（仮称）の骨子について」に対するコメント,2006-01-23,20060123,意見,,公開,https://www.keidanren.or.jp/japanese/policy/2006/001.html,2026-09-07,html_text,行政改革・規制改革|政治・統治機構・憲法,主張・提言
keidanren_2006_002.txt,keidanren_2006_002,keidanren,経済団体,2005年度・新卒者採用に関するアンケート調査集計結果の概要,2006-01-26,20060126,資料,,公開,https://www.keidanren.or.jp/japanese/policy/2006/002.html,2026-09-07,html_text,人材・教育|労働・雇用,内部調査・会員アンケート
keidanren_2006_003.txt,keidanren_2006_003,keidanren,経済団体,「第49回 福利厚生費調査結果（2004年度）」の概要,2006-01-31,20060131,提言,,公開,https://www.keidanren.or.jp/japanese/policy/2006/003.html,2026-09-07,html_text,労働・雇用|企業経営・ガバナンス・サステナビリティ,内部調査・会員アンケート
keidanren_2006_004.txt,keidanren_2006_004,keidanren,経済団体,2004年度社会貢献活動実績調査結果,2006-02-06,20060206,提言,,公開,https://www.keidanren.or.jp/japanese/policy/2006/004.html,2026-09-07,html_text,企業経営・ガバナンス・サステナビリティ,内部調査・会員アンケート
keidanren_2006_006.txt,keidanren_2006_006,keidanren,経済団体,国家の競争力強化を目指した「攻めの行政改革」の実現を求める,2006-02-14,20060214,提言,,公開,https://www.keidanren.or.jp/japanese/policy/2006/006.html,2026-09-07,html_text,行政改革・規制改革|政治・統治機構・憲法,主張・提言
keidanren_2006_009.txt,keidanren_2006_009,keidanren,経済団体,「知的財産推進計画2006」の策定に向けて,2006-03-22,20060322,提言,,公開,https://www.keidanren.or.jp/japanese/policy/2006/009/index.html,2026-09-07,html_text,イノベーション・科学技術・スタートアップ|デジタル・情報通信,主張・提言
keidanren_2006_010.pdf,keidanren_2006_010,keidanren,経済団体,企業価値の最大化に向けた経営戦略,2006-03-22,20060322,提言,,公開,https://www.keidanren.or.jp/japanese/policy/2006/010/honbun.pdf,2026-09-07,ok,企業経営・ガバナンス・サステナビリティ|マクロ経済・経済財政運営,主張・提言
keidanren_2006_012.txt,keidanren_2006_012,keidanren,経済団体,環境自主行動計画〔廃棄物対策編〕2005年度フォローアップ調査結果,2006-03-22,20060322,提言,,公開,https://www.keidanren.or.jp/japanese/policy/2006/012/index.html,2026-09-07,html_text,エネルギー・環境|産業政策・成長戦略,内部調査・会員アンケート
keidanren_2006_014.txt,keidanren_2006_014,keidanren,経済団体,日加経済連携強化に向けて ―共同研究終了後の方向性に関する考え方―,2006-04-06,20060406,提言,,公開,https://www.keidanren.or.jp/japanese/policy/2006/014/index.html,2026-09-07,html_text,通商・国際経済・国際協力|行政改革・規制改革|税制・財政,主張・提言
keidanren_2006_016.txt,keidanren_2006_016,keidanren,経済団体,歳出入一体改革に関する中間とりまとめ 〜スリムで強靭な政府の構築を求める〜,2006-04-18,20060418,提言,,公開,https://www.keidanren.or.jp/japanese/policy/2006/016.html,2026-09-07,html_text,行政改革・規制改革|税制・財政|マクロ経済・経済財政運営,主張・提言
keidanren_2006_017.txt,keidanren_2006_017,keidanren,経済団体,欧州統合と日欧経済関係についての基本的考え方,2006-04-18,20060418,提言,,公開,https://www.keidanren.or.jp/japanese/policy/2006/017.html,2026-09-07,html_text,通商・国際経済・国際協力|外交・安全保障・経済安全保障,主張・提言
keidanren_2006_018.txt,keidanren_2006_018,keidanren,経済団体,義務教育改革についての提言,2006-04-18,20060418,提言,,公開,https://www.keidanren.or.jp/japanese/policy/2006/018.html,2026-09-07,html_text,人材・教育,主張・提言
keidanren_2006_019.pdf,keidanren_2006_019,keidanren,経済団体,エンターテインメント・コンテンツ関係者の戦略的コラボレーションに向けて 〜ユビキタス時代の新たなビジネスモデル構築のための提言〜,2006-04-18,20060418,提言,,公開,https://www.keidanren.or.jp/japanese/policy/2006/019/honbun.pdf,2026-09-07,ok,デジタル・情報通信|産業政策・成長戦略|イノベーション・科学技術・スタートアップ,主張・提言
keidanren_2006_020.pdf,keidanren_2006_020,keidanren,経済団体,人的ネットワークと地域クラスターを通じた新産業・新事業の創造へ,2006-04-18,20060418,提言,,公開,https://www.keidanren.or.jp/japanese/policy/2006/020/honbun.pdf,2026-09-07,ok,イノベーション・科学技術・スタートアップ|地域経済・観光・地方創生|産業政策・成長戦略,主張・提言
keidanren_2006_021.txt,keidanren_2006_021,keidanren,経済団体,生活習慣病予防に係る特定健康診査・特定保健指導のアウトソース推進に向けて,2006-04-18,20060418,提言,,公開,https://www.keidanren.or.jp/japanese/policy/2006/021.html,2026-09-07,html_text,社会保障（年金・医療・介護）|企業経営・ガバナンス・サステナビリティ,主張・提言
keidanren_2006_026.pdf,keidanren_2006_026,keidanren,経済団体,提言「子育て環境整備に向けて」フォローアップ調査結果,2006-04-27,20060427,提言,,公開,https://www.keidanren.or.jp/japanese/policy/2006/026/honbun.pdf,2026-09-07,ok,こども・子育て・人口|労働・雇用,内部調査・会員アンケート
keidanren_2006_027.txt,keidanren_2006_027,keidanren,経済団体,わが国を支えるエネルギー戦略の確立に向けて 〜エネルギー安全保障を中心に〜,2006-05-09,20060509,提言,,公開,https://www.keidanren.or.jp/japanese/policy/2006/027/index.html,2026-09-07,html_text,エネルギー・環境|外交・安全保障・経済安全保障|通商・国際経済・国際協力,主張・提言
keidanren_2006_028.pdf,keidanren_2006_028,keidanren,経済団体,産業界・企業における少子化対策の基本的取り組みについて,2006-05-10,20060510,提言,,公開,https://www.keidanren.or.jp/japanese/policy/2006/028/honbun.pdf,2026-09-07,ok,こども・子育て・人口|労働・雇用,主張・提言
keidanren_2006_029.pdf,keidanren_2006_029,keidanren,経済団体,新たな時代の企業内コミュニケーションの構築に向けて,2006-05-16,20060516,提言,,公開,https://www.keidanren.or.jp/japanese/policy/2006/029/honbun.pdf,2026-09-07,ok,労働・雇用|企業経営・ガバナンス・サステナビリティ,主張・提言
keidanren_2006_030.pdf,keidanren_2006_030,keidanren,経済団体,日本企業の中国におけるホワイトカラー人材戦略 〜 優秀人材の確保と定着こそが成功の鍵 〜,2006-05-16,20060516,提言,,公開,https://www.keidanren.or.jp/japanese/policy/2006/030/honbun.pdf,2026-09-07,ok,通商・国際経済・国際協力|人材・教育|労働・雇用,主張・提言
keidanren_2006_039.txt,keidanren_2006_039,keidanren,経済団体,ＷＴＯ新ラウンド交渉の成功を望む ―2006年中の最終合意を目指して―,2006-06-20,20060620,提言,,公開,https://www.keidanren.or.jp/japanese/policy/2006/039/index.html,2026-09-07,html_text,通商・国際経済・国際協力|農林水産・食料,主張・提言
keidanren_2006_040.txt,keidanren_2006_040,keidanren,経済団体,我が国におけるコーポレート・ガバナンス制度のあり方について,2006-06-20,20060620,提言,,公開,https://www.keidanren.or.jp/japanese/policy/2006/040.html,2026-09-07,html_text,企業経営・ガバナンス・サステナビリティ|行政改革・規制改革,主張・提言
keidanren_2006_044.txt,keidanren_2006_044,keidanren,経済団体,主体的なキャリア形成の必要性と支援のあり方 〜組織と個人の視点のマッチング〜,2006-06-20,20060620,提言,,公開,https://www.keidanren.or.jp/japanese/policy/2006/044/index.html,2026-09-07,html_text,人材・教育|労働・雇用,主張・提言
keidanren_2006_046.txt,keidanren_2006_046,keidanren,経済団体,わが国の宇宙開発利用推進に向けた提言,2006-06-20,20060620,提言,,公開,https://www.keidanren.or.jp/japanese/policy/2006/046/index.html,2026-09-07,html_text,イノベーション・科学技術・スタートアップ|産業政策・成長戦略|行政改革・規制改革,主張・提言
keidanren_2006_057.pdf,keidanren_2006_057,keidanren,経済団体,「独占禁止法基本問題」に関するコメント −望ましい抜本改正の方向性−,2006-08-01,20060801,意見,,公開,https://www.keidanren.or.jp/japanese/policy/2006/057.pdf,2026-09-07,ok,行政改革・規制改革|企業経営・ガバナンス・サステナビリティ,主張・提言
keidanren_2006_062.pdf,keidanren_2006_062,keidanren,経済団体,2006年3月卒「新規学卒者決定初任給調査結果」の概要,2006-08-29,20060829,提言,,公開,https://www.keidanren.or.jp/japanese/policy/2006/062.pdf,2026-09-07,ok,労働・雇用,内部調査・会員アンケート
keidanren_2006_064.txt,keidanren_2006_064,keidanren,経済団体,地球温暖化防止「国民運動」のフォローアップ調査結果について,2006-09-13,20060913,提言,,公開,https://www.keidanren.or.jp/japanese/policy/2006/064.html,2026-09-07,html_text,エネルギー・環境,内部調査・会員アンケート
keidanren_2006_065.txt,keidanren_2006_065,keidanren,経済団体,平成19年度税制改正に関する提言,2006-09-13,20060913,提言,,公開,https://www.keidanren.or.jp/japanese/policy/2006/065/index.html,2026-09-07,html_text,税制・財政|国土・住宅・交通・防災,主張・提言
keidanren_2006_066.txt,keidanren_2006_066,keidanren,経済団体,日豪経済連携協定の早期交渉開始を求める,2006-09-13,20060913,提言,,公開,https://www.keidanren.or.jp/japanese/policy/2006/066.html,2026-09-07,html_text,通商・国際経済・国際協力|農林水産・食料|エネルギー・環境,主張・提言
keidanren_2006_067.txt,keidanren_2006_067,keidanren,経済団体,2006年政策評価の発表にあたって,2006-09-25,20060925,提言,,公開,https://www.keidanren.or.jp/japanese/policy/2006/067.html,2026-09-07,html_text,政治・統治機構・憲法,主張・提言
keidanren_2006_069.txt,keidanren_2006_069,keidanren,経済団体,社会保障協定の一層の締結促進を求める,2006-10-17,20061017,提言,,公開,https://www.keidanren.or.jp/japanese/policy/2006/069.html,2026-09-07,html_text,社会保障（年金・医療・介護）|通商・国際経済・国際協力,主張・提言
keidanren_2006_071.pdf,keidanren_2006_071,keidanren,経済団体,国際連携による安全・安心なインターネット社会の構築に向けて −第１回インターネット・ガバナンス・フォーラム（IGF）への提言−,2006-10-17,20061017,提言,,公開,https://www.keidanren.or.jp/japanese/policy/2006/071/honbun.pdf,2026-09-07,ok,デジタル・情報通信|通商・国際経済・国際協力,主張・提言
keidanren_2006_072.txt,keidanren_2006_072,keidanren,経済団体,経済連携協定の「拡大」と「深化」を求める,2006-10-17,20061017,提言,,公開,https://www.keidanren.or.jp/japanese/policy/2006/072/index.html,2026-09-07,html_text,通商・国際経済・国際協力|エネルギー・環境|農林水産・食料,主張・提言
keidanren_2006_079.txt,keidanren_2006_079,keidanren,経済団体,観光立国推進体制に関する考え（中間とりまとめ）,2006-11-21,20061121,提言,,公開,https://www.keidanren.or.jp/japanese/policy/2006/079.html,2026-09-07,html_text,地域経済・観光・地方創生|行政改革・規制改革|人材・教育,主張・提言
keidanren_2006_080.txt,keidanren_2006_080,keidanren,経済団体,貿易諸制度の抜本的な改革を求める −グローバル・サプライチェーンを踏まえた具体的改革の方向−,2006-11-21,20061121,提言,,公開,https://www.keidanren.or.jp/japanese/policy/2006/080.html,2026-09-07,html_text,通商・国際経済・国際協力|産業政策・成長戦略|行政改革・規制改革,主張・提言
keidanren_2006_081.txt,keidanren_2006_081,keidanren,経済団体,実効ある温暖化対策の国際枠組の構築に向けて,2006-11-21,20061121,提言,,公開,https://www.keidanren.or.jp/japanese/policy/2006/081.html,2026-09-07,html_text,エネルギー・環境|通商・国際経済・国際協力,主張・提言
keidanren_2006_082.txt,keidanren_2006_082,keidanren,経済団体,日米経済連携協定に向けての共同研究開始を求める,2006-11-21,20061121,提言,,公開,https://www.keidanren.or.jp/japanese/policy/2006/082.html,2026-09-07,html_text,通商・国際経済・国際協力|外交・安全保障・経済安全保障,主張・提言
keidanren_2006_084.txt,keidanren_2006_084,keidanren,経済団体,2005年度社会貢献活動実績調査結果,2006-12-01,20061201,提言,,公開,https://www.keidanren.or.jp/japanese/policy/2006/084.html,2026-09-07,html_text,企業経営・ガバナンス・サステナビリティ,内部調査・会員アンケート
keidanren_2006_085.txt,keidanren_2006_085,keidanren,経済団体,Ｍ＆Ａ法制の一層の整備を求める,2006-12-12,20061212,提言,,公開,https://www.keidanren.or.jp/japanese/policy/2006/085.html,2026-09-07,html_text,企業経営・ガバナンス・サステナビリティ|外交・安全保障・経済安全保障|金融・資本市場,主張・提言
keidanren_2006_087.pdf,keidanren_2006_087,keidanren,経済団体,「2006年6月度 定期賃金調査結果」の概要 ―標準者賃金、役職者賃金―,2006-12-13,20061213,提言,,公開,https://www.keidanren.or.jp/japanese/policy/2006/087.pdf,2026-09-07,ok,労働・雇用,内部調査・会員アンケート
keidanren_2007_001.txt,keidanren_2007_001,keidanren,経済団体,優先政策事項,2007-01-10,20070110,提言,,公開,https://www.keidanren.or.jp/japanese/policy/2007/001.html,2026-09-07,html_text,マクロ経済・経済財政運営|税制・財政|行政改革・規制改革,主張・提言
keidanren_2007_004.txt,keidanren_2007_004,keidanren,経済団体,「第50回 福利厚生費調査結果（2005年度）」の概要,2007-01-16,20070116,提言,,公開,https://www.keidanren.or.jp/japanese/policy/2007/004.html,2026-09-07,html_text,労働・雇用|社会保障（年金・医療・介護）,内部調査・会員アンケート
keidanren_2007_008.txt,keidanren_2007_008,keidanren,経済団体,2006年度・新卒者採用に関するアンケート調査結果の概要,2007-02-02,20070202,資料,,公開,https://www.keidanren.or.jp/japanese/policy/2007/008.html,2026-09-07,html_text,労働・雇用|人材・教育,内部調査・会員アンケート
keidanren_2007_009.txt,keidanren_2007_009,keidanren,経済団体,ＩＰ時代における通信・放送政策のあり方(中間取りまとめ),2007-02-01,20070201,提言,,公開,https://www.keidanren.or.jp/japanese/policy/2007/009.html,2026-09-07,html_text,デジタル・情報通信|行政改革・規制改革|産業政策・成長戦略,主張・提言
keidanren_2007_011.txt,keidanren_2007_011,keidanren,経済団体,持続可能で国民の満足度の高い医療の実現に向けて,2007-02-20,20070220,提言,,公開,https://www.keidanren.or.jp/japanese/policy/2007/011.html,2026-09-07,html_text,社会保障（年金・医療・介護）,主張・提言
keidanren_2007_013.txt,keidanren_2007_013,keidanren,経済団体,日・スイス経済連携協定の早期締結を求める,2007-02-20,20070220,提言,,公開,https://www.keidanren.or.jp/japanese/policy/2007/013.html,2026-09-07,html_text,通商・国際経済・国際協力|産業政策・成長戦略,主張・提言
keidanren_2007_020.txt,keidanren_2007_020,keidanren,経済団体,イノベーション創出を担う理工系博士の育成と活用を目指して −悪循環を好循環に変える９の方策−,2007-03-20,20070320,提言,,公開,https://www.keidanren.or.jp/japanese/policy/2007/020.html,2026-09-07,html_text,人材・教育|イノベーション・科学技術・スタートアップ,主張・提言
keidanren_2007_021.txt,keidanren_2007_021,keidanren,経済団体,実効ある安全保障貿易管理に向けて制度の再構築を求める,2007-03-20,20070320,提言,,公開,https://www.keidanren.or.jp/japanese/policy/2007/021.html,2026-09-07,html_text,外交・安全保障・経済安全保障|通商・国際経済・国際協力|行政改革・規制改革,主張・提言
keidanren_2007_023.txt,keidanren_2007_023,keidanren,経済団体,環境自主行動計画〔循環型社会形成編〕2006年度フォローアップ調査結果,2007-03-20,20070320,提言,,公開,https://www.keidanren.or.jp/japanese/policy/2007/023/index.html,2026-09-07,html_text,エネルギー・環境|産業政策・成長戦略,内部調査・会員アンケート
keidanren_2007_024.pdf,keidanren_2007_024,keidanren,経済団体,「2006年9月度 退職金・年金に関する実態調査結果」の概要,2007-03-27,20070327,提言,,公開,https://www.keidanren.or.jp/japanese/policy/2007/024.pdf,2026-09-07,ok,労働・雇用|社会保障（年金・医療・介護）,内部調査・会員アンケート
keidanren_2007_026.txt,keidanren_2007_026,keidanren,経済団体,21世紀政策研究所 2007年度事業計画について,2007-03-30,20070330,提言,,公開,https://www.keidanren.or.jp/japanese/policy/2007/026.html,2026-09-07,html_text,行政改革・規制改革|税制・財政|労働・雇用,活動記録
keidanren_2007_029.txt,keidanren_2007_029,keidanren,経済団体,地球温暖化防止対策事例集（2006年度改訂版） 〜CO 2 排出削減900のヒント〜,2007-04-11,20070411,提言,,公開,https://www.keidanren.or.jp/japanese/policy/2007/029.html,2026-09-07,html_text,エネルギー・環境|産業政策・成長戦略,内部調査・会員アンケート
keidanren_2007_030.pdf,keidanren_2007_030,keidanren,経済団体,官民協力による若年者雇用対策の充実について −労働市場のマッチング機能強化に向けて−,2007-04-17,20070417,提言,,公開,https://www.keidanren.or.jp/japanese/policy/2007/030.pdf,2026-09-07,ok,労働・雇用|人材・教育,主張・提言
keidanren_2007_031.pdf,keidanren_2007_031,keidanren,経済団体,世界最先端の電子行政の実現に向けた提言 −ビジョンの共有と官民パートナーシップによる推進を−,2007-04-17,20070417,提言,,公開,https://www.keidanren.or.jp/japanese/policy/2007/031.pdf,2026-09-07,ok,デジタル・情報通信|行政改革・規制改革,主張・提言
keidanren_2007_033.pdf,keidanren_2007_033,keidanren,経済団体,京都議定書後の地球温暖化問題に関する国際枠組構築に向けて,2007-04-17,20070417,提言,,公開,https://www.keidanren.or.jp/japanese/policy/2007/033.pdf,2026-09-07,ok,エネルギー・環境|通商・国際経済・国際協力,主張・提言
keidanren_2007_038.txt,keidanren_2007_038,keidanren,経済団体,規制改革の意義と今後の重点分野・課題,2007-05-15,20070515,提言,,公開,https://www.keidanren.or.jp/japanese/policy/2007/038.html,2026-09-07,html_text,行政改革・規制改革|農林水産・食料|労働・雇用,主張・提言
keidanren_2007_039.txt,keidanren_2007_039,keidanren,経済団体,今後の賃金制度における基本的な考え方 ― 従業員のモチベーションを高める賃金制度の構築に向けて ―,2007-05-15,20070515,提言,,公開,https://www.keidanren.or.jp/japanese/policy/2007/039.html,2026-09-07,html_text,労働・雇用,主張・提言
keidanren_2007_040.txt,keidanren_2007_040,keidanren,経済団体,わが国国際協力政策に対する提言と新ＪＩＣＡへの期待,2007-05-15,20070515,提言,,公開,https://www.keidanren.or.jp/japanese/policy/2007/040.html,2026-09-07,html_text,通商・国際経済・国際協力|外交・安全保障・経済安全保障,主張・提言
keidanren_2007_041.txt,keidanren_2007_041,keidanren,経済団体,教育と企業の連携推進に向けて 〜教育と企業の連携推進ワーキング・グループ中間まとめ〜,2007-05-07,20070507,提言,,公開,https://www.keidanren.or.jp/japanese/policy/2007/041/index.html,2026-09-07,html_text,人材・教育|企業経営・ガバナンス・サステナビリティ,主張・提言
keidanren_2007_047.txt,keidanren_2007_047,keidanren,経済団体,技術の国際標準化に関するアクションプラン,2007-05-15,20070515,提言,,公開,https://www.keidanren.or.jp/japanese/policy/2007/047.html,2026-09-07,html_text,イノベーション・科学技術・スタートアップ|産業政策・成長戦略|通商・国際経済・国際協力,主張・提言
keidanren_2007_050.txt,keidanren_2007_050,keidanren,経済団体,日ＥＵ経済連携協定に関する共同研究の開始を求める,2007-06-12,20070612,提言,,公開,https://www.keidanren.or.jp/japanese/policy/2007/050.html,2026-09-07,html_text,通商・国際経済・国際協力|農林水産・食料,主張・提言
keidanren_2007_051.pdf,keidanren_2007_051,keidanren,経済団体,豊かな生活の実現に向けた経済政策のあり方,2007-06-19,20070619,提言,,公開,https://www.keidanren.or.jp/japanese/policy/2007/051.pdf,2026-09-07,ok,マクロ経済・経済財政運営|労働・雇用|こども・子育て・人口,主張・提言
keidanren_2007_054.txt,keidanren_2007_054,keidanren,経済団体,報告書「地域経済の活性化を担う地元企業の役割」,2007-06-19,20070619,報告書,,公開,https://www.keidanren.or.jp/japanese/policy/2007/054/index.html,2026-09-07,html_text,地域経済・観光・地方創生|中小企業,主張・提言
keidanren_2007_058.txt,keidanren_2007_058,keidanren,経済団体,2007年度日本経団連規制改革要望,2007-06-29,20070629,要望,,公開,https://www.keidanren.or.jp/japanese/policy/2007/058/index.html,2026-09-07,html_text,行政改革・規制改革|国土・住宅・交通・防災|社会保障（年金・医療・介護）,主張・提言
keidanren_2007_060.txt,keidanren_2007_060,keidanren,経済団体,宇宙新時代の幕開けと宇宙産業の国際競争力強化を目指して,2007-07-17,20070717,提言,,公開,https://www.keidanren.or.jp/japanese/policy/2007/060.html,2026-09-07,html_text,イノベーション・科学技術・スタートアップ|産業政策・成長戦略|外交・安全保障・経済安全保障,主張・提言
keidanren_2007_067.pdf,keidanren_2007_067,keidanren,経済団体,2007年3月卒「新規学卒者決定初任給調査結果」の概要,2007-09-03,20070903,提言,,公開,https://www.keidanren.or.jp/japanese/policy/2007/067.pdf,2026-09-07,ok,労働・雇用,内部調査・会員アンケート
keidanren_2007_069.pdf,keidanren_2007_069,keidanren,経済団体,官民連携による健全なインターネット社会の発展に向けて −第２回IGF(インターネット・ガバナンス・フォーラム)への日本の経験の発信−,2007-09-18,20070918,提言,,公開,https://www.keidanren.or.jp/japanese/policy/2007/069/honbun.pdf,2026-09-07,ok,デジタル・情報通信|通商・国際経済・国際協力,主張・提言
keidanren_2007_071.txt,keidanren_2007_071,keidanren,経済団体,国・地方を通じた財政改革に向けて,2007-09-18,20070918,提言,,公開,https://www.keidanren.or.jp/japanese/policy/2007/071/index.html,2026-09-07,html_text,税制・財政|社会保障（年金・医療・介護）|政治・統治機構・憲法,主張・提言
keidanren_2007_072.txt,keidanren_2007_072,keidanren,経済団体,今後のわが国税制のあり方と平成20年度税制改正に関する提言,2007-09-18,20070918,提言,,公開,https://www.keidanren.or.jp/japanese/policy/2007/072/index.html,2026-09-07,html_text,税制・財政,主張・提言
keidanren_2007_080.pdf,keidanren_2007_080,keidanren,経済団体,ポスト京都議定書における地球温暖化防止のための国際枠組に関する提言,2007-10-16,20071016,提言,,公開,https://www.keidanren.or.jp/japanese/policy/2006/089/honbun.pdf,2026-09-07,ok,エネルギー・環境|産業政策・成長戦略,主張・提言
keidanren_2007_081.txt,keidanren_2007_081,keidanren,経済団体,対外経済戦略の構築と推進を求める ―アジアとともに歩む貿易・投資立国を目指して―,2007-10-16,20071016,提言,,公開,https://www.keidanren.or.jp/japanese/policy/2007/081/index.html,2026-09-07,html_text,通商・国際経済・国際協力|税制・財政|産業政策・成長戦略,主張・提言
keidanren_2007_082.txt,keidanren_2007_082,keidanren,経済団体,地球温暖化防止のためのオフィスや家庭部門での取組みフォローアップ調査結果,2007-10-17,20071017,提言,,公開,https://www.keidanren.or.jp/japanese/policy/2007/082.html,2026-09-07,html_text,エネルギー・環境|企業経営・ガバナンス・サステナビリティ,内部調査・会員アンケート
keidanren_2007_087.txt,keidanren_2007_087,keidanren,経済団体,2007年政策評価の発表にあたって,2007-11-12,20071112,提言,,公開,https://www.keidanren.or.jp/japanese/policy/2007/087.html,2026-09-07,html_text,政治・統治機構・憲法,主張・提言
keidanren_2007_091.txt,keidanren_2007_091,keidanren,経済団体,独占禁止法の抜本改正に向けた提言 −審査・不服申立ての国際的イコールフッティングの実現を−,2007-11-20,20071120,提言,,公開,https://www.keidanren.or.jp/japanese/policy/2007/091.html,2026-09-07,html_text,行政改革・規制改革|企業経営・ガバナンス・サステナビリティ,主張・提言
keidanren_2007_096.txt,keidanren_2007_096,keidanren,経済団体,子育てに優しい社会づくりに向けて 〜地域の多様なニーズを踏まえた子育て環境整備に関する提言〜,2007-11-20,20071120,提言,,公開,https://www.keidanren.or.jp/japanese/policy/2007/096.html,2026-09-07,html_text,こども・子育て・人口|社会保障（年金・医療・介護）|労働・雇用,主張・提言
keidanren_2007_097.txt,keidanren_2007_097,keidanren,経済団体,教育課程部会における審議のまとめに対するコメント,2007-12-05,20071205,意見,,公開,https://www.keidanren.or.jp/japanese/policy/2007/097.html,2026-09-07,html_text,人材・教育,主張・提言
keidanren_2007_100.txt,keidanren_2007_100,keidanren,経済団体,建築確認審査の改善を求める要望,2007-12-11,20071211,要望,,公開,https://www.keidanren.or.jp/japanese/policy/2007/100.html,2026-09-07,html_text,国土・住宅・交通・防災|行政改革・規制改革|マクロ経済・経済財政運営,主張・提言
keidanren_2007_102.txt,keidanren_2007_102,keidanren,経済団体,2006年度社会貢献活動実績調査結果,2007-12-18,20071218,提言,,公開,https://www.keidanren.or.jp/japanese/policy/2007/102/index.html,2026-09-07,html_text,企業経営・ガバナンス・サステナビリティ,内部調査・会員アンケート
keidanren_2007_103.txt,keidanren_2007_103,keidanren,経済団体,ＣＳＲ時代の社会貢献活動（中間報告）,2007-12-18,20071218,提言,,公開,https://www.keidanren.or.jp/japanese/policy/2007/103/index.html,2026-09-07,html_text,企業経営・ガバナンス・サステナビリティ,主張・提言
keidanren_2007_104.txt,keidanren_2007_104,keidanren,経済団体,災害被災地支援活動報告,2007-12-18,20071218,提言,,公開,https://www.keidanren.or.jp/japanese/policy/2007/104.html,2026-09-07,html_text,国土・住宅・交通・防災,活動記録
keidanren_2007_106.pdf,keidanren_2007_106,keidanren,経済団体,高度情報通信人材育成の加速化に向けて −ナショナルセンター構想の提案−,2007-12-18,20071218,提言,,公開,https://www.keidanren.or.jp/japanese/policy/2007/106/honbun.pdf,2026-09-07,ok,人材・教育|イノベーション・科学技術・スタートアップ|デジタル・情報通信,主張・提言
keidanren_2007_108.txt,keidanren_2007_108,keidanren,経済団体,ＰＦＩの拡大に向け抜本的な改革を求める,2007-12-18,20071218,提言,,公開,https://www.keidanren.or.jp/japanese/policy/2007/108/index.html,2026-09-07,html_text,行政改革・規制改革|国土・住宅・交通・防災,主張・提言
keidanren_2007_111.pdf,keidanren_2007_111,keidanren,経済団体,「2007年6月度 定期賃金調査結果」の概要 −標準者賃金、役職者賃金−,2007-12-27,20071227,提言,,公開,https://www.keidanren.or.jp/japanese/policy/2007/111.pdf,2026-09-07,ok,労働・雇用,内部調査・会員アンケート
keidanren_2008_001.txt,keidanren_2008_001,keidanren,経済団体,成長創造 〜躍動の10年へ〜,2008-01-01,20080101,提言,,公開,https://www.keidanren.or.jp/japanese/policy/2008/001.html,2026-09-07,html_text,マクロ経済・経済財政運営|産業政策・成長戦略|行政改革・規制改革,主張・提言
keidanren_2008_003.txt,keidanren_2008_003,keidanren,経済団体,2007年度・新卒者採用に関するアンケート調査結果の概要,2008-02-01,20080201,資料,,公開,https://www.keidanren.or.jp/japanese/policy/2008/003.html,2026-09-07,html_text,人材・教育|労働・雇用,内部調査・会員アンケート
keidanren_2008_005.txt,keidanren_2008_005,keidanren,経済団体,通信・放送融合時代における新たな情報通信法制のあり方,2008-02-19,20080219,提言,,公開,https://www.keidanren.or.jp/japanese/policy/2008/005/index.html,2026-09-07,html_text,デジタル・情報通信|行政改革・規制改革,主張・提言
keidanren_2008_010.txt,keidanren_2008_010,keidanren,経済団体,環境自主行動計画〔循環型社会形成編〕2007年度フォローアップ調査結果,2008-03-18,20080318,提言,,公開,https://www.keidanren.or.jp/japanese/policy/2008/010/index.html,2026-09-07,html_text,エネルギー・環境|産業政策・成長戦略,内部調査・会員アンケート
keidanren_2008_016.txt,keidanren_2008_016,keidanren,経済団体,財政健全化に向けた予算制度改革,2008-04-15,20080415,提言,,公開,https://www.keidanren.or.jp/japanese/policy/2008/016/index.html,2026-09-07,html_text,税制・財政|政治・統治機構・憲法|マクロ経済・経済財政運営,主張・提言
keidanren_2008_017.pdf,keidanren_2008_017,keidanren,経済団体,グローバルな投資環境の整備のあり方に関する意見 ―わが国海外投資の法的基盤の整備等に向けて―,2008-04-15,20080415,意見,,公開,https://www.keidanren.or.jp/japanese/policy/2008/017/honbun.pdf,2026-09-07,ok,通商・国際経済・国際協力|税制・財政,主張・提言
keidanren_2008_018.pdf,keidanren_2008_018,keidanren,経済団体,国民視点に立った先進的な電子社会の実現に向けて,2008-04-15,20080415,提言,,公開,https://www.keidanren.or.jp/japanese/policy/2008/018/honbun.pdf,2026-09-07,ok,デジタル・情報通信|行政改革・規制改革|産業政策・成長戦略,主張・提言
keidanren_2008_019.pdf,keidanren_2008_019,keidanren,経済団体,今後の国際協力のあり方について ―戦略的視点の重視と官民連携の強化―,2008-04-15,20080415,提言,,公開,https://www.keidanren.or.jp/japanese/policy/2008/019/honbun.pdf,2026-09-07,ok,通商・国際経済・国際協力|外交・安全保障・経済安全保障|農林水産・食料,主張・提言
keidanren_2008_021.txt,keidanren_2008_021,keidanren,経済団体,未来指向の日韓関係に向けて ―第１回日韓ビジネスサミット・ラウンドテーブルの報告―,2008-04-21,20080421,提言,,公開,https://www.keidanren.or.jp/japanese/policy/2008/021.html,2026-09-07,html_text,通商・国際経済・国際協力|産業政策・成長戦略|エネルギー・環境,活動記録
keidanren_2008_026.txt,keidanren_2008_026,keidanren,経済団体,国民全員で支えあう社会保障制度を目指して −社会保障制度改革に関する中間とりまとめ−,2008-05-20,20080520,提言,,公開,https://www.keidanren.or.jp/japanese/policy/2008/026/index.html,2026-09-07,html_text,社会保障（年金・医療・介護）|税制・財政,主張・提言
keidanren_2008_028.pdf,keidanren_2008_028,keidanren,経済団体,自立した広域経済圏の形成に向けた提言 −広域連携を通じた地域の競争力向上を目指して−,2008-05-20,20080520,提言,,公開,https://www.keidanren.or.jp/japanese/policy/2008/028/honbun.pdf,2026-09-07,ok,地域経済・観光・地方創生|産業政策・成長戦略|人材・教育,主張・提言
keidanren_2008_029.txt,keidanren_2008_029,keidanren,経済団体,仕事・役割・貢献度を基軸とした賃金制度の構築・運用に向けて,2008-05-20,20080520,提言,,公開,https://www.keidanren.or.jp/japanese/policy/2008/029.html,2026-09-07,html_text,労働・雇用|人材・教育,主張・提言
keidanren_2008_040.txt,keidanren_2008_040,keidanren,経済団体,2007年夏季・冬季「賞与・一時金調査結果」の概要,2008-06-13,20080613,提言,,公開,https://www.keidanren.or.jp/japanese/policy/2008/040.html,2026-09-07,html_text,労働・雇用,内部調査・会員アンケート
keidanren_2008_042.txt,keidanren_2008_042,keidanren,経済団体,全員参加型の低炭素社会の実現に向けて −「省エネ・省CO 2 大国ニッポン」であり続けるために−,2008-06-17,20080617,提言,,公開,https://www.keidanren.or.jp/japanese/policy/2008/042/index.html,2026-09-07,html_text,エネルギー・環境|産業政策・成長戦略|農林水産・食料,主張・提言
keidanren_2008_043.txt,keidanren_2008_043,keidanren,経済団体,新型インフルエンザ対策に関する提言 −国民の健康と安全確保に向けて実効ある対策を−,2008-06-17,20080617,提言,,公開,https://www.keidanren.or.jp/japanese/policy/2008/043.html,2026-09-07,html_text,社会保障（年金・医療・介護）|労働・雇用|国土・住宅・交通・防災,主張・提言
keidanren_2008_048.txt,keidanren_2008_048,keidanren,経済団体,第３回ＩＧＦ(インターネット・ガバナンス・フォーラム)への提言 −インターネットの諸課題とその将来−,2008-07-15,20080715,提言,,公開,https://www.keidanren.or.jp/japanese/policy/2008/048.html,2026-09-07,html_text,デジタル・情報通信|通商・国際経済・国際協力|エネルギー・環境,主張・提言
keidanren_2008_049.txt,keidanren_2008_049,keidanren,経済団体,アジアにおいて求められる人材マネジメント 〜 働きがいのある企業であるために 〜,2008-07-15,20080715,提言,,公開,https://www.keidanren.or.jp/japanese/policy/2008/049/index.html,2026-09-07,html_text,人材・教育|通商・国際経済・国際協力|労働・雇用,内部調査・会員アンケート
keidanren_2008_059.txt,keidanren_2008_059,keidanren,経済団体,2008年3月卒「新規学卒者決定初任給調査結果」の概要,2008-09-09,20080909,提言,,公開,https://www.keidanren.or.jp/japanese/policy/2008/059.html,2026-09-07,html_text,労働・雇用|人材・教育,内部調査・会員アンケート
keidanren_2008_061.txt,keidanren_2008_061,keidanren,経済団体,平成21年度税制改正に関する提言,2008-09-16,20080916,提言,,公開,https://www.keidanren.or.jp/japanese/policy/2008/061/index.html,2026-09-07,html_text,税制・財政|マクロ経済・経済財政運営|通商・国際経済・国際協力,主張・提言
keidanren_2008_062.txt,keidanren_2008_062,keidanren,経済団体,豊かさを実感できる住生活の実現に向けた提言,2008-09-16,20080916,提言,,公開,https://www.keidanren.or.jp/japanese/policy/2008/062/index.html,2026-09-07,html_text,国土・住宅・交通・防災|税制・財政,主張・提言
keidanren_2008_063.txt,keidanren_2008_063,keidanren,経済団体,観光立国の早期実現に向けて,2008-09-16,20080916,提言,,公開,https://www.keidanren.or.jp/japanese/policy/2008/063/index.html,2026-09-07,html_text,地域経済・観光・地方創生|行政改革・規制改革|通商・国際経済・国際協力,主張・提言
keidanren_2008_065.txt,keidanren_2008_065,keidanren,経済団体,2008年政策評価,2008-09-17,20080917,提言,,公開,https://www.keidanren.or.jp/japanese/policy/2008/065.html,2026-09-07,html_text,政治・統治機構・憲法,主張・提言
keidanren_2008_068.pdf,keidanren_2008_068,keidanren,経済団体,税・財政・社会保障制度の一体改革に関する提言 〜安心で活力ある経済社会の実現に向けて〜,2008-10-02,20081002,提言,,公開,https://www.keidanren.or.jp/japanese/policy/2008/068/honbun.pdf,2026-09-07,ok,税制・財政|社会保障（年金・医療・介護）|こども・子育て・人口,主張・提言
keidanren_2008_070.txt,keidanren_2008_070,keidanren,経済団体,首都直下地震にいかに備えるか ―事業の早期復旧・継続に向けた課題と対策―（中間とりまとめ）,2008-10-14,20081014,提言,,公開,https://www.keidanren.or.jp/japanese/policy/2008/070/index.html,2026-09-07,html_text,国土・住宅・交通・防災|企業経営・ガバナンス・サステナビリティ,主張・提言
keidanren_2008_071.txt,keidanren_2008_071,keidanren,経済団体,会計基準の国際的な統一化へのわが国の対応,2008-10-14,20081014,提言,,公開,https://www.keidanren.or.jp/japanese/policy/2008/071/index.html,2026-09-07,html_text,金融・資本市場|企業経営・ガバナンス・サステナビリティ,主張・提言
keidanren_2008_074.txt,keidanren_2008_074,keidanren,経済団体,地球温暖化防止のためのオフィスや家庭部門での取組みフォローアップ調査結果,2008-10-16,20081016,提言,,公開,https://www.keidanren.or.jp/japanese/policy/2008/074.html,2026-09-07,html_text,エネルギー・環境,内部調査・会員アンケート
keidanren_2008_082.txt,keidanren_2008_082,keidanren,経済団体,実効的な電子行政の実現に向けた推進体制と法制度のあり方について,2008-11-18,20081118,提言,,公開,https://www.keidanren.or.jp/japanese/policy/2008/082/index.html,2026-09-07,html_text,デジタル・情報通信|行政改革・規制改革,主張・提言
keidanren_2008_084.txt,keidanren_2008_084,keidanren,経済団体,ポスト京都議定書の国際枠組に関する提言 −COP14に向けた産業界の見解−,2008-11-18,20081118,提言,,公開,https://www.keidanren.or.jp/japanese/policy/2008/084.html,2026-09-07,html_text,エネルギー・環境|通商・国際経済・国際協力|産業政策・成長戦略,主張・提言
keidanren_2008_097.pdf,keidanren_2008_097,keidanren,経済団体,「2008年6月度 定期賃金調査結果」の概要 −標準者賃金、役職者賃金−,2008-12-17,20081217,提言,,公開,https://www.keidanren.or.jp/japanese/policy/2008/097.pdf,2026-09-07,ok,労働・雇用,内部調査・会員アンケート
keidanren_2008_098.txt,keidanren_2008_098,keidanren,経済団体,2007年度社会貢献活動実績調査結果,2008-12-25,20081225,提言,,公開,https://www.keidanren.or.jp/japanese/policy/2008/098/index.html,2026-09-07,html_text,企業経営・ガバナンス・サステナビリティ,内部調査・会員アンケート
keidanren_2009_006.pdf,keidanren_2009_006,keidanren,経済団体,東アジア経済統合のあり方に関する考え方 −経済連携ネットワークの構築を通じて、東アジアの将来を創造する−,2009-01-20,20090120,提言,,公開,https://www.keidanren.or.jp/japanese/policy/2009/006/honbun.pdf,2026-09-07,ok,通商・国際経済・国際協力|産業政策・成長戦略|エネルギー・環境,主張・提言
keidanren_2009_009.txt,keidanren_2009_009,keidanren,経済団体,日本版ニューディールの推進を求める −雇用の安定・創出と成長力強化につながる国家的プロジェクトの実施−,2009-02-09,20090209,提言,,公開,https://www.keidanren.or.jp/japanese/policy/2009/009.html,2026-09-07,html_text,労働・雇用|産業政策・成長戦略|マクロ経済・経済財政運営,主張・提言
keidanren_2009_011.txt,keidanren_2009_011,keidanren,経済団体,国民全体で支えあう持続可能な社会保障制度を目指して −安心・安全な未来と負担の設計−,2009-02-17,20090217,提言,,公開,https://www.keidanren.or.jp/japanese/policy/2009/011/index.html,2026-09-07,html_text,社会保障（年金・医療・介護）|税制・財政|こども・子育て・人口,主張・提言
keidanren_2009_012.txt,keidanren_2009_012,keidanren,経済団体,少子化対策についての提言 −国の最重要課題として位置づけ、財政の重点的な投入を求める−,2009-02-17,20090217,提言,,公開,https://www.keidanren.or.jp/japanese/policy/2009/012/index.html,2026-09-07,html_text,こども・子育て・人口|税制・財政|社会保障（年金・医療・介護）,主張・提言
keidanren_2009_013.txt,keidanren_2009_013,keidanren,経済団体,戦略的宇宙基本計画の策定と実効ある推進体制の整備を求める,2009-02-17,20090217,提言,,公開,https://www.keidanren.or.jp/japanese/policy/2009/013.html,2026-09-07,html_text,産業政策・成長戦略|イノベーション・科学技術・スタートアップ|外交・安全保障・経済安全保障,主張・提言
keidanren_2009_021.pdf,keidanren_2009_021,keidanren,経済団体,首都直下地震にいかに備えるか −企業努力と行政・地域との連携強化に向けて−,2009-03-17,20090317,提言,,公開,https://www.keidanren.or.jp/japanese/policy/2009/021/honbun.pdf,2026-09-07,ok,国土・住宅・交通・防災|企業経営・ガバナンス・サステナビリティ,主張・提言
keidanren_2009_022.txt,keidanren_2009_022,keidanren,経済団体,環境自主行動計画〔循環型社会形成編〕 −2008年度フォローアップ調査結果−,2009-03-17,20090317,提言,,公開,https://www.keidanren.or.jp/japanese/policy/2009/022/index.html,2026-09-07,html_text,エネルギー・環境|産業政策・成長戦略,内部調査・会員アンケート
keidanren_2009_023.pdf,keidanren_2009_023,keidanren,経済団体,わが国の総合的な食料供給力強化に向けた提言,2009-03-17,20090317,提言,,公開,https://www.keidanren.or.jp/japanese/policy/2009/023/honbun.pdf,2026-09-07,ok,農林水産・食料|産業政策・成長戦略|中小企業,主張・提言
keidanren_2009_024.pdf,keidanren_2009_024,keidanren,経済団体,今後の財政運営のあり方,2009-03-17,20090317,提言,,公開,https://www.keidanren.or.jp/japanese/policy/2009/024/honbun.pdf,2026-09-07,ok,税制・財政|マクロ経済・経済財政運営|行政改革・規制改革,主張・提言
keidanren_2009_026.txt,keidanren_2009_026,keidanren,経済団体,日本経団連生物多様性宣言,2009-03-17,20090317,提言,,公開,https://www.keidanren.or.jp/japanese/policy/2009/026.html,2026-09-07,html_text,エネルギー・環境|企業経営・ガバナンス・サステナビリティ,主張・提言
keidanren_2009_029.pdf,keidanren_2009_029,keidanren,経済団体,「2008年9月度 退職金・年金に関する実態調査結果」の概要,2009-03-31,20090331,提言,,公開,https://www.keidanren.or.jp/japanese/policy/2009/029.pdf,2026-09-07,ok,労働・雇用|社会保障（年金・医療・介護）,内部調査・会員アンケート
keidanren_2009_030.txt,keidanren_2009_030,keidanren,経済団体,企業会計審議会企画調整部会「我が国における国際会計基準の取扱いについて（中間報告）(案)」に関するコメント,2009-04-06,20090406,意見,,公開,https://www.keidanren.or.jp/japanese/policy/2009/030.html,2026-09-07,html_text,金融・資本市場|企業経営・ガバナンス・サステナビリティ,主張・提言
keidanren_2009_031.txt,keidanren_2009_031,keidanren,経済団体,「世界最先端研究支援強化プログラム」(仮称)の創設について,2009-04-06,20090406,提言,,公開,https://www.keidanren.or.jp/japanese/policy/2009/031.html,2026-09-07,html_text,イノベーション・科学技術・スタートアップ|産業政策・成長戦略,主張・提言
keidanren_2009_032.txt,keidanren_2009_032,keidanren,経済団体,安全・安心な住生活と内需拡大の実現に向けた緊急提言,2009-04-06,20090406,提言,,公開,https://www.keidanren.or.jp/japanese/policy/2009/032.html,2026-09-07,html_text,国土・住宅・交通・防災|税制・財政|マクロ経済・経済財政運営,主張・提言
keidanren_2009_033.txt,keidanren_2009_033,keidanren,経済団体,官民連携を梃子に国際協力の戦略的・機動的な展開を求める,2009-04-08,20090408,提言,,公開,https://www.keidanren.or.jp/japanese/policy/2009/033.html,2026-09-07,html_text,通商・国際経済・国際協力|外交・安全保障・経済安全保障,主張・提言
keidanren_2009_034.txt,keidanren_2009_034,keidanren,経済団体,2008年度・新卒者採用に関するアンケート調査結果の概要,2009-04-10,20090410,資料,,公開,https://www.keidanren.or.jp/japanese/policy/2009/034.html,2026-09-07,html_text,労働・雇用|人材・教育,内部調査・会員アンケート
keidanren_2009_036.pdf,keidanren_2009_036,keidanren,経済団体,競争力人材の育成と確保に向けて,2009-04-14,20090414,提言,,公開,https://www.keidanren.or.jp/japanese/policy/2009/036/honbun.pdf,2026-09-07,ok,人材・教育|労働・雇用|産業政策・成長戦略,主張・提言
keidanren_2009_037.pdf,keidanren_2009_037,keidanren,経済団体,日・ＥＵ経済統合の実現を目指して −日・ＥＵ ＥＰＡに関する第二次提言−,2009-04-14,20090414,提言,,公開,https://www.keidanren.or.jp/japanese/policy/2009/037/honbun.pdf,2026-09-07,ok,通商・国際経済・国際協力|産業政策・成長戦略|行政改革・規制改革,主張・提言
keidanren_2009_038.pdf,keidanren_2009_038,keidanren,経済団体,より良いコーポレート・ガバナンスをめざして 【主要論点の中間整理】,2009-04-14,20090414,提言,,公開,https://www.keidanren.or.jp/japanese/policy/2009/038.pdf,2026-09-07,ok,企業経営・ガバナンス・サステナビリティ,主張・提言
keidanren_2009_043.txt,keidanren_2009_043,keidanren,経済団体,新ＩＴ戦略の策定に向けて,2009-05-12,20090512,提言,,公開,https://www.keidanren.or.jp/japanese/policy/2009/043/index.html,2026-09-07,html_text,デジタル・情報通信|産業政策・成長戦略|行政改革・規制改革,主張・提言
keidanren_2009_044.txt,keidanren_2009_044,keidanren,経済団体,ポスト京都議定書におけるわが国の中期目標に関する意見,2009-05-12,20090512,意見,,公開,https://www.keidanren.or.jp/japanese/policy/2009/044.html,2026-09-07,html_text,エネルギー・環境|マクロ経済・経済財政運営|産業政策・成長戦略,主張・提言
keidanren_2009_064.txt,keidanren_2009_064,keidanren,経済団体,わが国の防衛産業政策の確立に向けた提言,2009-07-14,20090714,提言,,公開,https://www.keidanren.or.jp/japanese/policy/2009/064.html,2026-09-07,html_text,外交・安全保障・経済安全保障|産業政策・成長戦略,主張・提言
keidanren_2009_068.txt,keidanren_2009_068,keidanren,経済団体,日本・メキシコ経済連携協定の再協議に関する要望,2009-07-22,20090722,要望,,公開,https://www.keidanren.or.jp/japanese/policy/2009/068.html,2026-09-07,html_text,通商・国際経済・国際協力|産業政策・成長戦略,主張・提言
keidanren_2009_070.txt,keidanren_2009_070,keidanren,経済団体,新型インフルエンザ対策に関する企業アンケート結果について −「2009年人事・労務に関するトップ・マネジメント調査」より−,2009-07-30,20090730,資料,,公開,https://www.keidanren.or.jp/japanese/policy/2009/070.html,2026-09-07,html_text,労働・雇用|社会保障（年金・医療・介護）,内部調査・会員アンケート
keidanren_2009_075.pdf,keidanren_2009_075,keidanren,経済団体,CSR（企業の社会的責任）に関するアンケート調査結果,2009-09-15,20090915,資料,,公開,https://www.keidanren.or.jp/japanese/policy/2009/075/honbun.pdf,2026-09-07,ok,企業経営・ガバナンス・サステナビリティ,内部調査・会員アンケート
keidanren_2009_077.pdf,keidanren_2009_077,keidanren,経済団体,2009年3月卒「新規学卒者決定初任給調査結果」の概要,2009-09-29,20090929,提言,,公開,https://www.keidanren.or.jp/japanese/policy/2009/077.pdf,2026-09-07,ok,人材・教育|労働・雇用,内部調査・会員アンケート
keidanren_2009_079.pdf,keidanren_2009_079,keidanren,経済団体,平成22年度税制改正に関する提言,2009-10-02,20091002,提言,,公開,https://www.keidanren.or.jp/japanese/policy/2009/079/honbun.pdf,2026-09-07,ok,税制・財政,主張・提言
keidanren_2009_083.txt,keidanren_2009_083,keidanren,経済団体,安心で信頼できる社会保障制度の確立に向けて,2009-10-20,20091020,提言,,公開,https://www.keidanren.or.jp/japanese/policy/2009/083.html,2026-09-07,html_text,社会保障（年金・医療・介護）|税制・財政|こども・子育て・人口,主張・提言
keidanren_2009_084.txt,keidanren_2009_084,keidanren,経済団体,改めて道州制の早期実現を求める,2009-10-20,20091020,提言,,公開,https://www.keidanren.or.jp/japanese/policy/2009/084.html,2026-09-07,html_text,政治・統治機構・憲法|行政改革・規制改革|地域経済・観光・地方創生,主張・提言
keidanren_2009_086.txt,keidanren_2009_086,keidanren,経済団体,公正取引委員会による審判制度の廃止及び審査手続の適正化に向けて,2009-10-20,20091020,提言,,公開,https://www.keidanren.or.jp/japanese/policy/2009/086.html,2026-09-07,html_text,行政改革・規制改革|政治・統治機構・憲法,主張・提言
keidanren_2009_088.txt,keidanren_2009_088,keidanren,経済団体,危機を乗り越え、アジアから世界経済の成長を切り拓く,2009-10-20,20091020,提言,,公開,https://www.keidanren.or.jp/japanese/policy/2009/088.html,2026-09-07,html_text,通商・国際経済・国際協力|産業政策・成長戦略|エネルギー・環境,主張・提言
keidanren_2009_095.txt,keidanren_2009_095,keidanren,経済団体,ICTの利活用による新たな政府の構築に向けて,2009-11-17,20091117,提言,,公開,https://www.keidanren.or.jp/japanese/policy/2009/095.html,2026-09-07,html_text,デジタル・情報通信|行政改革・規制改革,主張・提言
keidanren_2009_096.txt,keidanren_2009_096,keidanren,経済団体,鳥由来の新型インフルエンザ対策の再開・強化を求める,2009-11-17,20091117,提言,,公開,https://www.keidanren.or.jp/japanese/policy/2009/096.html,2026-09-07,html_text,国土・住宅・交通・防災|労働・雇用,主張・提言
keidanren_2009_097.txt,keidanren_2009_097,keidanren,経済団体,経済危機からの早期脱却と生活の安心・充実に向けた財政政策を望む,2009-11-17,20091117,提言,,公開,https://www.keidanren.or.jp/japanese/policy/2009/097.html,2026-09-07,html_text,税制・財政|マクロ経済・経済財政運営|社会保障（年金・医療・介護）,主張・提言
keidanren_2009_098.txt,keidanren_2009_098,keidanren,経済団体,アジア経済の成長アクション・プランの実現に向けて,2009-11-17,20091117,提言,,公開,https://www.keidanren.or.jp/japanese/policy/2009/098.html,2026-09-07,html_text,通商・国際経済・国際協力|金融・資本市場|産業政策・成長戦略,主張・提言
keidanren_2009_099.pdf,keidanren_2009_099,keidanren,経済団体,日・ＥＵ経済統合協定交渉の開始を求める −日・ＥＵ ＥＰＡに関する第三次提言−,2009-11-17,20091117,提言,,公開,https://www.keidanren.or.jp/japanese/policy/2009/099honbun.pdf,2026-09-07,ok,通商・国際経済・国際協力|産業政策・成長戦略,主張・提言
keidanren_2009_100.txt,keidanren_2009_100,keidanren,経済団体,ＰＦＩのさらなる活用を求める −行政の無駄削減と人に優しい行政サービスの提供に向けて−,2009-11-17,20091117,提言,,公開,https://www.keidanren.or.jp/japanese/policy/2009/100.html,2026-09-07,html_text,行政改革・規制改革|国土・住宅・交通・防災,主張・提言
keidanren_2009_103.txt,keidanren_2009_103,keidanren,経済団体,新たな少子化社会対策大綱「子ども・子育てビジョン（仮称）」に対する意見,2009-11-24,20091124,意見,,公開,https://www.keidanren.or.jp/japanese/policy/2009/103.html,2026-09-07,html_text,こども・子育て・人口|労働・雇用,主張・提言
keidanren_2009_105.txt,keidanren_2009_105,keidanren,経済団体,アラブ諸国との経済関係の強化に向けた考え方,2009-12-07,20091207,提言,,公開,https://www.keidanren.or.jp/japanese/policy/2009/105.html,2026-09-07,html_text,通商・国際経済・国際協力|産業政策・成長戦略|労働・雇用,主張・提言
keidanren_2009_106.txt,keidanren_2009_106,keidanren,経済団体,2008年度社会貢献活動実績調査結果,2009-12-15,20091215,提言,,公開,https://www.keidanren.or.jp/japanese/policy/2009/106/index.html,2026-09-07,html_text,企業経営・ガバナンス・サステナビリティ,内部調査・会員アンケート
keidanren_2009_107.txt,keidanren_2009_107,keidanren,経済団体,経団連 低炭素社会実行計画 Keidanren's Commitment to a Low Carbon Society,2009-12-15,20091215,提言,,公開,https://www.keidanren.or.jp/japanese/policy/2009/107.html,2026-09-07,html_text,エネルギー・環境|産業政策・成長戦略,主張・提言
keidanren_2009_108.txt,keidanren_2009_108,keidanren,経済団体,科学・技術・イノベーションの中期政策に関する提言,2009-12-15,20091215,提言,,公開,https://www.keidanren.or.jp/japanese/policy/2009/108/index.html,2026-09-07,html_text,イノベーション・科学技術・スタートアップ|人材・教育,主張・提言
keidanren_2009_109.pdf,keidanren_2009_109,keidanren,経済団体,経済危機脱却後を見据えた新たな成長戦略 −新たな需要が期待される５つの分野と持続的な成長を支える政策の３本柱−,2009-12-15,20091215,提言,,公開,https://www.keidanren.or.jp/japanese/policy/2009/109/honbun.pdf,2026-09-07,ok,産業政策・成長戦略|エネルギー・環境|デジタル・情報通信,主張・提言
keidanren_2009_113.txt,keidanren_2009_113,keidanren,経済団体,高度情報通信人材育成の取り組みについて,2009-12-18,20091218,提言,,公開,https://www.keidanren.or.jp/japanese/policy/2009/113.html,2026-09-07,html_text,人材・教育|デジタル・情報通信|イノベーション・科学技術・スタートアップ,主張・提言
keidanren_2010_007.txt,keidanren_2010_007,keidanren,経済団体,国際海上コンテナの安全輸送と物流円滑化に向けて,2010-02-16,20100216,提言,,公開,https://www.keidanren.or.jp/japanese/policy/2010/007.html,2026-09-07,html_text,国土・住宅・交通・防災|産業政策・成長戦略|通商・国際経済・国際協力,主張・提言
keidanren_2010_008.txt,keidanren_2010_008,keidanren,経済団体,観光立国を担う人材の育成に向けて 〜産学官の連携強化を〜,2010-02-16,20100216,提言,,公開,https://www.keidanren.or.jp/japanese/policy/2010/008.html,2026-09-07,html_text,地域経済・観光・地方創生|人材・教育|産業政策・成長戦略,主張・提言
keidanren_2010_009.txt,keidanren_2010_009,keidanren,経済団体,新たな食料・農業・農村基本計画に望む 〜農業を日本の成長産業として確立するために〜,2010-02-16,20100216,提言,,公開,https://www.keidanren.or.jp/japanese/policy/2010/009/index.html,2026-09-07,html_text,農林水産・食料|産業政策・成長戦略|通商・国際経済・国際協力,主張・提言
keidanren_2010_013.pdf,keidanren_2010_013,keidanren,経済団体,新しい社会と成長を支えるICT戦略のあり方,2010-03-08,20100308,提言,,公開,https://www.keidanren.or.jp/japanese/policy/2010/013/honbun.pdf,2026-09-07,ok,デジタル・情報通信|産業政策・成長戦略|人材・教育,主張・提言
keidanren_2010_014.pdf,keidanren_2010_014,keidanren,経済団体,「イノベーション立国」に向けた今後の知財政策・制度のあり方,2010-03-16,20100316,提言,,公開,https://www.keidanren.or.jp/japanese/policy/2010/014/honbun.pdf,2026-09-07,ok,イノベーション・科学技術・スタートアップ|産業政策・成長戦略,主張・提言
keidanren_2010_017.pdf,keidanren_2010_017,keidanren,経済団体,わが国の持続的成長につながる大胆な都市戦略を望む,2010-03-16,20100316,提言,,公開,https://www.keidanren.or.jp/japanese/policy/2010/017honbun.pdf,2026-09-07,ok,国土・住宅・交通・防災|地域経済・観光・地方創生|産業政策・成長戦略,主張・提言
keidanren_2010_018.pdf,keidanren_2010_018,keidanren,経済団体,住生活の向上につながる成長戦略を求める,2010-03-16,20100316,提言,,公開,https://www.keidanren.or.jp/japanese/policy/2010/018honbun.pdf,2026-09-07,ok,国土・住宅・交通・防災|税制・財政|産業政策・成長戦略,主張・提言
keidanren_2010_019.txt,keidanren_2010_019,keidanren,経済団体,グリーン・イノベーションによる成長の実現を目指して −環境分野における新成長戦略等への提言−,2010-03-16,20100316,提言,,公開,https://www.keidanren.or.jp/japanese/policy/2010/019.html,2026-09-07,html_text,エネルギー・環境|イノベーション・科学技術・スタートアップ|産業政策・成長戦略,主張・提言
keidanren_2010_020.txt,keidanren_2010_020,keidanren,経済団体,豊かなアジアを築く広域インフラ整備の推進を求める,2010-03-16,20100316,提言,,公開,https://www.keidanren.or.jp/japanese/policy/2010/020.html,2026-09-07,html_text,通商・国際経済・国際協力|国土・住宅・交通・防災|産業政策・成長戦略,主張・提言
keidanren_2010_021.txt,keidanren_2010_021,keidanren,経済団体,豊かなアジアを築く金融協力の推進を求める 〜債券市場整備でアジアの成長を支える〜,2010-03-16,20100316,提言,,公開,https://www.keidanren.or.jp/japanese/policy/2010/021.html,2026-09-07,html_text,金融・資本市場|通商・国際経済・国際協力,主張・提言
keidanren_2010_025.pdf,keidanren_2010_025,keidanren,経済団体,「2009年6月度 定期賃金調査結果」の概要,2010-03-24,20100324,提言,,公開,https://www.keidanren.or.jp/japanese/policy/2010/025.pdf,2026-09-07,ok,労働・雇用,内部調査・会員アンケート
keidanren_2010_028.pdf,keidanren_2010_028,keidanren,経済団体,豊かで活力ある国民生活を目指して 〜経団連 成長戦略 2010〜,2010-04-13,20100413,提言,,公開,https://www.keidanren.or.jp/japanese/policy/2010/028/honbun.pdf,2026-09-07,ok,産業政策・成長戦略|社会保障（年金・医療・介護）|マクロ経済・経済財政運営,主張・提言
keidanren_2010_029.pdf,keidanren_2010_029,keidanren,経済団体,国家戦略としての宇宙開発利用の推進に向けた提言,2010-04-12,20100412,提言,,公開,https://www.keidanren.or.jp/japanese/policy/2010/029honbun.pdf,2026-09-07,ok,イノベーション・科学技術・スタートアップ|産業政策・成長戦略|外交・安全保障・経済安全保障,主張・提言
keidanren_2010_030.txt,keidanren_2010_030,keidanren,経済団体,新卒採用（2010年3月卒業者）に関するアンケート調査結果の概要,2010-04-14,20100414,資料,,公開,https://www.keidanren.or.jp/japanese/policy/2010/030.html,2026-09-07,html_text,労働・雇用|人材・教育,内部調査・会員アンケート
keidanren_2010_032.pdf,keidanren_2010_032,keidanren,経済団体,わが国観光のフロンティアを切り拓く,2010-04-20,20100420,提言,,公開,https://www.keidanren.or.jp/japanese/policy/2010/032/honbun.pdf,2026-09-07,ok,地域経済・観光・地方創生|国土・住宅・交通・防災|産業政策・成長戦略,主張・提言
keidanren_2010_033.pdf,keidanren_2010_033,keidanren,経済団体,海洋立国への成長基盤の構築に向けた提言,2010-04-20,20100420,提言,,公開,https://www.keidanren.or.jp/japanese/policy/2010/033/honbun.pdf,2026-09-07,ok,エネルギー・環境|外交・安全保障・経済安全保障|イノベーション・科学技術・スタートアップ,主張・提言
keidanren_2010_035.txt,keidanren_2010_035,keidanren,経済団体,環境自主行動計画〔循環型社会形成編〕2009年度フォローアップ調査結果,2010-04-20,20100420,提言,,公開,https://www.keidanren.or.jp/japanese/policy/2010/035/index.html,2026-09-07,html_text,エネルギー・環境|産業政策・成長戦略,内部調査・会員アンケート
keidanren_2010_043.txt,keidanren_2010_043,keidanren,経済団体,経営環境の変化にともなう企業と従業員のあり方 〜新たな人事労務マネジメント上の課題と対応策〜,2010-05-18,20100518,提言,,公開,https://www.keidanren.or.jp/japanese/policy/2010/043/index.html,2026-09-07,html_text,労働・雇用|人材・教育|企業経営・ガバナンス・サステナビリティ,主張・提言
keidanren_2010_046.txt,keidanren_2010_046,keidanren,経済団体,著作権法における一般的権利制限規定について,2010-05-24,20100524,提言,,公開,https://www.keidanren.or.jp/japanese/policy/2010/046.html,2026-09-07,html_text,デジタル・情報通信|イノベーション・科学技術・スタートアップ|産業政策・成長戦略,主張・提言
